w1,w2,w3,support,count
N01,N03,N27,0.006530612244897959,8
N03,N08,N27,0.006530612244897959,8
N03,N20,N44,0.006530612244897959,8
N33,N37,N40,0.006530612244897959,8
N02,N25,N28,0.005714285714285714,7
N03,N12,N13,0.005714285714285714,7
N03,N20,N24,0.005714285714285714,7
N03,N32,N45,0.005714285714285714,7
N06,N11,N17,0.005714285714285714,7
N06,N18,N38,0.005714285714285714,7
N06,N37,N38,0.005714285714285714,7
N08,N18,N45,0.005714285714285714,7
N08,N19,N21,0.005714285714285714,7
N12,N15,N24,0.005714285714285714,7
N12,N15,N34,0.005714285714285714,7
N12,N33,N40,0.005714285714285714,7
N12,N34,N42,0.005714285714285714,7
N14,N30,N38,0.005714285714285714,7
N15,N19,N21,0.005714285714285714,7
N15,N28,N34,0.005714285714285714,7
N17,N26,N36,0.005714285714285714,7
N18,N31,N34,0.005714285714285714,7
N19,N21,N45,0.005714285714285714,7
N21,N26,N36,0.005714285714285714,7
N23,N35,N43,0.005714285714285714,7
N24,N27,N35,0.005714285714285714,7
N30,N39,N41,0.005714285714285714,7
N01,N02,N38,0.004897959183673469,6
N01,N09,N12,0.004897959183673469,6
N01,N09,N28,0.004897959183673469,6
N01,N12,N23,0.004897959183673469,6
N01,N28,N41,0.004897959183673469,6
N02,N03,N27,0.004897959183673469,6
N02,N26,N43,0.004897959183673469,6
N03,N08,N42,0.004897959183673469,6
N03,N13,N24,0.004897959183673469,6
N03,N13,N33,0.004897959183673469,6
N03,N15,N22,0.004897959183673469,6
N03,N23,N24,0.004897959183673469,6
N03,N24,N33,0.004897959183673469,6
N03,N33,N36,0.004897959183673469,6
N03,N33,N37,0.004897959183673469,6
N04,N09,N33,0.004897959183673469,6
N04,N12,N24,0.004897959183673469,6
N04,N26,N33,0.004897959183673469,6
N04,N28,N40,0.004897959183673469,6
N04,N33,N40,0.004897959183673469,6
N05,N06,N11,0.004897959183673469,6
N05,N07,N20,0.004897959183673469,6
N05,N12,N26,0.004897959183673469,6
N06,N07,N15,0.004897959183673469,6
N06,N07,N38,0.004897959183673469,6
N06,N13,N28,0.004897959183673469,6
N06,N14,N21,0.004897959183673469,6
N06,N18,N31,0.004897959183673469,6
N06,N19,N21,0.004897959183673469,6
N06,N31,N38,0.004897959183673469,6
N07,N15,N43,0.004897959183673469,6
N07,N18,N23,0.004897959183673469,6
N07,N19,N26,0.004897959183673469,6
N07,N20,N25,0.004897959183673469,6
N07,N22,N40,0.004897959183673469,6
N07,N42,N45,0.004897959183673469,6
N08,N17,N27,0.004897959183673469,6
N08,N19,N25,0.004897959183673469,6
N08,N21,N31,0.004897959183673469,6
N10,N11,N39,0.004897959183673469,6
N10,N16,N41,0.004897959183673469,6
N11,N14,N21,0.004897959183673469,6
N11,N16,N21,0.004897959183673469,6
N11,N17,N21,0.004897959183673469,6
N11,N19,N21,0.004897959183673469,6
N11,N26,N44,0.004897959183673469,6
N11,N29,N44,0.004897959183673469,6
N12,N13,N32,0.004897959183673469,6
N12,N13,N33,0.004897959183673469,6
N12,N24,N27,0.004897959183673469,6
N12,N33,N42,0.004897959183673469,6
N13,N18,N45,0.004897959183673469,6
N13,N29,N39,0.004897959183673469,6
N13,N33,N37,0.004897959183673469,6
N13,N33,N43,0.004897959183673469,6
N13,N33,N45,0.004897959183673469,6
N14,N27,N30,0.004897959183673469,6
N14,N31,N37,0.004897959183673469,6
N14,N31,N40,0.004897959183673469,6
N14,N35,N39,0.004897959183673469,6
N15,N21,N34,0.004897959183673469,6
N16,N24,N44,0.004897959183673469,6
N16,N25,N31,0.004897959183673469,6
N16,N25,N36,0.004897959183673469,6
N16,N27,N35,0.004897959183673469,6
N16,N31,N36,0.004897959183673469,6
N16,N37,N38,0.004897959183673469,6
N17,N20,N35,0.004897959183673469,6
N17,N30,N31,0.004897959183673469,6
N17,N34,N45,0.004897959183673469,6
N18,N30,N34,0.004897959183673469,6
N18,N30,N41,0.004897959183673469,6
N18,N31,N38,0.004897959183673469,6
N19,N21,N34,0.004897959183673469,6
N19,N23,N45,0.004897959183673469,6
N19,N25,N28,0.004897959183673469,6
N20,N26,N35,0.004897959183673469,6
N21,N30,N35,0.004897959183673469,6
N21,N34,N44,0.004897959183673469,6
N23,N29,N44,0.004897959183673469,6
N23,N30,N34,0.004897959183673469,6
N26,N27,N42,0.004897959183673469,6
N27,N29,N40,0.004897959183673469,6
N27,N38,N40,0.004897959183673469,6
N28,N42,N45,0.004897959183673469,6
N30,N39,N43,0.004897959183673469,6
N32,N33,N40,0.004897959183673469,6
N32,N40,N41,0.004897959183673469,6
N34,N42,N45,0.004897959183673469,6
N35,N43,N45,0.004897959183673469,6
N01,N02,N16,0.004081632653061225,5
N01,N02,N19,0.004081632653061225,5
N01,N03,N24,0.004081632653061225,5
N01,N03,N42,0.004081632653061225,5
N01,N03,N45,0.004081632653061225,5
N01,N04,N29,0.004081632653061225,5
N01,N04,N45,0.004081632653061225,5
N01,N05,N34,0.004081632653061225,5
N01,N06,N28,0.004081632653061225,5
N01,N07,N42,0.004081632653061225,5
N01,N09,N17,0.004081632653061225,5
N01,N10,N13,0.004081632653061225,5
N01,N10,N35,0.004081632653061225,5
N01,N15,N42,0.004081632653061225,5
N01,N19,N42,0.004081632653061225,5
N01,N21,N29,0.004081632653061225,5
N01,N26,N28,0.004081632653061225,5
N01,N27,N35,0.004081632653061225,5
N01,N28,N34,0.004081632653061225,5
N01,N28,N45,0.004081632653061225,5
N01,N29,N37,0.004081632653061225,5
N02,N03,N20,0.004081632653061225,5
N02,N04,N20,0.004081632653061225,5
N02,N05,N32,0.004081632653061225,5
N02,N08,N33,0.004081632653061225,5
N02,N11,N39,0.004081632653061225,5
N02,N13,N28,0.004081632653061225,5
N02,N14,N22,0.004081632653061225,5
N02,N15,N22,0.004081632653061225,5
N02,N15,N23,0.004081632653061225,5
N02,N15,N34,0.004081632653061225,5
N02,N17,N24,0.004081632653061225,5
N02,N19,N42,0.004081632653061225,5
N02,N20,N33,0.004081632653061225,5
N02,N20,N34,0.004081632653061225,5
N02,N25,N36,0.004081632653061225,5
N02,N25,N45,0.004081632653061225,5
N02,N34,N45,0.004081632653061225,5
N03,N04,N20,0.004081632653061225,5
N03,N05,N20,0.004081632653061225,5
N03,N10,N31,0.004081632653061225,5
N03,N10,N36,0.004081632653061225,5
N03,N12,N43,0.004081632653061225,5
N03,N13,N37,0.004081632653061225,5
N03,N16,N44,0.004081632653061225,5
N03,N18,N32,0.004081632653061225,5
N03,N20,N27,0.004081632653061225,5
N03,N20,N35,0.004081632653061225,5
N03,N24,N27,0.004081632653061225,5
N03,N30,N33,0.004081632653061225,5
N03,N30,N34,0.004081632653061225,5
N03,N33,N45,0.004081632653061225,5
N04,N08,N19,0.004081632653061225,5
N04,N08,N27,0.004081632653061225,5
N04,N10,N19,0.004081632653061225,5
N04,N10,N32,0.004081632653061225,5
N04,N11,N20,0.004081632653061225,5
N04,N12,N33,0.004081632653061225,5
N04,N16,N20,0.004081632653061225,5
N04,N16,N40,0.004081632653061225,5
N04,N19,N20,0.004081632653061225,5
N04,N20,N32,0.004081632653061225,5
N04,N23,N29,0.004081632653061225,5
N04,N25,N37,0.004081632653061225,5
N04,N37,N45,0.004081632653061225,5
N04,N42,N45,0.004081632653061225,5
N05,N11,N27,0.004081632653061225,5
N05,N11,N29,0.004081632653061225,5
N05,N11,N33,0.004081632653061225,5
N05,N13,N20,0.004081632653061225,5
N05,N14,N20,0.004081632653061225,5
N05,N14,N32,0.004081632653061225,5
N05,N18,N20,0.004081632653061225,5
N05,N18,N23,0.004081632653061225,5
N05,N18,N42,0.004081632653061225,5
N05,N18,N45,0.004081632653061225,5
N05,N27,N35,0.004081632653061225,5
N05,N29,N34,0.004081632653061225,5
N05,N30,N43,0.004081632653061225,5
N05,N31,N32,0.004081632653061225,5
N05,N34,N44,0.004081632653061225,5
N05,N37,N40,0.004081632653061225,5
N05,N39,N43,0.004081632653061225,5
N06,N07,N19,0.004081632653061225,5
N06,N07,N28,0.004081632653061225,5
N06,N10,N34,0.004081632653061225,5
N06,N10,N38,0.004081632653061225,5
N06,N12,N17,0.004081632653061225,5
N06,N12,N34,0.004081632653061225,5
N06,N13,N16,0.004081632653061225,5
N06,N13,N40,0.004081632653061225,5
N06,N14,N41,0.004081632653061225,5
N06,N17,N18,0.004081632653061225,5
N06,N17,N28,0.004081632653061225,5
N06,N18,N35,0.004081632653061225,5
N06,N19,N34,0.004081632653061225,5
N06,N19,N41,0.004081632653061225,5
N06,N22,N32,0.004081632653061225,5
N06,N22,N35,0.004081632653061225,5
N06,N28,N30,0.004081632653061225,5
N06,N28,N38,0.004081632653061225,5
N06,N30,N38,0.004081632653061225,5
N06,N31,N32,0.004081632653061225,5
N06,N36,N38,0.004081632653061225,5
N06,N38,N39,0.004081632653061225,5
N07,N09,N24,0.004081632653061225,5
N07,N09,N27,0.004081632653061225,5
N07,N09,N35,0.004081632653061225,5
N07,N10,N38,0.004081632653061225,5
N07,N11,N33,0.004081632653061225,5
N07,N12,N15,0.004081632653061225,5
N07,N12,N23,0.004081632653061225,5
N07,N13,N18,0.004081632653061225,5
N07,N19,N23,0.004081632653061225,5
N07,N19,N45,0.004081632653061225,5
N07,N20,N22,0.004081632653061225,5
N07,N22,N34,0.004081632653061225,5
N07,N24,N27,0.004081632653061225,5
N07,N24,N34,0.004081632653061225,5
N07,N24,N36,0.004081632653061225,5
N07,N29,N38,0.004081632653061225,5
N07,N29,N44,0.004081632653061225,5
N07,N33,N40,0.004081632653061225,5
N07,N37,N42,0.004081632653061225,5
N08,N13,N28,0.004081632653061225,5
N08,N13,N36,0.004081632653061225,5
N08,N14,N39,0.004081632653061225,5
N08,N17,N39,0.004081632653061225,5
N08,N18,N39,0.004081632653061225,5
N08,N19,N39,0.004081632653061225,5
N08,N20,N33,0.004081632653061225,5
N08,N21,N39,0.004081632653061225,5
N08,N27,N40,0.004081632653061225,5
N08,N30,N43,0.004081632653061225,5
N08,N31,N36,0.004081632653061225,5
N08,N31,N44,0.004081632653061225,5
N08,N34,N39,0.004081632653061225,5
N08,N36,N39,0.004081632653061225,5
N08,N38,N39,0.004081632653061225,5
N09,N12,N39,0.004081632653061225,5
N09,N16,N28,0.004081632653061225,5
N09,N30,N33,0.004081632653061225,5
N09,N33,N36,0.004081632653061225,5
N09,N39,N43,0.004081632653061225,5
N10,N14,N15,0.004081632653061225,5
N10,N14,N18,0.004081632653061225,5
N10,N14,N36,0.004081632653061225,5
N10,N16,N38,0.004081632653061225,5
N10,N19,N40,0.004081632653061225,5
N10,N20,N41,0.004081632653061225,5
N10,N20,N44,0.004081632653061225,5
N10,N22,N31,0.004081632653061225,5
N10,N29,N31,0.004081632653061225,5
N10,N30,N37,0.004081632653061225,5
N10,N35,N43,0.004081632653061225,5
N10,N40,N43,0.004081632653061225,5
N11,N16,N19,0.004081632653061225,5
N11,N16,N44,0.004081632653061225,5
N11,N18,N21,0.004081632653061225,5
N11,N21,N30,0.004081632653061225,5
N11,N21,N36,0.004081632653061225,5
N11,N21,N45,0.004081632653061225,5
N11,N24,N39,0.004081632653061225,5
N11,N26,N27,0.004081632653061225,5
N11,N26,N28,0.004081632653061225,5
N11,N29,N33,0.004081632653061225,5
N11,N39,N44,0.004081632653061225,5
N12,N14,N39,0.004081632653061225,5
N12,N15,N40,0.004081632653061225,5
N12,N18,N31,0.004081632653061225,5
N12,N20,N26,0.004081632653061225,5
N12,N22,N33,0.004081632653061225,5
N12,N23,N34,0.004081632653061225,5
N12,N29,N33,0.004081632653061225,5
N12,N30,N34,0.004081632653061225,5
N12,N30,N39,0.004081632653061225,5
N12,N30,N43,0.004081632653061225,5
N12,N31,N38,0.004081632653061225,5
N12,N34,N36,0.004081632653061225,5
N12,N37,N40,0.004081632653061225,5
N12,N39,N43,0.004081632653061225,5
N13,N14,N26,0.004081632653061225,5
N13,N18,N31,0.004081632653061225,5
N13,N23,N35,0.004081632653061225,5
N13,N25,N33,0.004081632653061225,5
N13,N26,N34,0.004081632653061225,5
N13,N28,N36,0.004081632653061225,5
N13,N32,N42,0.004081632653061225,5
N13,N37,N38,0.004081632653061225,5
N14,N15,N19,0.004081632653061225,5
N14,N17,N45,0.004081632653061225,5
N14,N18,N21,0.004081632653061225,5
N14,N18,N26,0.004081632653061225,5
N14,N18,N44,0.004081632653061225,5
N14,N19,N43,0.004081632653061225,5
N14,N22,N44,0.004081632653061225,5
N14,N23,N31,0.004081632653061225,5
N14,N26,N36,0.004081632653061225,5
N14,N30,N31,0.004081632653061225,5
N14,N32,N42,0.004081632653061225,5
N14,N33,N40,0.004081632653061225,5
N15,N17,N19,0.004081632653061225,5
N15,N17,N25,0.004081632653061225,5
N15,N19,N34,0.004081632653061225,5
N15,N19,N43,0.004081632653061225,5
N15,N19,N44,0.004081632653061225,5
N15,N21,N41,0.004081632653061225,5
N15,N24,N30,0.004081632653061225,5
N15,N24,N41,0.004081632653061225,5
N15,N25,N43,0.004081632653061225,5
N15,N26,N42,0.004081632653061225,5
N15,N34,N42,0.004081632653061225,5
N16,N17,N36,0.004081632653061225,5
N16,N19,N33,0.004081632653061225,5
N16,N20,N33,0.004081632653061225,5
N16,N23,N24,0.004081632653061225,5
N16,N23,N25,0.004081632653061225,5
N16,N25,N35,0.004081632653061225,5
N16,N33,N40,0.004081632653061225,5
N17,N18,N21,0.004081632653061225,5
N17,N18,N23,0.004081632653061225,5
N17,N20,N31,0.004081632653061225,5
N17,N21,N27,0.004081632653061225,5
N17,N25,N39,0.004081632653061225,5
N17,N26,N27,0.004081632653061225,5
N17,N27,N36,0.004081632653061225,5
N17,N27,N43,0.004081632653061225,5
N17,N35,N39,0.004081632653061225,5
N17,N36,N39,0.004081632653061225,5
N18,N20,N23,0.004081632653061225,5
N18,N21,N26,0.004081632653061225,5
N18,N21,N34,0.004081632653061225,5
N18,N24,N42,0.004081632653061225,5
N18,N31,N32,0.004081632653061225,5
N18,N31,N45,0.004081632653061225,5
N18,N32,N43,0.004081632653061225,5
N18,N39,N45,0.004081632653061225,5
N18,N42,N43,0.004081632653061225,5
N19,N21,N32,0.004081632653061225,5
N19,N26,N27,0.004081632653061225,5
N19,N27,N30,0.004081632653061225,5
N19,N27,N45,0.004081632653061225,5
N19,N34,N41,0.004081632653061225,5
N19,N40,N43,0.004081632653061225,5
N20,N24,N30,0.004081632653061225,5
N20,N35,N40,0.004081632653061225,5
N20,N35,N44,0.004081632653061225,5
N21,N25,N36,0.004081632653061225,5
N21,N34,N41,0.004081632653061225,5
N21,N39,N43,0.004081632653061225,5
N22,N26,N37,0.004081632653061225,5
N22,N34,N36,0.004081632653061225,5
N23,N28,N42,0.004081632653061225,5
N23,N29,N33,0.004081632653061225,5
N24,N33,N38,0.004081632653061225,5
N24,N33,N40,0.004081632653061225,5
N25,N27,N36,0.004081632653061225,5
N25,N29,N36,0.004081632653061225,5
N25,N33,N36,0.004081632653061225,5
N26,N29,N33,0.004081632653061225,5
N26,N31,N36,0.004081632653061225,5
N26,N31,N43,0.004081632653061225,5
N26,N40,N43,0.004081632653061225,5
N27,N29,N36,0.004081632653061225,5
N27,N29,N38,0.004081632653061225,5
N27,N35,N37,0.004081632653061225,5
N28,N30,N45,0.004081632653061225,5
N28,N34,N42,0.004081632653061225,5
N28,N38,N43,0.004081632653061225,5
N29,N38,N44,0.004081632653061225,5
N30,N31,N37,0.004081632653061225,5
N30,N31,N41,0.004081632653061225,5
N30,N33,N34,0.004081632653061225,5
N30,N33,N35,0.004081632653061225,5
N30,N34,N35,0.004081632653061225,5
N31,N33,N40,0.004081632653061225,5
N31,N34,N44,0.004081632653061225,5
N31,N37,N40,0.004081632653061225,5
N31,N42,N43,0.004081632653061225,5
N32,N34,N42,0.004081632653061225,5
N34,N42,N44,0.004081632653061225,5
N35,N36,N44,0.004081632653061225,5
N35,N37,N45,0.004081632653061225,5
N37,N41,N45,0.004081632653061225,5
N37,N43,N45,0.004081632653061225,5
N39,N41,N45,0.004081632653061225,5
N01,N02,N06,0.0032653061224489797,4
N01,N02,N09,0.0032653061224489797,4
N01,N02,N15,0.0032653061224489797,4
N01,N02,N25,0.0032653061224489797,4
N01,N03,N08,0.0032653061224489797,4
N01,N03,N12,0.0032653061224489797,4
N01,N03,N14,0.0032653061224489797,4
N01,N03,N18,0.0032653061224489797,4
N01,N03,N20,0.0032653061224489797,4
N01,N03,N32,0.0032653061224489797,4
N01,N04,N16,0.0032653061224489797,4
N01,N04,N23,0.0032653061224489797,4
N01,N04,N31,0.0032653061224489797,4
N01,N04,N38,0.0032653061224489797,4
N01,N04,N39,0.0032653061224489797,4
N01,N04,N41,0.0032653061224489797,4
N01,N05,N18,0.0032653061224489797,4
N01,N05,N20,0.0032653061224489797,4
N01,N06,N42,0.0032653061224489797,4
N01,N07,N37,0.0032653061224489797,4
N01,N07,N38,0.0032653061224489797,4
N01,N08,N13,0.0032653061224489797,4
N01,N08,N18,0.0032653061224489797,4
N01,N08,N24,0.0032653061224489797,4
N01,N08,N29,0.0032653061224489797,4
N01,N08,N39,0.0032653061224489797,4
N01,N08,N42,0.0032653061224489797,4
N01,N09,N21,0.0032653061224489797,4
N01,N09,N38,0.0032653061224489797,4
N01,N10,N16,0.0032653061224489797,4
N01,N10,N20,0.0032653061224489797,4
N01,N10,N28,0.0032653061224489797,4
N01,N10,N40,0.0032653061224489797,4
N01,N11,N17,0.0032653061224489797,4
N01,N12,N16,0.0032653061224489797,4
N01,N12,N26,0.0032653061224489797,4
N01,N12,N41,0.0032653061224489797,4
N01,N12,N42,0.0032653061224489797,4
N01,N12,N43,0.0032653061224489797,4
N01,N13,N28,0.0032653061224489797,4
N01,N13,N34,0.0032653061224489797,4
N01,N13,N39,0.0032653061224489797,4
N01,N13,N45,0.0032653061224489797,4
N01,N14,N18,0.0032653061224489797,4
N01,N15,N25,0.0032653061224489797,4
N01,N16,N38,0.0032653061224489797,4
N01,N17,N27,0.0032653061224489797,4
N01,N17,N28,0.0032653061224489797,4
N01,N17,N29,0.0032653061224489797,4
N01,N17,N39,0.0032653061224489797,4
N01,N18,N29,0.0032653061224489797,4
N01,N20,N35,0.0032653061224489797,4
N01,N21,N35,0.0032653061224489797,4
N01,N23,N42,0.0032653061224489797,4
N01,N24,N27,0.0032653061224489797,4
N01,N24,N44,0.0032653061224489797,4
N01,N26,N27,0.0032653061224489797,4
N01,N26,N35,0.0032653061224489797,4
N01,N26,N40,0.0032653061224489797,4
N01,N26,N41,0.0032653061224489797,4
N01,N27,N28,0.0032653061224489797,4
N01,N28,N40,0.0032653061224489797,4
N01,N28,N43,0.0032653061224489797,4
N01,N29,N33,0.0032653061224489797,4
N01,N29,N45,0.0032653061224489797,4
N01,N30,N35,0.0032653061224489797,4
N01,N31,N34,0.0032653061224489797,4
N01,N34,N39,0.0032653061224489797,4
N01,N34,N43,0.0032653061224489797,4
N01,N37,N40,0.0032653061224489797,4
N01,N39,N45,0.0032653061224489797,4
N01,N40,N41,0.0032653061224489797,4
N02,N04,N15,0.0032653061224489797,4
N02,N04,N17,0.0032653061224489797,4
N02,N04,N34,0.0032653061224489797,4
N02,N04,N43,0.0032653061224489797,4
N02,N05,N11,0.0032653061224489797,4
N02,N05,N24,0.0032653061224489797,4
N02,N06,N12,0.0032653061224489797,4
N02,N06,N13,0.0032653061224489797,4
N02,N06,N16,0.0032653061224489797,4
N02,N08,N17,0.0032653061224489797,4
N02,N08,N25,0.0032653061224489797,4
N02,N08,N37,0.0032653061224489797,4
N02,N08,N41,0.0032653061224489797,4
N02,N10,N22,0.0032653061224489797,4
N02,N11,N17,0.0032653061224489797,4
N02,N11,N21,0.0032653061224489797,4
N02,N11,N28,0.0032653061224489797,4
N02,N11,N37,0.0032653061224489797,4
N02,N12,N24,0.0032653061224489797,4
N02,N12,N39,0.0032653061224489797,4
N02,N13,N16,0.0032653061224489797,4
N02,N15,N20,0.0032653061224489797,4
N02,N15,N28,0.0032653061224489797,4
N02,N15,N29,0.0032653061224489797,4
N02,N16,N19,0.0032653061224489797,4
N02,N16,N39,0.0032653061224489797,4
N02,N17,N19,0.0032653061224489797,4
N02,N17,N27,0.0032653061224489797,4
N02,N17,N39,0.0032653061224489797,4
N02,N20,N27,0.0032653061224489797,4
N02,N21,N34,0.0032653061224489797,4
N02,N25,N26,0.0032653061224489797,4
N02,N25,N37,0.0032653061224489797,4
N02,N26,N44,0.0032653061224489797,4
N02,N28,N45,0.0032653061224489797,4
N02,N30,N45,0.0032653061224489797,4
N02,N31,N34,0.0032653061224489797,4
N02,N33,N37,0.0032653061224489797,4
N02,N33,N40,0.0032653061224489797,4
N02,N34,N42,0.0032653061224489797,4
N02,N35,N37,0.0032653061224489797,4
N02,N37,N39,0.0032653061224489797,4
N02,N37,N41,0.0032653061224489797,4
N02,N39,N45,0.0032653061224489797,4
N02,N43,N44,0.0032653061224489797,4
N03,N04,N09,0.0032653061224489797,4
N03,N04,N12,0.0032653061224489797,4
N03,N04,N16,0.0032653061224489797,4
N03,N04,N22,0.0032653061224489797,4
N03,N04,N28,0.0032653061224489797,4
N03,N06,N22,0.0032653061224489797,4
N03,N06,N30,0.0032653061224489797,4
N03,N06,N35,0.0032653061224489797,4
N03,N06,N39,0.0032653061224489797,4
N03,N07,N14,0.0032653061224489797,4
N03,N07,N15,0.0032653061224489797,4
N03,N07,N36,0.0032653061224489797,4
N03,N07,N41,0.0032653061224489797,4
N03,N09,N33,0.0032653061224489797,4
N03,N10,N24,0.0032653061224489797,4
N03,N10,N38,0.0032653061224489797,4
N03,N11,N13,0.0032653061224489797,4
N03,N11,N14,0.0032653061224489797,4
N03,N11,N37,0.0032653061224489797,4
N03,N11,N39,0.0032653061224489797,4
N03,N11,N44,0.0032653061224489797,4
N03,N12,N20,0.0032653061224489797,4
N03,N12,N31,0.0032653061224489797,4
N03,N12,N32,0.0032653061224489797,4
N03,N12,N34,0.0032653061224489797,4
N03,N13,N15,0.0032653061224489797,4
N03,N13,N19,0.0032653061224489797,4
N03,N13,N32,0.0032653061224489797,4
N03,N14,N42,0.0032653061224489797,4
N03,N15,N27,0.0032653061224489797,4
N03,N15,N36,0.0032653061224489797,4
N03,N17,N20,0.0032653061224489797,4
N03,N17,N23,0.0032653061224489797,4
N03,N21,N37,0.0032653061224489797,4
N03,N22,N31,0.0032653061224489797,4
N03,N22,N41,0.0032653061224489797,4
N03,N23,N35,0.0032653061224489797,4
N03,N24,N32,0.0032653061224489797,4
N03,N24,N35,0.0032653061224489797,4
N03,N24,N45,0.0032653061224489797,4
N03,N26,N34,0.0032653061224489797,4
N03,N27,N29,0.0032653061224489797,4
N03,N27,N30,0.0032653061224489797,4
N03,N27,N40,0.0032653061224489797,4
N03,N31,N32,0.0032653061224489797,4
N03,N33,N34,0.0032653061224489797,4
N03,N38,N42,0.0032653061224489797,4
N03,N40,N41,0.0032653061224489797,4
N03,N42,N43,0.0032653061224489797,4
N04,N05,N06,0.0032653061224489797,4
N04,N05,N09,0.0032653061224489797,4
N04,N05,N14,0.0032653061224489797,4
N04,N06,N10,0.0032653061224489797,4
N04,N06,N25,0.0032653061224489797,4
N04,N07,N33,0.0032653061224489797,4
N04,N08,N18,0.0032653061224489797,4
N04,N08,N37,0.0032653061224489797,4
N04,N08,N39,0.0032653061224489797,4
N04,N09,N26,0.0032653061224489797,4
N04,N10,N14,0.0032653061224489797,4
N04,N10,N20,0.0032653061224489797,4
N04,N10,N31,0.0032653061224489797,4
N04,N10,N40,0.0032653061224489797,4
N04,N10,N44,0.0032653061224489797,4
N04,N11,N17,0.0032653061224489797,4
N04,N11,N37,0.0032653061224489797,4
N04,N12,N14,0.0032653061224489797,4
N04,N12,N22,0.0032653061224489797,4
N04,N12,N27,0.0032653061224489797,4
N04,N13,N39,0.0032653061224489797,4
N04,N14,N37,0.0032653061224489797,4
N04,N15,N22,0.0032653061224489797,4
N04,N15,N26,0.0032653061224489797,4
N04,N15,N33,0.0032653061224489797,4
N04,N16,N23,0.0032653061224489797,4
N04,N16,N29,0.0032653061224489797,4
N04,N17,N27,0.0032653061224489797,4
N04,N17,N32,0.0032653061224489797,4
N04,N17,N39,0.0032653061224489797,4
N04,N18,N26,0.0032653061224489797,4
N04,N18,N27,0.0032653061224489797,4
N04,N18,N37,0.0032653061224489797,4
N04,N18,N45,0.0032653061224489797,4
N04,N19,N26,0.0032653061224489797,4
N04,N20,N26,0.0032653061224489797,4
N04,N20,N35,0.0032653061224489797,4
N04,N20,N43,0.0032653061224489797,4
N04,N20,N44,0.0032653061224489797,4
N04,N22,N38,0.0032653061224489797,4
N04,N24,N27,0.0032653061224489797,4
N04,N24,N33,0.0032653061224489797,4
N04,N24,N45,0.0032653061224489797,4
N04,N25,N27,0.0032653061224489797,4
N04,N25,N33,0.0032653061224489797,4
N04,N25,N35,0.0032653061224489797,4
N04,N26,N27,0.0032653061224489797,4
N04,N26,N35,0.0032653061224489797,4
N04,N27,N32,0.0032653061224489797,4
N04,N27,N40,0.0032653061224489797,4
N04,N28,N45,0.0032653061224489797,4
N04,N31,N34,0.0032653061224489797,4
N04,N33,N36,0.0032653061224489797,4
N04,N33,N41,0.0032653061224489797,4
N04,N33,N45,0.0032653061224489797,4
N05,N06,N26,0.0032653061224489797,4
N05,N06,N27,0.0032653061224489797,4
N05,N06,N37,0.0032653061224489797,4
N05,N07,N28,0.0032653061224489797,4
N05,N08,N33,0.0032653061224489797,4
N05,N09,N11,0.0032653061224489797,4
N05,N09,N26,0.0032653061224489797,4
N05,N09,N37,0.0032653061224489797,4
N05,N10,N31,0.0032653061224489797,4
N05,N11,N14,0.0032653061224489797,4
N05,N11,N36,0.0032653061224489797,4
N05,N11,N38,0.0032653061224489797,4
N05,N12,N20,0.0032653061224489797,4
N05,N12,N39,0.0032653061224489797,4
N05,N13,N14,0.0032653061224489797,4
N05,N13,N17,0.0032653061224489797,4
N05,N13,N18,0.0032653061224489797,4
N05,N13,N37,0.0032653061224489797,4
N05,N13,N39,0.0032653061224489797,4
N05,N14,N30,0.0032653061224489797,4
N05,N14,N39,0.0032653061224489797,4
N05,N14,N42,0.0032653061224489797,4
N05,N14,N43,0.0032653061224489797,4
N05,N15,N23,0.0032653061224489797,4
N05,N15,N30,0.0032653061224489797,4
N05,N17,N39,0.0032653061224489797,4
N05,N18,N30,0.0032653061224489797,4
N05,N20,N21,0.0032653061224489797,4
N05,N20,N24,0.0032653061224489797,4
N05,N20,N25,0.0032653061224489797,4
N05,N20,N35,0.0032653061224489797,4
N05,N20,N42,0.0032653061224489797,4
N05,N21,N25,0.0032653061224489797,4
N05,N22,N34,0.0032653061224489797,4
N05,N22,N42,0.0032653061224489797,4
N05,N25,N26,0.0032653061224489797,4
N05,N26,N27,0.0032653061224489797,4
N05,N27,N34,0.0032653061224489797,4
N05,N27,N36,0.0032653061224489797,4
N05,N32,N34,0.0032653061224489797,4
N05,N34,N35,0.0032653061224489797,4
N05,N34,N36,0.0032653061224489797,4
N05,N34,N39,0.0032653061224489797,4
N05,N34,N42,0.0032653061224489797,4
N05,N41,N45,0.0032653061224489797,4
N05,N42,N45,0.0032653061224489797,4
N06,N07,N12,0.0032653061224489797,4
N06,N07,N22,0.0032653061224489797,4
N06,N07,N36,0.0032653061224489797,4
N06,N09,N11,0.0032653061224489797,4
N06,N10,N18,0.0032653061224489797,4
N06,N10,N37,0.0032653061224489797,4
N06,N11,N28,0.0032653061224489797,4
N06,N11,N32,0.0032653061224489797,4
N06,N11,N44,0.0032653061224489797,4
N06,N12,N19,0.0032653061224489797,4
N06,N12,N31,0.0032653061224489797,4
N06,N12,N37,0.0032653061224489797,4
N06,N12,N38,0.0032653061224489797,4
N06,N12,N42,0.0032653061224489797,4
N06,N13,N17,0.0032653061224489797,4
N06,N13,N27,0.0032653061224489797,4
N06,N13,N30,0.0032653061224489797,4
N06,N13,N37,0.0032653061224489797,4
N06,N14,N20,0.0032653061224489797,4
N06,N14,N22,0.0032653061224489797,4
N06,N15,N22,0.0032653061224489797,4
N06,N16,N24,0.0032653061224489797,4
N06,N16,N28,0.0032653061224489797,4
N06,N16,N37,0.0032653061224489797,4
N06,N16,N38,0.0032653061224489797,4
N06,N17,N21,0.0032653061224489797,4
N06,N17,N32,0.0032653061224489797,4
N06,N17,N40,0.0032653061224489797,4
N06,N18,N34,0.0032653061224489797,4
N06,N19,N28,0.0032653061224489797,4
N06,N20,N27,0.0032653061224489797,4
N06,N20,N28,0.0032653061224489797,4
N06,N21,N32,0.0032653061224489797,4
N06,N21,N35,0.0032653061224489797,4
N06,N21,N37,0.0032653061224489797,4
N06,N21,N41,0.0032653061224489797,4
N06,N22,N26,0.0032653061224489797,4
N06,N22,N28,0.0032653061224489797,4
N06,N22,N36,0.0032653061224489797,4
N06,N23,N24,0.0032653061224489797,4
N06,N24,N32,0.0032653061224489797,4
N06,N24,N38,0.0032653061224489797,4
N06,N27,N28,0.0032653061224489797,4
N06,N27,N37,0.0032653061224489797,4
N06,N27,N38,0.0032653061224489797,4
N06,N28,N32,0.0032653061224489797,4
N06,N28,N34,0.0032653061224489797,4
N06,N28,N40,0.0032653061224489797,4
N06,N29,N45,0.0032653061224489797,4
N06,N31,N40,0.0032653061224489797,4
N06,N35,N40,0.0032653061224489797,4
N06,N36,N39,0.0032653061224489797,4
N06,N37,N39,0.0032653061224489797,4
N06,N37,N40,0.0032653061224489797,4
N06,N37,N41,0.0032653061224489797,4
N06,N38,N40,0.0032653061224489797,4
N06,N38,N43,0.0032653061224489797,4
N06,N38,N44,0.0032653061224489797,4
N06,N38,N45,0.0032653061224489797,4
N07,N08,N33,0.0032653061224489797,4
N07,N09,N12,0.0032653061224489797,4
N07,N09,N17,0.0032653061224489797,4
N07,N09,N23,0.0032653061224489797,4
N07,N09,N38,0.0032653061224489797,4
N07,N10,N19,0.0032653061224489797,4
N07,N10,N31,0.0032653061224489797,4
N07,N11,N17,0.0032653061224489797,4
N07,N11,N41,0.0032653061224489797,4
N07,N12,N21,0.0032653061224489797,4
N07,N12,N26,0.0032653061224489797,4
N07,N12,N34,0.0032653061224489797,4
N07,N12,N38,0.0032653061224489797,4
N07,N13,N25,0.0032653061224489797,4
N07,N13,N45,0.0032653061224489797,4
N07,N15,N24,0.0032653061224489797,4
N07,N15,N30,0.0032653061224489797,4
N07,N16,N38,0.0032653061224489797,4
N07,N16,N40,0.0032653061224489797,4
N07,N16,N41,0.0032653061224489797,4
N07,N16,N44,0.0032653061224489797,4
N07,N17,N18,0.0032653061224489797,4
N07,N17,N33,0.0032653061224489797,4
N07,N17,N44,0.0032653061224489797,4
N07,N18,N19,0.0032653061224489797,4
N07,N18,N20,0.0032653061224489797,4
N07,N18,N26,0.0032653061224489797,4
N07,N18,N29,0.0032653061224489797,4
N07,N18,N38,0.0032653061224489797,4
N07,N18,N45,0.0032653061224489797,4
N07,N19,N24,0.0032653061224489797,4
N07,N19,N33,0.0032653061224489797,4
N07,N20,N33,0.0032653061224489797,4
N07,N22,N24,0.0032653061224489797,4
N07,N22,N29,0.0032653061224489797,4
N07,N23,N26,0.0032653061224489797,4
N07,N24,N37,0.0032653061224489797,4
N07,N24,N42,0.0032653061224489797,4
N07,N24,N45,0.0032653061224489797,4
N07,N25,N36,0.0032653061224489797,4
N07,N27,N29,0.0032653061224489797,4
N07,N27,N37,0.0032653061224489797,4
N07,N27,N42,0.0032653061224489797,4
N07,N29,N36,0.0032653061224489797,4
N07,N29,N43,0.0032653061224489797,4
N07,N30,N35,0.0032653061224489797,4
N07,N30,N38,0.0032653061224489797,4
N07,N31,N38,0.0032653061224489797,4
N07,N33,N37,0.0032653061224489797,4
N07,N37,N40,0.0032653061224489797,4
N07,N37,N44,0.0032653061224489797,4
N07,N38,N40,0.0032653061224489797,4
N07,N39,N41,0.0032653061224489797,4
N08,N09,N17,0.0032653061224489797,4
N08,N11,N16,0.0032653061224489797,4
N08,N11,N21,0.0032653061224489797,4
N08,N11,N45,0.0032653061224489797,4
N08,N13,N23,0.0032653061224489797,4
N08,N13,N37,0.0032653061224489797,4
N08,N13,N45,0.0032653061224489797,4
N08,N14,N21,0.0032653061224489797,4
N08,N15,N19,0.0032653061224489797,4
N08,N15,N21,0.0032653061224489797,4
N08,N15,N45,0.0032653061224489797,4
N08,N16,N30,0.0032653061224489797,4
N08,N17,N24,0.0032653061224489797,4
N08,N17,N31,0.0032653061224489797,4
N08,N17,N36,0.0032653061224489797,4
N08,N17,N43,0.0032653061224489797,4
N08,N17,N45,0.0032653061224489797,4
N08,N18,N21,0.0032653061224489797,4
N08,N18,N24,0.0032653061224489797,4
N08,N18,N29,0.0032653061224489797,4
N08,N18,N32,0.0032653061224489797,4
N08,N19,N34,0.0032653061224489797,4
N08,N19,N36,0.0032653061224489797,4
N08,N21,N36,0.0032653061224489797,4
N08,N22,N38,0.0032653061224489797,4
N08,N23,N27,0.0032653061224489797,4
N08,N25,N27,0.0032653061224489797,4
N08,N25,N39,0.0032653061224489797,4
N08,N25,N41,0.0032653061224489797,4
N08,N25,N44,0.0032653061224489797,4
N08,N27,N29,0.0032653061224489797,4
N08,N27,N35,0.0032653061224489797,4
N08,N27,N44,0.0032653061224489797,4
N08,N27,N45,0.0032653061224489797,4
N08,N29,N31,0.0032653061224489797,4
N08,N29,N33,0.0032653061224489797,4
N08,N31,N38,0.0032653061224489797,4
N08,N33,N38,0.0032653061224489797,4
N08,N33,N39,0.0032653061224489797,4
N08,N35,N39,0.0032653061224489797,4
N08,N36,N45,0.0032653061224489797,4
N08,N39,N45,0.0032653061224489797,4
N08,N41,N44,0.0032653061224489797,4
N08,N42,N43,0.0032653061224489797,4
N09,N10,N13,0.0032653061224489797,4
N09,N10,N38,0.0032653061224489797,4
N09,N12,N13,0.0032653061224489797,4
N09,N12,N15,0.0032653061224489797,4
N09,N12,N23,0.0032653061224489797,4
N09,N12,N43,0.0032653061224489797,4
N09,N13,N38,0.0032653061224489797,4
N09,N15,N34,0.0032653061224489797,4
N09,N15,N37,0.0032653061224489797,4
N09,N17,N33,0.0032653061224489797,4
N09,N17,N42,0.0032653061224489797,4
N09,N18,N35,0.0032653061224489797,4
N09,N18,N44,0.0032653061224489797,4
N09,N24,N33,0.0032653061224489797,4
N09,N25,N33,0.0032653061224489797,4
N09,N27,N36,0.0032653061224489797,4
N09,N28,N41,0.0032653061224489797,4
N09,N30,N41,0.0032653061224489797,4
N09,N33,N37,0.0032653061224489797,4
N09,N35,N37,0.0032653061224489797,4
N09,N39,N41,0.0032653061224489797,4
N10,N11,N41,0.0032653061224489797,4
N10,N12,N42,0.0032653061224489797,4
N10,N14,N22,0.0032653061224489797,4
N10,N16,N19,0.0032653061224489797,4
N10,N16,N27,0.0032653061224489797,4
N10,N16,N28,0.0032653061224489797,4
N10,N16,N31,0.0032653061224489797,4
N10,N16,N35,0.0032653061224489797,4
N10,N16,N36,0.0032653061224489797,4
N10,N16,N39,0.0032653061224489797,4
N10,N17,N31,0.0032653061224489797,4
N10,N18,N27,0.0032653061224489797,4
N10,N18,N31,0.0032653061224489797,4
N10,N18,N34,0.0032653061224489797,4
N10,N19,N31,0.0032653061224489797,4
N10,N19,N33,0.0032653061224489797,4
N10,N19,N45,0.0032653061224489797,4
N10,N22,N24,0.0032653061224489797,4
N10,N22,N28,0.0032653061224489797,4
N10,N22,N35,0.0032653061224489797,4
N10,N22,N36,0.0032653061224489797,4
N10,N22,N40,0.0032653061224489797,4
N10,N22,N44,0.0032653061224489797,4
N10,N23,N24,0.0032653061224489797,4
N10,N23,N37,0.0032653061224489797,4
N10,N23,N40,0.0032653061224489797,4
N10,N24,N33,0.0032653061224489797,4
N10,N24,N37,0.0032653061224489797,4
N10,N24,N38,0.0032653061224489797,4
N10,N25,N35,0.0032653061224489797,4
N10,N26,N38,0.0032653061224489797,4
N10,N27,N37,0.0032653061224489797,4
N10,N29,N40,0.0032653061224489797,4
N10,N31,N32,0.0032653061224489797,4
N10,N31,N40,0.0032653061224489797,4
N10,N31,N42,0.0032653061224489797,4
N10,N31,N44,0.0032653061224489797,4
N10,N32,N36,0.0032653061224489797,4
N10,N33,N38,0.0032653061224489797,4
N10,N33,N41,0.0032653061224489797,4
N10,N33,N44,0.0032653061224489797,4
N10,N36,N37,0.0032653061224489797,4
N10,N36,N44,0.0032653061224489797,4
N10,N37,N38,0.0032653061224489797,4
N10,N38,N45,0.0032653061224489797,4
N10,N42,N43,0.0032653061224489797,4
N11,N12,N18,0.0032653061224489797,4
N11,N12,N38,0.0032653061224489797,4
N11,N13,N15,0.0032653061224489797,4
N11,N13,N17,0.0032653061224489797,4
N11,N13,N33,0.0032653061224489797,4
N11,N14,N15,0.0032653061224489797,4
N11,N14,N26,0.0032653061224489797,4
N11,N14,N32,0.0032653061224489797,4
N11,N14,N36,0.0032653061224489797,4
N11,N15,N17,0.0032653061224489797,4
N11,N15,N35,0.0032653061224489797,4
N11,N15,N37,0.0032653061224489797,4
N11,N15,N39,0.0032653061224489797,4
N11,N16,N36,0.0032653061224489797,4
N11,N17,N36,0.0032653061224489797,4
N11,N18,N26,0.0032653061224489797,4
N11,N20,N35,0.0032653061224489797,4
N11,N21,N25,0.0032653061224489797,4
N11,N21,N26,0.0032653061224489797,4
N11,N21,N27,0.0032653061224489797,4
N11,N21,N38,0.0032653061224489797,4
N11,N21,N39,0.0032653061224489797,4
N11,N21,N43,0.0032653061224489797,4
N11,N21,N44,0.0032653061224489797,4
N11,N22,N39,0.0032653061224489797,4
N11,N24,N32,0.0032653061224489797,4
N11,N26,N29,0.0032653061224489797,4
N11,N26,N35,0.0032653061224489797,4
N11,N26,N37,0.0032653061224489797,4
N11,N27,N39,0.0032653061224489797,4
N11,N28,N30,0.0032653061224489797,4
N11,N30,N35,0.0032653061224489797,4
N11,N30,N44,0.0032653061224489797,4
N11,N34,N42,0.0032653061224489797,4
N11,N34,N44,0.0032653061224489797,4
N11,N37,N43,0.0032653061224489797,4
N11,N41,N44,0.0032653061224489797,4
N12,N14,N24,0.0032653061224489797,4
N12,N14,N32,0.0032653061224489797,4
N12,N14,N40,0.0032653061224489797,4
N12,N15,N36,0.0032653061224489797,4
N12,N15,N37,0.0032653061224489797,4
N12,N16,N43,0.0032653061224489797,4
N12,N17,N28,0.0032653061224489797,4
N12,N18,N39,0.0032653061224489797,4
N12,N18,N42,0.0032653061224489797,4
N12,N19,N40,0.0032653061224489797,4
N12,N20,N24,0.0032653061224489797,4
N12,N20,N41,0.0032653061224489797,4
N12,N21,N32,0.0032653061224489797,4
N12,N23,N43,0.0032653061224489797,4
N12,N24,N33,0.0032653061224489797,4
N12,N24,N34,0.0032653061224489797,4
N12,N24,N39,0.0032653061224489797,4
N12,N24,N40,0.0032653061224489797,4
N12,N24,N41,0.0032653061224489797,4
N12,N24,N42,0.0032653061224489797,4
N12,N24,N44,0.0032653061224489797,4
N12,N25,N43,0.0032653061224489797,4
N12,N26,N38,0.0032653061224489797,4
N12,N27,N39,0.0032653061224489797,4
N12,N28,N41,0.0032653061224489797,4
N12,N29,N31,0.0032653061224489797,4
N12,N29,N40,0.0032653061224489797,4
N12,N29,N42,0.0032653061224489797,4
N12,N29,N44,0.0032653061224489797,4
N12,N29,N45,0.0032653061224489797,4
N12,N31,N43,0.0032653061224489797,4
N12,N33,N38,0.0032653061224489797,4
N12,N33,N41,0.0032653061224489797,4
N12,N33,N45,0.0032653061224489797,4
N12,N34,N45,0.0032653061224489797,4
N12,N39,N40,0.0032653061224489797,4
N12,N39,N41,0.0032653061224489797,4
N12,N42,N43,0.0032653061224489797,4
N13,N14,N22,0.0032653061224489797,4
N13,N14,N30,0.0032653061224489797,4
N13,N14,N39,0.0032653061224489797,4
N13,N15,N34,0.0032653061224489797,4
N13,N15,N43,0.0032653061224489797,4
N13,N16,N24,0.0032653061224489797,4
N13,N17,N18,0.0032653061224489797,4
N13,N17,N20,0.0032653061224489797,4
N13,N18,N19,0.0032653061224489797,4
N13,N18,N33,0.0032653061224489797,4
N13,N18,N39,0.0032653061224489797,4
N13,N20,N21,0.0032653061224489797,4
N13,N20,N45,0.0032653061224489797,4
N13,N21,N39,0.0032653061224489797,4
N13,N21,N44,0.0032653061224489797,4
N13,N23,N31,0.0032653061224489797,4
N13,N23,N36,0.0032653061224489797,4
N13,N24,N33,0.0032653061224489797,4
N13,N25,N28,0.0032653061224489797,4
N13,N25,N29,0.0032653061224489797,4
N13,N25,N36,0.0032653061224489797,4
N13,N26,N29,0.0032653061224489797,4
N13,N27,N40,0.0032653061224489797,4
N13,N27,N41,0.0032653061224489797,4
N13,N28,N34,0.0032653061224489797,4
N13,N29,N34,0.0032653061224489797,4
N13,N31,N32,0.0032653061224489797,4
N13,N31,N41,0.0032653061224489797,4
N13,N32,N39,0.0032653061224489797,4
N13,N32,N41,0.0032653061224489797,4
N13,N33,N40,0.0032653061224489797,4
N13,N34,N38,0.0032653061224489797,4
N13,N34,N39,0.0032653061224489797,4
N13,N35,N43,0.0032653061224489797,4
N13,N37,N40,0.0032653061224489797,4
N13,N37,N41,0.0032653061224489797,4
N13,N37,N43,0.0032653061224489797,4
N13,N38,N39,0.0032653061224489797,4
N13,N38,N42,0.0032653061224489797,4
N13,N39,N41,0.0032653061224489797,4
N13,N39,N45,0.0032653061224489797,4
N13,N40,N41,0.0032653061224489797,4
N14,N15,N18,0.0032653061224489797,4
N14,N15,N21,0.0032653061224489797,4
N14,N15,N22,0.0032653061224489797,4
N14,N15,N23,0.0032653061224489797,4
N14,N15,N26,0.0032653061224489797,4
N14,N15,N27,0.0032653061224489797,4
N14,N15,N35,0.0032653061224489797,4
N14,N15,N36,0.0032653061224489797,4
N14,N15,N43,0.0032653061224489797,4
N14,N15,N45,0.0032653061224489797,4
N14,N16,N18,0.0032653061224489797,4
N14,N17,N36,0.0032653061224489797,4
N14,N18,N36,0.0032653061224489797,4
N14,N19,N40,0.0032653061224489797,4
N14,N19,N45,0.0032653061224489797,4
N14,N20,N34,0.0032653061224489797,4
N14,N21,N36,0.0032653061224489797,4
N14,N21,N37,0.0032653061224489797,4
N14,N23,N37,0.0032653061224489797,4
N14,N25,N27,0.0032653061224489797,4
N14,N25,N29,0.0032653061224489797,4
N14,N25,N40,0.0032653061224489797,4
N14,N26,N31,0.0032653061224489797,4
N14,N26,N39,0.0032653061224489797,4
N14,N26,N43,0.0032653061224489797,4
N14,N27,N38,0.0032653061224489797,4
N14,N27,N39,0.0032653061224489797,4
N14,N27,N40,0.0032653061224489797,4
N14,N27,N42,0.0032653061224489797,4
N14,N27,N45,0.0032653061224489797,4
N14,N28,N30,0.0032653061224489797,4
N14,N30,N43,0.0032653061224489797,4
N14,N31,N44,0.0032653061224489797,4
N14,N32,N36,0.0032653061224489797,4
N14,N32,N37,0.0032653061224489797,4
N14,N33,N37,0.0032653061224489797,4
N14,N33,N38,0.0032653061224489797,4
N14,N35,N37,0.0032653061224489797,4
N14,N35,N40,0.0032653061224489797,4
N14,N35,N45,0.0032653061224489797,4
N14,N36,N38,0.0032653061224489797,4
N14,N36,N39,0.0032653061224489797,4
N15,N17,N37,0.0032653061224489797,4
N15,N17,N45,0.0032653061224489797,4
N15,N18,N21,0.0032653061224489797,4
N15,N20,N29,0.0032653061224489797,4
N15,N20,N31,0.0032653061224489797,4
N15,N20,N42,0.0032653061224489797,4
N15,N21,N43,0.0032653061224489797,4
N15,N21,N44,0.0032653061224489797,4
N15,N23,N25,0.0032653061224489797,4
N15,N23,N34,0.0032653061224489797,4
N15,N23,N42,0.0032653061224489797,4
N15,N23,N44,0.0032653061224489797,4
N15,N24,N37,0.0032653061224489797,4
N15,N24,N40,0.0032653061224489797,4
N15,N26,N35,0.0032653061224489797,4
N15,N27,N33,0.0032653061224489797,4
N15,N27,N45,0.0032653061224489797,4
N15,N29,N34,0.0032653061224489797,4
N15,N30,N37,0.0032653061224489797,4
N15,N33,N45,0.0032653061224489797,4
N15,N34,N41,0.0032653061224489797,4
N15,N34,N44,0.0032653061224489797,4
N15,N41,N44,0.0032653061224489797,4
N16,N17,N37,0.0032653061224489797,4
N16,N18,N20,0.0032653061224489797,4
N16,N18,N24,0.0032653061224489797,4
N16,N18,N38,0.0032653061224489797,4
N16,N19,N32,0.0032653061224489797,4
N16,N20,N32,0.0032653061224489797,4
N16,N20,N39,0.0032653061224489797,4
N16,N21,N28,0.0032653061224489797,4
N16,N22,N37,0.0032653061224489797,4
N16,N24,N25,0.0032653061224489797,4
N16,N24,N35,0.0032653061224489797,4
N16,N24,N42,0.0032653061224489797,4
N16,N25,N29,0.0032653061224489797,4
N16,N26,N31,0.0032653061224489797,4
N16,N26,N36,0.0032653061224489797,4
N16,N26,N41,0.0032653061224489797,4
N16,N27,N28,0.0032653061224489797,4
N16,N27,N37,0.0032653061224489797,4
N16,N29,N41,0.0032653061224489797,4
N16,N29,N44,0.0032653061224489797,4
N16,N30,N31,0.0032653061224489797,4
N16,N31,N37,0.0032653061224489797,4
N16,N32,N33,0.0032653061224489797,4
N16,N34,N42,0.0032653061224489797,4
N16,N34,N45,0.0032653061224489797,4
N16,N36,N39,0.0032653061224489797,4
N16,N38,N41,0.0032653061224489797,4
N16,N38,N45,0.0032653061224489797,4
N16,N40,N41,0.0032653061224489797,4
N16,N41,N42,0.0032653061224489797,4
N16,N42,N45,0.0032653061224489797,4
N17,N18,N27,0.0032653061224489797,4
N17,N18,N42,0.0032653061224489797,4
N17,N19,N45,0.0032653061224489797,4
N17,N20,N30,0.0032653061224489797,4
N17,N20,N41,0.0032653061224489797,4
N17,N20,N44,0.0032653061224489797,4
N17,N20,N45,0.0032653061224489797,4
N17,N21,N26,0.0032653061224489797,4
N17,N21,N36,0.0032653061224489797,4
N17,N21,N44,0.0032653061224489797,4
N17,N22,N24,0.0032653061224489797,4
N17,N23,N45,0.0032653061224489797,4
N17,N24,N29,0.0032653061224489797,4
N17,N27,N35,0.0032653061224489797,4
N17,N30,N33,0.0032653061224489797,4
N17,N30,N38,0.0032653061224489797,4
N17,N30,N43,0.0032653061224489797,4
N17,N33,N34,0.0032653061224489797,4
N17,N33,N44,0.0032653061224489797,4
N17,N35,N36,0.0032653061224489797,4
N17,N35,N38,0.0032653061224489797,4
N17,N35,N43,0.0032653061224489797,4
N17,N36,N45,0.0032653061224489797,4
N17,N37,N43,0.0032653061224489797,4
N17,N38,N45,0.0032653061224489797,4
N18,N19,N23,0.0032653061224489797,4
N18,N20,N27,0.0032653061224489797,4
N18,N20,N42,0.0032653061224489797,4
N18,N22,N31,0.0032653061224489797,4
N18,N23,N30,0.0032653061224489797,4
N18,N24,N27,0.0032653061224489797,4
N18,N24,N45,0.0032653061224489797,4
N18,N26,N27,0.0032653061224489797,4
N18,N26,N38,0.0032653061224489797,4
N18,N28,N30,0.0032653061224489797,4
N18,N30,N39,0.0032653061224489797,4
N18,N30,N45,0.0032653061224489797,4
N18,N31,N33,0.0032653061224489797,4
N18,N31,N43,0.0032653061224489797,4
N18,N31,N44,0.0032653061224489797,4
N18,N34,N38,0.0032653061224489797,4
N18,N37,N43,0.0032653061224489797,4
N18,N37,N45,0.0032653061224489797,4
N18,N40,N41,0.0032653061224489797,4
N18,N42,N45,0.0032653061224489797,4
N19,N20,N32,0.0032653061224489797,4
N19,N21,N25,0.0032653061224489797,4
N19,N21,N31,0.0032653061224489797,4
N19,N21,N41,0.0032653061224489797,4
N19,N23,N28,0.0032653061224489797,4
N19,N23,N42,0.0032653061224489797,4
N19,N23,N43,0.0032653061224489797,4
N19,N25,N27,0.0032653061224489797,4
N19,N25,N34,0.0032653061224489797,4
N19,N25,N45,0.0032653061224489797,4
N19,N26,N33,0.0032653061224489797,4
N19,N26,N35,0.0032653061224489797,4
N19,N26,N41,0.0032653061224489797,4
N19,N27,N42,0.0032653061224489797,4
N19,N28,N38,0.0032653061224489797,4
N19,N28,N42,0.0032653061224489797,4
N19,N30,N34,0.0032653061224489797,4
N19,N34,N44,0.0032653061224489797,4
N19,N37,N45,0.0032653061224489797,4
N19,N39,N44,0.0032653061224489797,4
N19,N43,N44,0.0032653061224489797,4
N20,N23,N30,0.0032653061224489797,4
N20,N23,N43,0.0032653061224489797,4
N20,N23,N44,0.0032653061224489797,4
N20,N27,N35,0.0032653061224489797,4
N20,N32,N45,0.0032653061224489797,4
N20,N33,N35,0.0032653061224489797,4
N20,N33,N40,0.0032653061224489797,4
N20,N33,N41,0.0032653061224489797,4
N20,N33,N44,0.0032653061224489797,4
N20,N35,N43,0.0032653061224489797,4
N20,N36,N41,0.0032653061224489797,4
N20,N36,N44,0.0032653061224489797,4
N20,N38,N40,0.0032653061224489797,4
N20,N41,N45,0.0032653061224489797,4
N20,N42,N44,0.0032653061224489797,4
N21,N22,N30,0.0032653061224489797,4
N21,N22,N37,0.0032653061224489797,4
N21,N24,N26,0.0032653061224489797,4
N21,N26,N41,0.0032653061224489797,4
N21,N27,N31,0.0032653061224489797,4
N21,N27,N44,0.0032653061224489797,4
N21,N30,N39,0.0032653061224489797,4
N21,N34,N42,0.0032653061224489797,4
N21,N35,N36,0.0032653061224489797,4
N21,N40,N44,0.0032653061224489797,4
N21,N41,N43,0.0032653061224489797,4
N22,N24,N38,0.0032653061224489797,4
N22,N25,N28,0.0032653061224489797,4
N22,N26,N31,0.0032653061224489797,4
N22,N26,N36,0.0032653061224489797,4
N22,N27,N37,0.0032653061224489797,4
N22,N27,N40,0.0032653061224489797,4
N22,N28,N34,0.0032653061224489797,4
N22,N31,N34,0.0032653061224489797,4
N22,N31,N37,0.0032653061224489797,4
N22,N32,N36,0.0032653061224489797,4
N22,N34,N44,0.0032653061224489797,4
N22,N35,N39,0.0032653061224489797,4
N22,N35,N40,0.0032653061224489797,4
N22,N37,N38,0.0032653061224489797,4
N22,N37,N42,0.0032653061224489797,4
N23,N24,N35,0.0032653061224489797,4
N23,N25,N35,0.0032653061224489797,4
N23,N25,N37,0.0032653061224489797,4
N23,N25,N38,0.0032653061224489797,4
N23,N25,N42,0.0032653061224489797,4
N23,N26,N39,0.0032653061224489797,4
N23,N27,N35,0.0032653061224489797,4
N23,N28,N30,0.0032653061224489797,4
N23,N34,N42,0.0032653061224489797,4
N23,N34,N44,0.0032653061224489797,4
N23,N35,N40,0.0032653061224489797,4
N23,N36,N39,0.0032653061224489797,4
N24,N25,N33,0.0032653061224489797,4
N24,N26,N29,0.0032653061224489797,4
N24,N27,N36,0.0032653061224489797,4
N24,N27,N37,0.0032653061224489797,4
N24,N27,N42,0.0032653061224489797,4
N24,N27,N45,0.0032653061224489797,4
N24,N30,N32,0.0032653061224489797,4
N24,N31,N34,0.0032653061224489797,4
N24,N32,N45,0.0032653061224489797,4
N24,N35,N40,0.0032653061224489797,4
N24,N37,N45,0.0032653061224489797,4
N24,N40,N42,0.0032653061224489797,4
N24,N40,N44,0.0032653061224489797,4
N25,N27,N34,0.0032653061224489797,4
N25,N27,N38,0.0032653061224489797,4
N25,N28,N37,0.0032653061224489797,4
N25,N29,N33,0.0032653061224489797,4
N25,N29,N35,0.0032653061224489797,4
N25,N33,N40,0.0032653061224489797,4
N25,N33,N44,0.0032653061224489797,4
N25,N33,N45,0.0032653061224489797,4
N25,N34,N35,0.0032653061224489797,4
N25,N34,N36,0.0032653061224489797,4
N25,N35,N36,0.0032653061224489797,4
N25,N36,N39,0.0032653061224489797,4
N25,N38,N40,0.0032653061224489797,4
N25,N38,N45,0.0032653061224489797,4
N25,N40,N44,0.0032653061224489797,4
N26,N30,N33,0.0032653061224489797,4
N26,N31,N44,0.0032653061224489797,4
N26,N35,N40,0.0032653061224489797,4
N27,N28,N40,0.0032653061224489797,4
N27,N30,N38,0.0032653061224489797,4
N27,N33,N35,0.0032653061224489797,4
N27,N35,N43,0.0032653061224489797,4
N27,N35,N45,0.0032653061224489797,4
N27,N36,N39,0.0032653061224489797,4
N27,N36,N45,0.0032653061224489797,4
N27,N43,N45,0.0032653061224489797,4
N28,N37,N43,0.0032653061224489797,4
N28,N38,N40,0.0032653061224489797,4
N28,N38,N42,0.0032653061224489797,4
N28,N43,N44,0.0032653061224489797,4
N29,N33,N40,0.0032653061224489797,4
N29,N33,N42,0.0032653061224489797,4
N29,N34,N35,0.0032653061224489797,4
N29,N39,N43,0.0032653061224489797,4
N29,N40,N44,0.0032653061224489797,4
N29,N40,N45,0.0032653061224489797,4
N30,N31,N40,0.0032653061224489797,4
N30,N33,N37,0.0032653061224489797,4
N30,N34,N44,0.0032653061224489797,4
N30,N38,N45,0.0032653061224489797,4
N30,N39,N44,0.0032653061224489797,4
N30,N39,N45,0.0032653061224489797,4
N30,N41,N42,0.0032653061224489797,4
N30,N41,N45,0.0032653061224489797,4
N30,N43,N45,0.0032653061224489797,4
N31,N32,N37,0.0032653061224489797,4
N31,N32,N40,0.0032653061224489797,4
N31,N33,N44,0.0032653061224489797,4
N31,N34,N43,0.0032653061224489797,4
N31,N35,N40,0.0032653061224489797,4
N31,N35,N43,0.0032653061224489797,4
N31,N38,N44,0.0032653061224489797,4
N31,N40,N44,0.0032653061224489797,4
N31,N41,N44,0.0032653061224489797,4
N32,N35,N36,0.0032653061224489797,4
N33,N35,N36,0.0032653061224489797,4
N33,N35,N37,0.0032653061224489797,4
N33,N36,N40,0.0032653061224489797,4
N33,N38,N42,0.0032653061224489797,4
N33,N38,N45,0.0032653061224489797,4
N33,N40,N41,0.0032653061224489797,4
N33,N40,N43,0.0032653061224489797,4
N33,N40,N44,0.0032653061224489797,4
N33,N41,N44,0.0032653061224489797,4
N33,N42,N44,0.0032653061224489797,4
N34,N37,N39,0.0032653061224489797,4
N34,N41,N45,0.0032653061224489797,4
N35,N36,N37,0.0032653061224489797,4
N35,N37,N40,0.0032653061224489797,4
N35,N38,N40,0.0032653061224489797,4
N35,N38,N43,0.0032653061224489797,4
N35,N38,N44,0.0032653061224489797,4
N36,N37,N41,0.0032653061224489797,4
N36,N41,N44,0.0032653061224489797,4
N36,N41,N45,0.0032653061224489797,4
N37,N38,N40,0.0032653061224489797,4
N37,N39,N41,0.0032653061224489797,4
N38,N39,N44,0.0032653061224489797,4
N38,N41,N45,0.0032653061224489797,4
N40,N41,N43,0.0032653061224489797,4
N41,N43,N44,0.0032653061224489797,4
N01,N02,N03,0.0024489795918367346,3
N01,N02,N04,0.0024489795918367346,3
N01,N02,N08,0.0024489795918367346,3
N01,N02,N10,0.0024489795918367346,3
N01,N02,N11,0.0024489795918367346,3
N01,N02,N18,0.0024489795918367346,3
N01,N02,N20,0.0024489795918367346,3
N01,N02,N23,0.0024489795918367346,3
N01,N02,N28,0.0024489795918367346,3
N01,N02,N39,0.0024489795918367346,3
N01,N02,N42,0.0024489795918367346,3
N01,N03,N17,0.0024489795918367346,3
N01,N03,N21,0.0024489795918367346,3
N01,N03,N25,0.0024489795918367346,3
N01,N03,N26,0.0024489795918367346,3
N01,N03,N29,0.0024489795918367346,3
N01,N03,N30,0.0024489795918367346,3
N01,N03,N35,0.0024489795918367346,3
N01,N03,N37,0.0024489795918367346,3
N01,N03,N41,0.0024489795918367346,3
N01,N03,N43,0.0024489795918367346,3
N01,N04,N08,0.0024489795918367346,3
N01,N04,N10,0.0024489795918367346,3
N01,N04,N12,0.0024489795918367346,3
N01,N04,N13,0.0024489795918367346,3
N01,N04,N14,0.0024489795918367346,3
N01,N04,N20,0.0024489795918367346,3
N01,N04,N37,0.0024489795918367346,3
N01,N04,N42,0.0024489795918367346,3
N01,N05,N06,0.0024489795918367346,3
N01,N05,N27,0.0024489795918367346,3
N01,N05,N28,0.0024489795918367346,3
N01,N05,N30,0.0024489795918367346,3
N01,N05,N36,0.0024489795918367346,3
N01,N06,N09,0.0024489795918367346,3
N01,N06,N14,0.0024489795918367346,3
N01,N06,N16,0.0024489795918367346,3
N01,N06,N19,0.0024489795918367346,3
N01,N06,N20,0.0024489795918367346,3
N01,N06,N27,0.0024489795918367346,3
N01,N06,N38,0.0024489795918367346,3
N01,N07,N23,0.0024489795918367346,3
N01,N07,N27,0.0024489795918367346,3
N01,N07,N34,0.0024489795918367346,3
N01,N08,N17,0.0024489795918367346,3
N01,N08,N33,0.0024489795918367346,3
N01,N08,N34,0.0024489795918367346,3
N01,N08,N38,0.0024489795918367346,3
N01,N08,N44,0.0024489795918367346,3
N01,N08,N45,0.0024489795918367346,3
N01,N09,N10,0.0024489795918367346,3
N01,N09,N14,0.0024489795918367346,3
N01,N09,N16,0.0024489795918367346,3
N01,N09,N23,0.0024489795918367346,3
N01,N09,N26,0.0024489795918367346,3
N01,N09,N29,0.0024489795918367346,3
N01,N09,N35,0.0024489795918367346,3
N01,N10,N12,0.0024489795918367346,3
N01,N10,N26,0.0024489795918367346,3
N01,N10,N31,0.0024489795918367346,3
N01,N10,N32,0.0024489795918367346,3
N01,N11,N12,0.0024489795918367346,3
N01,N11,N18,0.0024489795918367346,3
N01,N11,N21,0.0024489795918367346,3
N01,N11,N23,0.0024489795918367346,3
N01,N11,N24,0.0024489795918367346,3
N01,N11,N28,0.0024489795918367346,3
N01,N11,N35,0.0024489795918367346,3
N01,N11,N39,0.0024489795918367346,3
N01,N11,N44,0.0024489795918367346,3
N01,N12,N13,0.0024489795918367346,3
N01,N12,N18,0.0024489795918367346,3
N01,N12,N20,0.0024489795918367346,3
N01,N12,N21,0.0024489795918367346,3
N01,N12,N28,0.0024489795918367346,3
N01,N12,N29,0.0024489795918367346,3
N01,N12,N35,0.0024489795918367346,3
N01,N12,N36,0.0024489795918367346,3
N01,N12,N45,0.0024489795918367346,3
N01,N13,N21,0.0024489795918367346,3
N01,N13,N29,0.0024489795918367346,3
N01,N13,N33,0.0024489795918367346,3
N01,N13,N37,0.0024489795918367346,3
N01,N13,N38,0.0024489795918367346,3
N01,N13,N40,0.0024489795918367346,3
N01,N13,N43,0.0024489795918367346,3
N01,N13,N44,0.0024489795918367346,3
N01,N14,N29,0.0024489795918367346,3
N01,N14,N37,0.0024489795918367346,3
N01,N15,N19,0.0024489795918367346,3
N01,N15,N23,0.0024489795918367346,3
N01,N15,N28,0.0024489795918367346,3
N01,N15,N41,0.0024489795918367346,3
N01,N15,N45,0.0024489795918367346,3
N01,N16,N18,0.0024489795918367346,3
N01,N16,N20,0.0024489795918367346,3
N01,N16,N23,0.0024489795918367346,3
N01,N16,N33,0.0024489795918367346,3
N01,N16,N40,0.0024489795918367346,3
N01,N16,N41,0.0024489795918367346,3
N01,N16,N43,0.0024489795918367346,3
N01,N17,N31,0.0024489795918367346,3
N01,N17,N35,0.0024489795918367346,3
N01,N17,N41,0.0024489795918367346,3
N01,N17,N42,0.0024489795918367346,3
N01,N17,N45,0.0024489795918367346,3
N01,N18,N28,0.0024489795918367346,3
N01,N18,N30,0.0024489795918367346,3
N01,N18,N34,0.0024489795918367346,3
N01,N18,N38,0.0024489795918367346,3
N01,N19,N24,0.0024489795918367346,3
N01,N20,N24,0.0024489795918367346,3
N01,N20,N25,0.0024489795918367346,3
N01,N20,N26,0.0024489795918367346,3
N01,N20,N27,0.0024489795918367346,3
N01,N20,N28,0.0024489795918367346,3
N01,N20,N30,0.0024489795918367346,3
N01,N20,N41,0.0024489795918367346,3
N01,N20,N45,0.0024489795918367346,3
N01,N21,N25,0.0024489795918367346,3
N01,N21,N26,0.0024489795918367346,3
N01,N21,N41,0.0024489795918367346,3
N01,N22,N28,0.0024489795918367346,3
N01,N23,N24,0.0024489795918367346,3
N01,N23,N28,0.0024489795918367346,3
N01,N23,N34,0.0024489795918367346,3
N01,N23,N43,0.0024489795918367346,3
N01,N24,N29,0.0024489795918367346,3
N01,N24,N30,0.0024489795918367346,3
N01,N24,N35,0.0024489795918367346,3
N01,N24,N40,0.0024489795918367346,3
N01,N24,N42,0.0024489795918367346,3
N01,N25,N28,0.0024489795918367346,3
N01,N26,N29,0.0024489795918367346,3
N01,N26,N42,0.0024489795918367346,3
N01,N26,N43,0.0024489795918367346,3
N01,N27,N29,0.0024489795918367346,3
N01,N27,N39,0.0024489795918367346,3
N01,N27,N42,0.0024489795918367346,3
N01,N28,N31,0.0024489795918367346,3
N01,N28,N35,0.0024489795918367346,3
N01,N28,N42,0.0024489795918367346,3
N01,N29,N34,0.0024489795918367346,3
N01,N30,N34,0.0024489795918367346,3
N01,N30,N41,0.0024489795918367346,3
N01,N31,N43,0.0024489795918367346,3
N01,N32,N40,0.0024489795918367346,3
N01,N32,N45,0.0024489795918367346,3
N01,N34,N36,0.0024489795918367346,3
N01,N34,N37,0.0024489795918367346,3
N01,N34,N42,0.0024489795918367346,3
N01,N34,N44,0.0024489795918367346,3
N01,N35,N44,0.0024489795918367346,3
N01,N35,N45,0.0024489795918367346,3
N01,N36,N37,0.0024489795918367346,3
N01,N36,N41,0.0024489795918367346,3
N01,N36,N42,0.0024489795918367346,3
N01,N37,N38,0.0024489795918367346,3
N01,N38,N40,0.0024489795918367346,3
N01,N39,N43,0.0024489795918367346,3
N02,N03,N05,0.0024489795918367346,3
N02,N03,N11,0.0024489795918367346,3
N02,N03,N12,0.0024489795918367346,3
N02,N03,N15,0.0024489795918367346,3
N02,N03,N26,0.0024489795918367346,3
N02,N03,N43,0.0024489795918367346,3
N02,N03,N44,0.0024489795918367346,3
N02,N04,N11,0.0024489795918367346,3
N02,N04,N16,0.0024489795918367346,3
N02,N04,N25,0.0024489795918367346,3
N02,N04,N26,0.0024489795918367346,3
N02,N04,N27,0.0024489795918367346,3
N02,N04,N28,0.0024489795918367346,3
N02,N04,N29,0.0024489795918367346,3
N02,N04,N31,0.0024489795918367346,3
N02,N04,N32,0.0024489795918367346,3
N02,N04,N36,0.0024489795918367346,3
N02,N05,N14,0.0024489795918367346,3
N02,N05,N18,0.0024489795918367346,3
N02,N05,N39,0.0024489795918367346,3
N02,N06,N11,0.0024489795918367346,3
N02,N06,N17,0.0024489795918367346,3
N02,N06,N19,0.0024489795918367346,3
N02,N06,N20,0.0024489795918367346,3
N02,N06,N21,0.0024489795918367346,3
N02,N06,N26,0.0024489795918367346,3
N02,N06,N27,0.0024489795918367346,3
N02,N06,N28,0.0024489795918367346,3
N02,N06,N33,0.0024489795918367346,3
N02,N07,N15,0.0024489795918367346,3
N02,N07,N17,0.0024489795918367346,3
N02,N07,N24,0.0024489795918367346,3
N02,N07,N29,0.0024489795918367346,3
N02,N07,N33,0.0024489795918367346,3
N02,N07,N45,0.0024489795918367346,3
N02,N08,N22,0.0024489795918367346,3
N02,N08,N23,0.0024489795918367346,3
N02,N08,N26,0.0024489795918367346,3
N02,N08,N28,0.0024489795918367346,3
N02,N08,N29,0.0024489795918367346,3
N02,N08,N30,0.0024489795918367346,3
N02,N08,N38,0.0024489795918367346,3
N02,N09,N10,0.0024489795918367346,3
N02,N09,N25,0.0024489795918367346,3
N02,N10,N19,0.0024489795918367346,3
N02,N10,N44,0.0024489795918367346,3
N02,N11,N13,0.0024489795918367346,3
N02,N11,N16,0.0024489795918367346,3
N02,N11,N25,0.0024489795918367346,3
N02,N11,N26,0.0024489795918367346,3
N02,N11,N27,0.0024489795918367346,3
N02,N11,N31,0.0024489795918367346,3
N02,N11,N44,0.0024489795918367346,3
N02,N12,N14,0.0024489795918367346,3
N02,N12,N15,0.0024489795918367346,3
N02,N12,N19,0.0024489795918367346,3
N02,N12,N20,0.0024489795918367346,3
N02,N12,N31,0.0024489795918367346,3
N02,N12,N33,0.0024489795918367346,3
N02,N12,N34,0.0024489795918367346,3
N02,N12,N40,0.0024489795918367346,3
N02,N12,N42,0.0024489795918367346,3
N02,N13,N25,0.0024489795918367346,3
N02,N13,N29,0.0024489795918367346,3
N02,N13,N30,0.0024489795918367346,3
N02,N13,N42,0.0024489795918367346,3
N02,N14,N27,0.0024489795918367346,3
N02,N14,N40,0.0024489795918367346,3
N02,N15,N16,0.0024489795918367346,3
N02,N15,N21,0.0024489795918367346,3
N02,N15,N27,0.0024489795918367346,3
N02,N15,N44,0.0024489795918367346,3
N02,N15,N45,0.0024489795918367346,3
N02,N16,N20,0.0024489795918367346,3
N02,N16,N28,0.0024489795918367346,3
N02,N16,N32,0.0024489795918367346,3
N02,N16,N33,0.0024489795918367346,3
N02,N16,N35,0.0024489795918367346,3
N02,N17,N26,0.0024489795918367346,3
N02,N17,N28,0.0024489795918367346,3
N02,N17,N29,0.0024489795918367346,3
N02,N17,N37,0.0024489795918367346,3
N02,N17,N45,0.0024489795918367346,3
N02,N18,N21,0.0024489795918367346,3
N02,N18,N24,0.0024489795918367346,3
N02,N18,N32,0.0024489795918367346,3
N02,N19,N24,0.0024489795918367346,3
N02,N19,N25,0.0024489795918367346,3
N02,N19,N32,0.0024489795918367346,3
N02,N19,N34,0.0024489795918367346,3
N02,N19,N35,0.0024489795918367346,3
N02,N19,N36,0.0024489795918367346,3
N02,N19,N39,0.0024489795918367346,3
N02,N19,N41,0.0024489795918367346,3
N02,N19,N45,0.0024489795918367346,3
N02,N20,N24,0.0024489795918367346,3
N02,N20,N35,0.0024489795918367346,3
N02,N20,N37,0.0024489795918367346,3
N02,N22,N25,0.0024489795918367346,3
N02,N22,N27,0.0024489795918367346,3
N02,N22,N32,0.0024489795918367346,3
N02,N22,N44,0.0024489795918367346,3
N02,N23,N44,0.0024489795918367346,3
N02,N24,N34,0.0024489795918367346,3
N02,N24,N45,0.0024489795918367346,3
N02,N25,N29,0.0024489795918367346,3
N02,N25,N31,0.0024489795918367346,3
N02,N25,N39,0.0024489795918367346,3
N02,N26,N27,0.0024489795918367346,3
N02,N26,N37,0.0024489795918367346,3
N02,N27,N33,0.0024489795918367346,3
N02,N27,N44,0.0024489795918367346,3
N02,N28,N29,0.0024489795918367346,3
N02,N28,N30,0.0024489795918367346,3
N02,N28,N34,0.0024489795918367346,3
N02,N28,N37,0.0024489795918367346,3
N02,N28,N39,0.0024489795918367346,3
N02,N29,N43,0.0024489795918367346,3
N02,N30,N31,0.0024489795918367346,3
N02,N30,N33,0.0024489795918367346,3
N02,N30,N41,0.0024489795918367346,3
N02,N31,N33,0.0024489795918367346,3
N02,N32,N33,0.0024489795918367346,3
N02,N32,N45,0.0024489795918367346,3
N02,N33,N34,0.0024489795918367346,3
N02,N33,N35,0.0024489795918367346,3
N02,N33,N36,0.0024489795918367346,3
N02,N33,N41,0.0024489795918367346,3
N02,N33,N43,0.0024489795918367346,3
N02,N33,N44,0.0024489795918367346,3
N02,N34,N43,0.0024489795918367346,3
N02,N36,N39,0.0024489795918367346,3
N02,N38,N45,0.0024489795918367346,3
N02,N41,N42,0.0024489795918367346,3
N02,N42,N45,0.0024489795918367346,3
N03,N04,N06,0.0024489795918367346,3
N03,N04,N10,0.0024489795918367346,3
N03,N04,N17,0.0024489795918367346,3
N03,N04,N19,0.0024489795918367346,3
N03,N04,N24,0.0024489795918367346,3
N03,N04,N30,0.0024489795918367346,3
N03,N04,N40,0.0024489795918367346,3
N03,N04,N41,0.0024489795918367346,3
N03,N04,N42,0.0024489795918367346,3
N03,N05,N12,0.0024489795918367346,3
N03,N06,N20,0.0024489795918367346,3
N03,N06,N23,0.0024489795918367346,3
N03,N06,N24,0.0024489795918367346,3
N03,N07,N08,0.0024489795918367346,3
N03,N07,N11,0.0024489795918367346,3
N03,N07,N13,0.0024489795918367346,3
N03,N07,N20,0.0024489795918367346,3
N03,N07,N22,0.0024489795918367346,3
N03,N07,N24,0.0024489795918367346,3
N03,N07,N31,0.0024489795918367346,3
N03,N07,N34,0.0024489795918367346,3
N03,N07,N38,0.0024489795918367346,3
N03,N07,N42,0.0024489795918367346,3
N03,N08,N17,0.0024489795918367346,3
N03,N08,N30,0.0024489795918367346,3
N03,N08,N32,0.0024489795918367346,3
N03,N08,N34,0.0024489795918367346,3
N03,N08,N35,0.0024489795918367346,3
N03,N08,N41,0.0024489795918367346,3
N03,N09,N12,0.0024489795918367346,3
N03,N09,N13,0.0024489795918367346,3
N03,N09,N24,0.0024489795918367346,3
N03,N09,N27,0.0024489795918367346,3
N03,N09,N29,0.0024489795918367346,3
N03,N10,N13,0.0024489795918367346,3
N03,N10,N19,0.0024489795918367346,3
N03,N10,N22,0.0024489795918367346,3
N03,N10,N23,0.0024489795918367346,3
N03,N10,N29,0.0024489795918367346,3
N03,N10,N30,0.0024489795918367346,3
N03,N10,N32,0.0024489795918367346,3
N03,N10,N37,0.0024489795918367346,3
N03,N10,N39,0.0024489795918367346,3
N03,N10,N43,0.0024489795918367346,3
N03,N10,N45,0.0024489795918367346,3
N03,N11,N12,0.0024489795918367346,3
N03,N11,N21,0.0024489795918367346,3
N03,N11,N22,0.0024489795918367346,3
N03,N11,N26,0.0024489795918367346,3
N03,N11,N32,0.0024489795918367346,3
N03,N11,N36,0.0024489795918367346,3
N03,N11,N41,0.0024489795918367346,3
N03,N11,N43,0.0024489795918367346,3
N03,N12,N14,0.0024489795918367346,3
N03,N12,N19,0.0024489795918367346,3
N03,N12,N26,0.0024489795918367346,3
N03,N12,N27,0.0024489795918367346,3
N03,N12,N35,0.0024489795918367346,3
N03,N12,N36,0.0024489795918367346,3
N03,N13,N16,0.0024489795918367346,3
N03,N13,N18,0.0024489795918367346,3
N03,N13,N20,0.0024489795918367346,3
N03,N13,N21,0.0024489795918367346,3
N03,N13,N27,0.0024489795918367346,3
N03,N13,N34,0.0024489795918367346,3
N03,N13,N35,0.0024489795918367346,3
N03,N13,N36,0.0024489795918367346,3
N03,N13,N38,0.0024489795918367346,3
N03,N13,N42,0.0024489795918367346,3
N03,N14,N15,0.0024489795918367346,3
N03,N14,N16,0.0024489795918367346,3
N03,N14,N24,0.0024489795918367346,3
N03,N14,N26,0.0024489795918367346,3
N03,N14,N31,0.0024489795918367346,3
N03,N14,N36,0.0024489795918367346,3
N03,N14,N38,0.0024489795918367346,3
N03,N15,N20,0.0024489795918367346,3
N03,N15,N24,0.0024489795918367346,3
N03,N15,N33,0.0024489795918367346,3
N03,N15,N34,0.0024489795918367346,3
N03,N15,N44,0.0024489795918367346,3
N03,N16,N19,0.0024489795918367346,3
N03,N16,N22,0.0024489795918367346,3
N03,N16,N24,0.0024489795918367346,3
N03,N16,N31,0.0024489795918367346,3
N03,N16,N38,0.0024489795918367346,3
N03,N16,N40,0.0024489795918367346,3
N03,N16,N43,0.0024489795918367346,3
N03,N17,N19,0.0024489795918367346,3
N03,N17,N31,0.0024489795918367346,3
N03,N17,N45,0.0024489795918367346,3
N03,N18,N40,0.0024489795918367346,3
N03,N19,N22,0.0024489795918367346,3
N03,N19,N32,0.0024489795918367346,3
N03,N19,N45,0.0024489795918367346,3
N03,N20,N28,0.0024489795918367346,3
N03,N20,N31,0.0024489795918367346,3
N03,N20,N37,0.0024489795918367346,3
N03,N20,N38,0.0024489795918367346,3
N03,N21,N22,0.0024489795918367346,3
N03,N22,N24,0.0024489795918367346,3
N03,N22,N32,0.0024489795918367346,3
N03,N22,N38,0.0024489795918367346,3
N03,N22,N42,0.0024489795918367346,3
N03,N22,N44,0.0024489795918367346,3
N03,N23,N36,0.0024489795918367346,3
N03,N23,N38,0.0024489795918367346,3
N03,N23,N39,0.0024489795918367346,3
N03,N23,N41,0.0024489795918367346,3
N03,N23,N45,0.0024489795918367346,3
N03,N24,N30,0.0024489795918367346,3
N03,N24,N37,0.0024489795918367346,3
N03,N24,N38,0.0024489795918367346,3
N03,N24,N39,0.0024489795918367346,3
N03,N24,N44,0.0024489795918367346,3
N03,N26,N27,0.0024489795918367346,3
N03,N26,N43,0.0024489795918367346,3
N03,N27,N32,0.0024489795918367346,3
N03,N27,N35,0.0024489795918367346,3
N03,N27,N38,0.0024489795918367346,3
N03,N27,N39,0.0024489795918367346,3
N03,N27,N41,0.0024489795918367346,3
N03,N27,N42,0.0024489795918367346,3
N03,N27,N44,0.0024489795918367346,3
N03,N27,N45,0.0024489795918367346,3
N03,N28,N38,0.0024489795918367346,3
N03,N28,N42,0.0024489795918367346,3
N03,N29,N32,0.0024489795918367346,3
N03,N29,N35,0.0024489795918367346,3
N03,N29,N40,0.0024489795918367346,3
N03,N30,N45,0.0024489795918367346,3
N03,N31,N42,0.0024489795918367346,3
N03,N32,N37,0.0024489795918367346,3
N03,N32,N42,0.0024489795918367346,3
N03,N32,N43,0.0024489795918367346,3
N03,N33,N42,0.0024489795918367346,3
N03,N34,N38,0.0024489795918367346,3
N03,N34,N42,0.0024489795918367346,3
N03,N34,N43,0.0024489795918367346,3
N03,N36,N38,0.0024489795918367346,3
N03,N36,N39,0.0024489795918367346,3
N03,N37,N45,0.0024489795918367346,3
N03,N38,N39,0.0024489795918367346,3
N03,N38,N40,0.0024489795918367346,3
N03,N38,N45,0.0024489795918367346,3
N03,N40,N43,0.0024489795918367346,3
N03,N42,N45,0.0024489795918367346,3
N04,N05,N11,0.0024489795918367346,3
N04,N05,N12,0.0024489795918367346,3
N04,N05,N20,0.0024489795918367346,3
N04,N05,N25,0.0024489795918367346,3
N04,N05,N27,0.0024489795918367346,3
N04,N05,N37,0.0024489795918367346,3
N04,N05,N42,0.0024489795918367346,3
N04,N05,N43,0.0024489795918367346,3
N04,N06,N17,0.0024489795918367346,3
N04,N06,N28,0.0024489795918367346,3
N04,N06,N40,0.0024489795918367346,3
N04,N07,N18,0.0024489795918367346,3
N04,N07,N19,0.0024489795918367346,3
N04,N07,N31,0.0024489795918367346,3
N04,N07,N40,0.0024489795918367346,3
N04,N07,N41,0.0024489795918367346,3
N04,N08,N16,0.0024489795918367346,3
N04,N08,N17,0.0024489795918367346,3
N04,N08,N25,0.0024489795918367346,3
N04,N08,N32,0.0024489795918367346,3
N04,N08,N45,0.0024489795918367346,3
N04,N09,N11,0.0024489795918367346,3
N04,N09,N17,0.0024489795918367346,3
N04,N09,N23,0.0024489795918367346,3
N04,N09,N31,0.0024489795918367346,3
N04,N09,N36,0.0024489795918367346,3
N04,N10,N12,0.0024489795918367346,3
N04,N10,N22,0.0024489795918367346,3
N04,N10,N28,0.0024489795918367346,3
N04,N10,N45,0.0024489795918367346,3
N04,N11,N12,0.0024489795918367346,3
N04,N11,N23,0.0024489795918367346,3
N04,N11,N27,0.0024489795918367346,3
N04,N11,N28,0.0024489795918367346,3
N04,N11,N32,0.0024489795918367346,3
N04,N11,N41,0.0024489795918367346,3
N04,N11,N42,0.0024489795918367346,3
N04,N11,N45,0.0024489795918367346,3
N04,N12,N20,0.0024489795918367346,3
N04,N12,N25,0.0024489795918367346,3
N04,N12,N34,0.0024489795918367346,3
N04,N12,N45,0.0024489795918367346,3
N04,N13,N17,0.0024489795918367346,3
N04,N13,N20,0.0024489795918367346,3
N04,N13,N29,0.0024489795918367346,3
N04,N13,N31,0.0024489795918367346,3
N04,N13,N34,0.0024489795918367346,3
N04,N14,N22,0.0024489795918367346,3
N04,N14,N25,0.0024489795918367346,3
N04,N14,N35,0.0024489795918367346,3
N04,N14,N43,0.0024489795918367346,3
N04,N14,N45,0.0024489795918367346,3
N04,N15,N23,0.0024489795918367346,3
N04,N15,N28,0.0024489795918367346,3
N04,N15,N36,0.0024489795918367346,3
N04,N15,N40,0.0024489795918367346,3
N04,N16,N17,0.0024489795918367346,3
N04,N16,N19,0.0024489795918367346,3
N04,N16,N25,0.0024489795918367346,3
N04,N16,N31,0.0024489795918367346,3
N04,N16,N33,0.0024489795918367346,3
N04,N16,N41,0.0024489795918367346,3
N04,N17,N18,0.0024489795918367346,3
N04,N17,N19,0.0024489795918367346,3
N04,N17,N26,0.0024489795918367346,3
N04,N17,N36,0.0024489795918367346,3
N04,N18,N34,0.0024489795918367346,3
N04,N18,N38,0.0024489795918367346,3
N04,N19,N21,0.0024489795918367346,3
N04,N19,N27,0.0024489795918367346,3
N04,N20,N27,0.0024489795918367346,3
N04,N20,N28,0.0024489795918367346,3
N04,N20,N29,0.0024489795918367346,3
N04,N20,N34,0.0024489795918367346,3
N04,N21,N34,0.0024489795918367346,3
N04,N22,N27,0.0024489795918367346,3
N04,N22,N33,0.0024489795918367346,3
N04,N22,N41,0.0024489795918367346,3
N04,N23,N33,0.0024489795918367346,3
N04,N23,N34,0.0024489795918367346,3
N04,N23,N41,0.0024489795918367346,3
N04,N24,N35,0.0024489795918367346,3
N04,N25,N26,0.0024489795918367346,3
N04,N25,N34,0.0024489795918367346,3
N04,N25,N36,0.0024489795918367346,3
N04,N25,N40,0.0024489795918367346,3
N04,N25,N43,0.0024489795918367346,3
N04,N26,N37,0.0024489795918367346,3
N04,N26,N40,0.0024489795918367346,3
N04,N26,N41,0.0024489795918367346,3
N04,N27,N34,0.0024489795918367346,3
N04,N27,N45,0.0024489795918367346,3
N04,N28,N33,0.0024489795918367346,3
N04,N29,N39,0.0024489795918367346,3
N04,N29,N42,0.0024489795918367346,3
N04,N29,N45,0.0024489795918367346,3
N04,N30,N33,0.0024489795918367346,3
N04,N31,N37,0.0024489795918367346,3
N04,N32,N33,0.0024489795918367346,3
N04,N32,N42,0.0024489795918367346,3
N04,N33,N43,0.0024489795918367346,3
N04,N34,N35,0.0024489795918367346,3
N04,N35,N37,0.0024489795918367346,3
N04,N35,N40,0.0024489795918367346,3
N04,N35,N45,0.0024489795918367346,3
N04,N36,N40,0.0024489795918367346,3
N04,N37,N40,0.0024489795918367346,3
N04,N38,N40,0.0024489795918367346,3
N04,N39,N45,0.0024489795918367346,3
N04,N40,N41,0.0024489795918367346,3
N04,N40,N43,0.0024489795918367346,3
N05,N06,N13,0.0024489795918367346,3
N05,N06,N14,0.0024489795918367346,3
N05,N06,N17,0.0024489795918367346,3
N05,N06,N20,0.0024489795918367346,3
N05,N06,N25,0.0024489795918367346,3
N05,N06,N38,0.0024489795918367346,3
N05,N06,N39,0.0024489795918367346,3
N05,N06,N44,0.0024489795918367346,3
N05,N07,N11,0.0024489795918367346,3
N05,N07,N12,0.0024489795918367346,3
N05,N07,N13,0.0024489795918367346,3
N05,N07,N18,0.0024489795918367346,3
N05,N07,N25,0.0024489795918367346,3
N05,N07,N26,0.0024489795918367346,3
N05,N07,N37,0.0024489795918367346,3
N05,N07,N43,0.0024489795918367346,3
N05,N08,N21,0.0024489795918367346,3
N05,N08,N22,0.0024489795918367346,3
N05,N08,N39,0.0024489795918367346,3
N05,N09,N12,0.0024489795918367346,3
N05,N09,N27,0.0024489795918367346,3
N05,N09,N39,0.0024489795918367346,3
N05,N09,N43,0.0024489795918367346,3
N05,N10,N16,0.0024489795918367346,3
N05,N10,N17,0.0024489795918367346,3
N05,N10,N32,0.0024489795918367346,3
N05,N11,N12,0.0024489795918367346,3
N05,N11,N17,0.0024489795918367346,3
N05,N11,N18,0.0024489795918367346,3
N05,N11,N44,0.0024489795918367346,3
N05,N11,N45,0.0024489795918367346,3
N05,N12,N13,0.0024489795918367346,3
N05,N12,N14,0.0024489795918367346,3
N05,N12,N24,0.0024489795918367346,3
N05,N12,N25,0.0024489795918367346,3
N05,N12,N29,0.0024489795918367346,3
N05,N12,N32,0.0024489795918367346,3
N05,N12,N33,0.0024489795918367346,3
N05,N12,N37,0.0024489795918367346,3
N05,N12,N41,0.0024489795918367346,3
N05,N12,N42,0.0024489795918367346,3
N05,N13,N21,0.0024489795918367346,3
N05,N13,N26,0.0024489795918367346,3
N05,N13,N27,0.0024489795918367346,3
N05,N13,N28,0.0024489795918367346,3
N05,N13,N29,0.0024489795918367346,3
N05,N13,N33,0.0024489795918367346,3
N05,N13,N34,0.0024489795918367346,3
N05,N13,N40,0.0024489795918367346,3
N05,N13,N41,0.0024489795918367346,3
N05,N13,N44,0.0024489795918367346,3
N05,N14,N15,0.0024489795918367346,3
N05,N14,N27,0.0024489795918367346,3
N05,N14,N34,0.0024489795918367346,3
N05,N14,N45,0.0024489795918367346,3
N05,N15,N19,0.0024489795918367346,3
N05,N15,N22,0.0024489795918367346,3
N05,N15,N34,0.0024489795918367346,3
N05,N16,N21,0.0024489795918367346,3
N05,N16,N26,0.0024489795918367346,3
N05,N16,N41,0.0024489795918367346,3
N05,N17,N25,0.0024489795918367346,3
N05,N17,N29,0.0024489795918367346,3
N05,N17,N31,0.0024489795918367346,3
N05,N17,N34,0.0024489795918367346,3
N05,N18,N22,0.0024489795918367346,3
N05,N18,N35,0.0024489795918367346,3
N05,N18,N37,0.0024489795918367346,3
N05,N18,N43,0.0024489795918367346,3
N05,N19,N22,0.0024489795918367346,3
N05,N20,N26,0.0024489795918367346,3
N05,N20,N30,0.0024489795918367346,3
N05,N20,N34,0.0024489795918367346,3
N05,N20,N37,0.0024489795918367346,3
N05,N20,N44,0.0024489795918367346,3
N05,N21,N23,0.0024489795918367346,3
N05,N21,N26,0.0024489795918367346,3
N05,N21,N27,0.0024489795918367346,3
N05,N21,N33,0.0024489795918367346,3
N05,N21,N34,0.0024489795918367346,3
N05,N21,N44,0.0024489795918367346,3
N05,N22,N28,0.0024489795918367346,3
N05,N22,N31,0.0024489795918367346,3
N05,N22,N43,0.0024489795918367346,3
N05,N22,N45,0.0024489795918367346,3
N05,N23,N34,0.0024489795918367346,3
N05,N23,N45,0.0024489795918367346,3
N05,N24,N27,0.0024489795918367346,3
N05,N25,N36,0.0024489795918367346,3
N05,N25,N37,0.0024489795918367346,3
N05,N25,N38,0.0024489795918367346,3
N05,N25,N43,0.0024489795918367346,3
N05,N26,N34,0.0024489795918367346,3
N05,N26,N38,0.0024489795918367346,3
N05,N26,N43,0.0024489795918367346,3
N05,N26,N45,0.0024489795918367346,3
N05,N27,N29,0.0024489795918367346,3
N05,N27,N30,0.0024489795918367346,3
N05,N27,N38,0.0024489795918367346,3
N05,N27,N39,0.0024489795918367346,3
N05,N27,N43,0.0024489795918367346,3
N05,N27,N44,0.0024489795918367346,3
N05,N28,N43,0.0024489795918367346,3
N05,N29,N39,0.0024489795918367346,3
N05,N30,N45,0.0024489795918367346,3
N05,N31,N34,0.0024489795918367346,3
N05,N31,N39,0.0024489795918367346,3
N05,N31,N45,0.0024489795918367346,3
N05,N32,N45,0.0024489795918367346,3
N05,N34,N43,0.0024489795918367346,3
N05,N34,N45,0.0024489795918367346,3
N05,N35,N45,0.0024489795918367346,3
N05,N36,N44,0.0024489795918367346,3
N05,N44,N45,0.0024489795918367346,3
N06,N07,N11,0.0024489795918367346,3
N06,N07,N13,0.0024489795918367346,3
N06,N07,N16,0.0024489795918367346,3
N06,N07,N17,0.0024489795918367346,3
N06,N07,N20,0.0024489795918367346,3
N06,N07,N21,0.0024489795918367346,3
N06,N07,N24,0.0024489795918367346,3
N06,N07,N40,0.0024489795918367346,3
N06,N07,N41,0.0024489795918367346,3
N06,N08,N13,0.0024489795918367346,3
N06,N08,N30,0.0024489795918367346,3
N06,N08,N43,0.0024489795918367346,3
N06,N09,N16,0.0024489795918367346,3
N06,N09,N18,0.0024489795918367346,3
N06,N09,N24,0.0024489795918367346,3
N06,N09,N28,0.0024489795918367346,3
N06,N10,N11,0.0024489795918367346,3
N06,N10,N14,0.0024489795918367346,3
N06,N10,N16,0.0024489795918367346,3
N06,N10,N17,0.0024489795918367346,3
N06,N10,N30,0.0024489795918367346,3
N06,N10,N40,0.0024489795918367346,3
N06,N10,N41,0.0024489795918367346,3
N06,N11,N15,0.0024489795918367346,3
N06,N11,N16,0.0024489795918367346,3
N06,N11,N19,0.0024489795918367346,3
N06,N11,N22,0.0024489795918367346,3
N06,N11,N37,0.0024489795918367346,3
N06,N11,N43,0.0024489795918367346,3
N06,N12,N18,0.0024489795918367346,3
N06,N12,N20,0.0024489795918367346,3
N06,N12,N26,0.0024489795918367346,3
N06,N12,N32,0.0024489795918367346,3
N06,N12,N40,0.0024489795918367346,3
N06,N13,N21,0.0024489795918367346,3
N06,N13,N36,0.0024489795918367346,3
N06,N13,N43,0.0024489795918367346,3
N06,N14,N19,0.0024489795918367346,3
N06,N14,N25,0.0024489795918367346,3
N06,N14,N30,0.0024489795918367346,3
N06,N14,N36,0.0024489795918367346,3
N06,N14,N39,0.0024489795918367346,3
N06,N14,N40,0.0024489795918367346,3
N06,N14,N44,0.0024489795918367346,3
N06,N15,N17,0.0024489795918367346,3
N06,N15,N34,0.0024489795918367346,3
N06,N15,N40,0.0024489795918367346,3
N06,N16,N18,0.0024489795918367346,3
N06,N16,N19,0.0024489795918367346,3
N06,N16,N31,0.0024489795918367346,3
N06,N16,N41,0.0024489795918367346,3
N06,N16,N43,0.0024489795918367346,3
N06,N17,N37,0.0024489795918367346,3
N06,N17,N39,0.0024489795918367346,3
N06,N17,N44,0.0024489795918367346,3
N06,N18,N21,0.0024489795918367346,3
N06,N18,N26,0.0024489795918367346,3
N06,N18,N30,0.0024489795918367346,3
N06,N18,N32,0.0024489795918367346,3
N06,N18,N37,0.0024489795918367346,3
N06,N18,N43,0.0024489795918367346,3
N06,N19,N25,0.0024489795918367346,3
N06,N19,N42,0.0024489795918367346,3
N06,N19,N45,0.0024489795918367346,3
N06,N20,N39,0.0024489795918367346,3
N06,N21,N34,0.0024489795918367346,3
N06,N21,N36,0.0024489795918367346,3
N06,N21,N39,0.0024489795918367346,3
N06,N21,N40,0.0024489795918367346,3
N06,N21,N43,0.0024489795918367346,3
N06,N22,N24,0.0024489795918367346,3
N06,N22,N40,0.0024489795918367346,3
N06,N24,N27,0.0024489795918367346,3
N06,N24,N28,0.0024489795918367346,3
N06,N24,N30,0.0024489795918367346,3
N06,N24,N37,0.0024489795918367346,3
N06,N24,N44,0.0024489795918367346,3
N06,N25,N33,0.0024489795918367346,3
N06,N26,N38,0.0024489795918367346,3
N06,N26,N43,0.0024489795918367346,3
N06,N27,N44,0.0024489795918367346,3
N06,N29,N39,0.0024489795918367346,3
N06,N30,N34,0.0024489795918367346,3
N06,N30,N37,0.0024489795918367346,3
N06,N30,N40,0.0024489795918367346,3
N06,N31,N35,0.0024489795918367346,3
N06,N31,N43,0.0024489795918367346,3
N06,N32,N37,0.0024489795918367346,3
N06,N34,N37,0.0024489795918367346,3
N06,N34,N42,0.0024489795918367346,3
N06,N35,N36,0.0024489795918367346,3
N06,N35,N39,0.0024489795918367346,3
N06,N36,N42,0.0024489795918367346,3
N06,N39,N41,0.0024489795918367346,3
N06,N40,N41,0.0024489795918367346,3
N06,N40,N43,0.0024489795918367346,3
N06,N41,N45,0.0024489795918367346,3
N07,N08,N18,0.0024489795918367346,3
N07,N08,N24,0.0024489795918367346,3
N07,N08,N39,0.0024489795918367346,3
N07,N08,N41,0.0024489795918367346,3
N07,N08,N43,0.0024489795918367346,3
N07,N09,N10,0.0024489795918367346,3
N07,N09,N11,0.0024489795918367346,3
N07,N09,N19,0.0024489795918367346,3
N07,N09,N26,0.0024489795918367346,3
N07,N09,N36,0.0024489795918367346,3
N07,N09,N42,0.0024489795918367346,3
N07,N10,N16,0.0024489795918367346,3
N07,N10,N22,0.0024489795918367346,3
N07,N10,N25,0.0024489795918367346,3
N07,N10,N29,0.0024489795918367346,3
N07,N10,N40,0.0024489795918367346,3
N07,N11,N12,0.0024489795918367346,3
N07,N11,N13,0.0024489795918367346,3
N07,N11,N16,0.0024489795918367346,3
N07,N11,N21,0.0024489795918367346,3
N07,N11,N26,0.0024489795918367346,3
N07,N11,N35,0.0024489795918367346,3
N07,N11,N37,0.0024489795918367346,3
N07,N11,N44,0.0024489795918367346,3
N07,N12,N19,0.0024489795918367346,3
N07,N12,N22,0.0024489795918367346,3
N07,N12,N24,0.0024489795918367346,3
N07,N12,N27,0.0024489795918367346,3
N07,N12,N28,0.0024489795918367346,3
N07,N12,N36,0.0024489795918367346,3
N07,N13,N33,0.0024489795918367346,3
N07,N13,N35,0.0024489795918367346,3
N07,N13,N36,0.0024489795918367346,3
N07,N13,N39,0.0024489795918367346,3
N07,N14,N16,0.0024489795918367346,3
N07,N14,N20,0.0024489795918367346,3
N07,N15,N20,0.0024489795918367346,3
N07,N15,N22,0.0024489795918367346,3
N07,N15,N23,0.0024489795918367346,3
N07,N15,N26,0.0024489795918367346,3
N07,N15,N34,0.0024489795918367346,3
N07,N15,N42,0.0024489795918367346,3
N07,N16,N18,0.0024489795918367346,3
N07,N16,N24,0.0024489795918367346,3
N07,N16,N25,0.0024489795918367346,3
N07,N16,N31,0.0024489795918367346,3
N07,N16,N33,0.0024489795918367346,3
N07,N16,N36,0.0024489795918367346,3
N07,N17,N20,0.0024489795918367346,3
N07,N17,N24,0.0024489795918367346,3
N07,N17,N29,0.0024489795918367346,3
N07,N17,N30,0.0024489795918367346,3
N07,N17,N38,0.0024489795918367346,3
N07,N17,N45,0.0024489795918367346,3
N07,N18,N30,0.0024489795918367346,3
N07,N18,N33,0.0024489795918367346,3
N07,N18,N35,0.0024489795918367346,3
N07,N18,N36,0.0024489795918367346,3
N07,N18,N39,0.0024489795918367346,3
N07,N18,N42,0.0024489795918367346,3
N07,N19,N21,0.0024489795918367346,3
N07,N19,N25,0.0024489795918367346,3
N07,N19,N27,0.0024489795918367346,3
N07,N19,N28,0.0024489795918367346,3
N07,N19,N29,0.0024489795918367346,3
N07,N19,N35,0.0024489795918367346,3
N07,N19,N36,0.0024489795918367346,3
N07,N19,N38,0.0024489795918367346,3
N07,N19,N40,0.0024489795918367346,3
N07,N20,N26,0.0024489795918367346,3
N07,N20,N37,0.0024489795918367346,3
N07,N20,N39,0.0024489795918367346,3
N07,N20,N40,0.0024489795918367346,3
N07,N20,N43,0.0024489795918367346,3
N07,N21,N35,0.0024489795918367346,3
N07,N22,N31,0.0024489795918367346,3
N07,N22,N33,0.0024489795918367346,3
N07,N22,N35,0.0024489795918367346,3
N07,N22,N36,0.0024489795918367346,3
N07,N22,N37,0.0024489795918367346,3
N07,N22,N38,0.0024489795918367346,3
N07,N23,N28,0.0024489795918367346,3
N07,N23,N42,0.0024489795918367346,3
N07,N24,N30,0.0024489795918367346,3
N07,N24,N40,0.0024489795918367346,3
N07,N24,N44,0.0024489795918367346,3
N07,N25,N29,0.0024489795918367346,3
N07,N26,N27,0.0024489795918367346,3
N07,N26,N35,0.0024489795918367346,3
N07,N26,N40,0.0024489795918367346,3
N07,N27,N33,0.0024489795918367346,3
N07,N27,N35,0.0024489795918367346,3
N07,N27,N36,0.0024489795918367346,3
N07,N27,N38,0.0024489795918367346,3
N07,N27,N43,0.0024489795918367346,3
N07,N27,N44,0.0024489795918367346,3
N07,N28,N29,0.0024489795918367346,3
N07,N28,N41,0.0024489795918367346,3
N07,N29,N33,0.0024489795918367346,3
N07,N29,N34,0.0024489795918367346,3
N07,N29,N35,0.0024489795918367346,3
N07,N29,N39,0.0024489795918367346,3
N07,N30,N39,0.0024489795918367346,3
N07,N30,N45,0.0024489795918367346,3
N07,N31,N34,0.0024489795918367346,3
N07,N31,N36,0.0024489795918367346,3
N07,N31,N40,0.0024489795918367346,3
N07,N32,N36,0.0024489795918367346,3
N07,N33,N35,0.0024489795918367346,3
N07,N33,N36,0.0024489795918367346,3
N07,N33,N44,0.0024489795918367346,3
N07,N34,N36,0.0024489795918367346,3
N07,N34,N38,0.0024489795918367346,3
N07,N34,N41,0.0024489795918367346,3
N07,N35,N36,0.0024489795918367346,3
N07,N36,N37,0.0024489795918367346,3
N07,N36,N38,0.0024489795918367346,3
N07,N36,N39,0.0024489795918367346,3
N07,N37,N38,0.0024489795918367346,3
N07,N37,N39,0.0024489795918367346,3
N07,N38,N44,0.0024489795918367346,3
N07,N39,N44,0.0024489795918367346,3
N07,N39,N45,0.0024489795918367346,3
N07,N40,N41,0.0024489795918367346,3
N07,N41,N42,0.0024489795918367346,3
N07,N41,N45,0.0024489795918367346,3
N08,N09,N29,0.0024489795918367346,3
N08,N10,N14,0.0024489795918367346,3
N08,N10,N20,0.0024489795918367346,3
N08,N10,N31,0.0024489795918367346,3
N08,N11,N14,0.0024489795918367346,3
N08,N11,N15,0.0024489795918367346,3
N08,N11,N18,0.0024489795918367346,3
N08,N11,N36,0.0024489795918367346,3
N08,N12,N29,0.0024489795918367346,3
N08,N12,N42,0.0024489795918367346,3
N08,N13,N15,0.0024489795918367346,3
N08,N13,N27,0.0024489795918367346,3
N08,N13,N30,0.0024489795918367346,3
N08,N13,N32,0.0024489795918367346,3
N08,N13,N38,0.0024489795918367346,3
N08,N13,N39,0.0024489795918367346,3
N08,N13,N40,0.0024489795918367346,3
N08,N13,N42,0.0024489795918367346,3
N08,N13,N43,0.0024489795918367346,3
N08,N14,N18,0.0024489795918367346,3
N08,N14,N29,0.0024489795918367346,3
N08,N14,N30,0.0024489795918367346,3
N08,N14,N33,0.0024489795918367346,3
N08,N14,N36,0.0024489795918367346,3
N08,N14,N38,0.0024489795918367346,3
N08,N14,N45,0.0024489795918367346,3
N08,N15,N27,0.0024489795918367346,3
N08,N15,N29,0.0024489795918367346,3
N08,N15,N31,0.0024489795918367346,3
N08,N15,N43,0.0024489795918367346,3
N08,N16,N21,0.0024489795918367346,3
N08,N16,N28,0.0024489795918367346,3
N08,N16,N31,0.0024489795918367346,3
N08,N16,N43,0.0024489795918367346,3
N08,N17,N20,0.0024489795918367346,3
N08,N17,N30,0.0024489795918367346,3
N08,N17,N33,0.0024489795918367346,3
N08,N17,N34,0.0024489795918367346,3
N08,N17,N35,0.0024489795918367346,3
N08,N17,N37,0.0024489795918367346,3
N08,N17,N44,0.0024489795918367346,3
N08,N18,N27,0.0024489795918367346,3
N08,N18,N37,0.0024489795918367346,3
N08,N18,N38,0.0024489795918367346,3
N08,N18,N44,0.0024489795918367346,3
N08,N19,N27,0.0024489795918367346,3
N08,N19,N31,0.0024489795918367346,3
N08,N19,N32,0.0024489795918367346,3
N08,N19,N42,0.0024489795918367346,3
N08,N19,N43,0.0024489795918367346,3
N08,N19,N44,0.0024489795918367346,3
N08,N19,N45,0.0024489795918367346,3
N08,N20,N27,0.0024489795918367346,3
N08,N20,N29,0.0024489795918367346,3
N08,N21,N22,0.0024489795918367346,3
N08,N21,N25,0.0024489795918367346,3
N08,N21,N27,0.0024489795918367346,3
N08,N21,N33,0.0024489795918367346,3
N08,N21,N38,0.0024489795918367346,3
N08,N21,N44,0.0024489795918367346,3
N08,N23,N31,0.0024489795918367346,3
N08,N23,N35,0.0024489795918367346,3
N08,N23,N36,0.0024489795918367346,3
N08,N23,N38,0.0024489795918367346,3
N08,N23,N39,0.0024489795918367346,3
N08,N23,N44,0.0024489795918367346,3
N08,N24,N27,0.0024489795918367346,3
N08,N24,N29,0.0024489795918367346,3
N08,N24,N31,0.0024489795918367346,3
N08,N24,N35,0.0024489795918367346,3
N08,N25,N36,0.0024489795918367346,3
N08,N25,N37,0.0024489795918367346,3
N08,N25,N42,0.0024489795918367346,3
N08,N27,N31,0.0024489795918367346,3
N08,N27,N33,0.0024489795918367346,3
N08,N27,N36,0.0024489795918367346,3
N08,N27,N41,0.0024489795918367346,3
N08,N27,N43,0.0024489795918367346,3
N08,N28,N30,0.0024489795918367346,3
N08,N28,N33,0.0024489795918367346,3
N08,N28,N37,0.0024489795918367346,3
N08,N28,N40,0.0024489795918367346,3
N08,N29,N40,0.0024489795918367346,3
N08,N30,N31,0.0024489795918367346,3
N08,N30,N34,0.0024489795918367346,3
N08,N30,N38,0.0024489795918367346,3
N08,N30,N44,0.0024489795918367346,3
N08,N30,N45,0.0024489795918367346,3
N08,N31,N34,0.0024489795918367346,3
N08,N32,N34,0.0024489795918367346,3
N08,N32,N36,0.0024489795918367346,3
N08,N32,N42,0.0024489795918367346,3
N08,N33,N42,0.0024489795918367346,3
N08,N34,N41,0.0024489795918367346,3
N08,N34,N43,0.0024489795918367346,3
N08,N35,N36,0.0024489795918367346,3
N08,N35,N40,0.0024489795918367346,3
N08,N35,N44,0.0024489795918367346,3
N08,N37,N41,0.0024489795918367346,3
N08,N37,N43,0.0024489795918367346,3
N08,N37,N45,0.0024489795918367346,3
N08,N38,N45,0.0024489795918367346,3
N08,N39,N40,0.0024489795918367346,3
N08,N39,N44,0.0024489795918367346,3
N09,N10,N12,0.0024489795918367346,3
N09,N10,N31,0.0024489795918367346,3
N09,N10,N35,0.0024489795918367346,3
N09,N10,N40,0.0024489795918367346,3
N09,N10,N44,0.0024489795918367346,3
N09,N11,N28,0.0024489795918367346,3
N09,N11,N30,0.0024489795918367346,3
N09,N12,N19,0.0024489795918367346,3
N09,N12,N20,0.0024489795918367346,3
N09,N12,N25,0.0024489795918367346,3
N09,N12,N26,0.0024489795918367346,3
N09,N12,N36,0.0024489795918367346,3
N09,N12,N38,0.0024489795918367346,3
N09,N12,N41,0.0024489795918367346,3
N09,N12,N45,0.0024489795918367346,3
N09,N14,N17,0.0024489795918367346,3
N09,N14,N26,0.0024489795918367346,3
N09,N14,N28,0.0024489795918367346,3
N09,N14,N31,0.0024489795918367346,3
N09,N14,N33,0.0024489795918367346,3
N09,N14,N44,0.0024489795918367346,3
N09,N15,N33,0.0024489795918367346,3
N09,N16,N21,0.0024489795918367346,3
N09,N16,N23,0.0024489795918367346,3
N09,N16,N24,0.0024489795918367346,3
N09,N16,N41,0.0024489795918367346,3
N09,N17,N18,0.0024489795918367346,3
N09,N17,N19,0.0024489795918367346,3
N09,N18,N21,0.0024489795918367346,3
N09,N18,N28,0.0024489795918367346,3
N09,N19,N42,0.0024489795918367346,3
N09,N20,N22,0.0024489795918367346,3
N09,N21,N27,0.0024489795918367346,3
N09,N21,N28,0.0024489795918367346,3
N09,N21,N30,0.0024489795918367346,3
N09,N21,N34,0.0024489795918367346,3
N09,N21,N40,0.0024489795918367346,3
N09,N23,N26,0.0024489795918367346,3
N09,N24,N30,0.0024489795918367346,3
N09,N24,N38,0.0024489795918367346,3
N09,N25,N31,0.0024489795918367346,3
N09,N26,N42,0.0024489795918367346,3
N09,N27,N29,0.0024489795918367346,3
N09,N27,N38,0.0024489795918367346,3
N09,N27,N39,0.0024489795918367346,3
N09,N28,N36,0.0024489795918367346,3
N09,N29,N33,0.0024489795918367346,3
N09,N29,N34,0.0024489795918367346,3
N09,N29,N37,0.0024489795918367346,3
N09,N29,N38,0.0024489795918367346,3
N09,N29,N40,0.0024489795918367346,3
N09,N30,N34,0.0024489795918367346,3
N09,N30,N35,0.0024489795918367346,3
N09,N30,N37,0.0024489795918367346,3
N09,N32,N38,0.0024489795918367346,3
N09,N33,N44,0.0024489795918367346,3
N09,N34,N35,0.0024489795918367346,3
N09,N34,N39,0.0024489795918367346,3
N09,N34,N41,0.0024489795918367346,3
N09,N35,N42,0.0024489795918367346,3
N09,N37,N38,0.0024489795918367346,3
N09,N37,N40,0.0024489795918367346,3
N09,N38,N39,0.0024489795918367346,3
N09,N40,N42,0.0024489795918367346,3
N09,N41,N43,0.0024489795918367346,3
N09,N41,N44,0.0024489795918367346,3
N10,N11,N21,0.0024489795918367346,3
N10,N11,N27,0.0024489795918367346,3
N10,N11,N28,0.0024489795918367346,3
N10,N11,N36,0.0024489795918367346,3
N10,N11,N37,0.0024489795918367346,3
N10,N12,N15,0.0024489795918367346,3
N10,N12,N20,0.0024489795918367346,3
N10,N12,N24,0.0024489795918367346,3
N10,N12,N33,0.0024489795918367346,3
N10,N12,N40,0.0024489795918367346,3
N10,N12,N44,0.0024489795918367346,3
N10,N13,N25,0.0024489795918367346,3
N10,N13,N29,0.0024489795918367346,3
N10,N13,N32,0.0024489795918367346,3
N10,N13,N33,0.0024489795918367346,3
N10,N13,N35,0.0024489795918367346,3
N10,N13,N36,0.0024489795918367346,3
N10,N13,N37,0.0024489795918367346,3
N10,N13,N38,0.0024489795918367346,3
N10,N13,N40,0.0024489795918367346,3
N10,N14,N16,0.0024489795918367346,3
N10,N14,N20,0.0024489795918367346,3
N10,N14,N21,0.0024489795918367346,3
N10,N14,N27,0.0024489795918367346,3
N10,N14,N33,0.0024489795918367346,3
N10,N14,N37,0.0024489795918367346,3
N10,N14,N38,0.0024489795918367346,3
N10,N15,N21,0.0024489795918367346,3
N10,N15,N22,0.0024489795918367346,3
N10,N15,N24,0.0024489795918367346,3
N10,N15,N30,0.0024489795918367346,3
N10,N15,N35,0.0024489795918367346,3
N10,N15,N41,0.0024489795918367346,3
N10,N15,N42,0.0024489795918367346,3
N10,N16,N18,0.0024489795918367346,3
N10,N16,N20,0.0024489795918367346,3
N10,N16,N25,0.0024489795918367346,3
N10,N16,N32,0.0024489795918367346,3
N10,N16,N37,0.0024489795918367346,3
N10,N17,N19,0.0024489795918367346,3
N10,N17,N29,0.0024489795918367346,3
N10,N17,N30,0.0024489795918367346,3
N10,N18,N21,0.0024489795918367346,3
N10,N18,N22,0.0024489795918367346,3
N10,N18,N23,0.0024489795918367346,3
N10,N18,N28,0.0024489795918367346,3
N10,N18,N30,0.0024489795918367346,3
N10,N18,N32,0.0024489795918367346,3
N10,N18,N35,0.0024489795918367346,3
N10,N19,N22,0.0024489795918367346,3
N10,N19,N23,0.0024489795918367346,3
N10,N19,N27,0.0024489795918367346,3
N10,N19,N32,0.0024489795918367346,3
N10,N19,N39,0.0024489795918367346,3
N10,N20,N33,0.0024489795918367346,3
N10,N20,N35,0.0024489795918367346,3
N10,N20,N42,0.0024489795918367346,3
N10,N22,N27,0.0024489795918367346,3
N10,N22,N34,0.0024489795918367346,3
N10,N22,N42,0.0024489795918367346,3
N10,N23,N36,0.0024489795918367346,3
N10,N24,N27,0.0024489795918367346,3
N10,N24,N35,0.0024489795918367346,3
N10,N24,N40,0.0024489795918367346,3
N10,N24,N44,0.0024489795918367346,3
N10,N24,N45,0.0024489795918367346,3
N10,N25,N29,0.0024489795918367346,3
N10,N25,N40,0.0024489795918367346,3
N10,N25,N44,0.0024489795918367346,3
N10,N27,N28,0.0024489795918367346,3
N10,N27,N31,0.0024489795918367346,3
N10,N27,N33,0.0024489795918367346,3
N10,N27,N38,0.0024489795918367346,3
N10,N28,N34,0.0024489795918367346,3
N10,N28,N44,0.0024489795918367346,3
N10,N29,N33,0.0024489795918367346,3
N10,N29,N37,0.0024489795918367346,3
N10,N29,N38,0.0024489795918367346,3
N10,N29,N44,0.0024489795918367346,3
N10,N30,N31,0.0024489795918367346,3
N10,N30,N33,0.0024489795918367346,3
N10,N31,N33,0.0024489795918367346,3
N10,N31,N34,0.0024489795918367346,3
N10,N31,N39,0.0024489795918367346,3
N10,N31,N43,0.0024489795918367346,3
N10,N33,N37,0.0024489795918367346,3
N10,N33,N40,0.0024489795918367346,3
N10,N34,N38,0.0024489795918367346,3
N10,N34,N44,0.0024489795918367346,3
N10,N35,N40,0.0024489795918367346,3
N10,N36,N38,0.0024489795918367346,3
N10,N36,N39,0.0024489795918367346,3
N10,N36,N40,0.0024489795918367346,3
N10,N40,N44,0.0024489795918367346,3
N10,N41,N44,0.0024489795918367346,3
N11,N12,N14,0.0024489795918367346,3
N11,N12,N21,0.0024489795918367346,3
N11,N12,N26,0.0024489795918367346,3
N11,N12,N29,0.0024489795918367346,3
N11,N12,N33,0.0024489795918367346,3
N11,N12,N44,0.0024489795918367346,3
N11,N13,N14,0.0024489795918367346,3
N11,N13,N20,0.0024489795918367346,3
N11,N13,N21,0.0024489795918367346,3
N11,N13,N28,0.0024489795918367346,3
N11,N13,N31,0.0024489795918367346,3
N11,N13,N37,0.0024489795918367346,3
N11,N14,N18,0.0024489795918367346,3
N11,N14,N28,0.0024489795918367346,3
N11,N14,N38,0.0024489795918367346,3
N11,N14,N39,0.0024489795918367346,3
N11,N15,N20,0.0024489795918367346,3
N11,N15,N24,0.0024489795918367346,3
N11,N15,N25,0.0024489795918367346,3
N11,N15,N45,0.0024489795918367346,3
N11,N16,N18,0.0024489795918367346,3
N11,N16,N25,0.0024489795918367346,3
N11,N16,N27,0.0024489795918367346,3
N11,N16,N29,0.0024489795918367346,3
N11,N16,N31,0.0024489795918367346,3
N11,N16,N41,0.0024489795918367346,3
N11,N17,N18,0.0024489795918367346,3
N11,N17,N24,0.0024489795918367346,3
N11,N17,N25,0.0024489795918367346,3
N11,N17,N26,0.0024489795918367346,3
N11,N17,N27,0.0024489795918367346,3
N11,N17,N28,0.0024489795918367346,3
N11,N17,N39,0.0024489795918367346,3
N11,N17,N40,0.0024489795918367346,3
N11,N17,N44,0.0024489795918367346,3
N11,N18,N27,0.0024489795918367346,3
N11,N18,N31,0.0024489795918367346,3
N11,N18,N37,0.0024489795918367346,3
N11,N18,N39,0.0024489795918367346,3
N11,N18,N43,0.0024489795918367346,3
N11,N18,N45,0.0024489795918367346,3
N11,N19,N25,0.0024489795918367346,3
N11,N19,N28,0.0024489795918367346,3
N11,N19,N32,0.0024489795918367346,3
N11,N19,N36,0.0024489795918367346,3
N11,N20,N31,0.0024489795918367346,3
N11,N20,N32,0.0024489795918367346,3
N11,N20,N41,0.0024489795918367346,3
N11,N21,N24,0.0024489795918367346,3
N11,N21,N31,0.0024489795918367346,3
N11,N21,N32,0.0024489795918367346,3
N11,N21,N34,0.0024489795918367346,3
N11,N21,N35,0.0024489795918367346,3
N11,N21,N41,0.0024489795918367346,3
N11,N22,N36,0.0024489795918367346,3
N11,N23,N37,0.0024489795918367346,3
N11,N23,N44,0.0024489795918367346,3
N11,N24,N30,0.0024489795918367346,3
N11,N24,N36,0.0024489795918367346,3
N11,N24,N37,0.0024489795918367346,3
N11,N24,N44,0.0024489795918367346,3
N11,N24,N45,0.0024489795918367346,3
N11,N25,N32,0.0024489795918367346,3
N11,N26,N31,0.0024489795918367346,3
N11,N27,N31,0.0024489795918367346,3
N11,N27,N36,0.0024489795918367346,3
N11,N28,N29,0.0024489795918367346,3
N11,N28,N34,0.0024489795918367346,3
N11,N28,N39,0.0024489795918367346,3
N11,N28,N43,0.0024489795918367346,3
N11,N28,N44,0.0024489795918367346,3
N11,N29,N38,0.0024489795918367346,3
N11,N29,N42,0.0024489795918367346,3
N11,N30,N45,0.0024489795918367346,3
N11,N31,N33,0.0024489795918367346,3
N11,N31,N37,0.0024489795918367346,3
N11,N31,N38,0.0024489795918367346,3
N11,N31,N44,0.0024489795918367346,3
N11,N32,N38,0.0024489795918367346,3
N11,N33,N37,0.0024489795918367346,3
N11,N33,N38,0.0024489795918367346,3
N11,N33,N44,0.0024489795918367346,3
N11,N35,N37,0.0024489795918367346,3
N11,N35,N39,0.0024489795918367346,3
N11,N35,N45,0.0024489795918367346,3
N11,N36,N38,0.0024489795918367346,3
N11,N37,N39,0.0024489795918367346,3
N11,N38,N44,0.0024489795918367346,3
N11,N39,N41,0.0024489795918367346,3
N11,N39,N45,0.0024489795918367346,3
N11,N42,N45,0.0024489795918367346,3
N12,N13,N15,0.0024489795918367346,3
N12,N13,N17,0.0024489795918367346,3
N12,N13,N19,0.0024489795918367346,3
N12,N13,N25,0.0024489795918367346,3
N12,N13,N29,0.0024489795918367346,3
N12,N13,N41,0.0024489795918367346,3
N12,N14,N25,0.0024489795918367346,3
N12,N14,N27,0.0024489795918367346,3
N12,N14,N33,0.0024489795918367346,3
N12,N14,N35,0.0024489795918367346,3
N12,N14,N42,0.0024489795918367346,3
N12,N14,N43,0.0024489795918367346,3
N12,N15,N19,0.0024489795918367346,3
N12,N15,N23,0.0024489795918367346,3
N12,N15,N25,0.0024489795918367346,3
N12,N15,N26,0.0024489795918367346,3
N12,N15,N28,0.0024489795918367346,3
N12,N15,N29,0.0024489795918367346,3
N12,N15,N30,0.0024489795918367346,3
N12,N15,N39,0.0024489795918367346,3
N12,N15,N42,0.0024489795918367346,3
N12,N15,N44,0.0024489795918367346,3
N12,N15,N45,0.0024489795918367346,3
N12,N16,N26,0.0024489795918367346,3
N12,N16,N30,0.0024489795918367346,3
N12,N16,N34,0.0024489795918367346,3
N12,N17,N32,0.0024489795918367346,3
N12,N17,N34,0.0024489795918367346,3
N12,N17,N41,0.0024489795918367346,3
N12,N18,N23,0.0024489795918367346,3
N12,N18,N32,0.0024489795918367346,3
N12,N18,N34,0.0024489795918367346,3
N12,N18,N38,0.0024489795918367346,3
N12,N18,N40,0.0024489795918367346,3
N12,N18,N43,0.0024489795918367346,3
N12,N19,N21,0.0024489795918367346,3
N12,N19,N22,0.0024489795918367346,3
N12,N19,N23,0.0024489795918367346,3
N12,N19,N29,0.0024489795918367346,3
N12,N19,N34,0.0024489795918367346,3
N12,N19,N39,0.0024489795918367346,3
N12,N19,N41,0.0024489795918367346,3
N12,N19,N42,0.0024489795918367346,3
N12,N19,N45,0.0024489795918367346,3
N12,N20,N25,0.0024489795918367346,3
N12,N20,N30,0.0024489795918367346,3
N12,N20,N34,0.0024489795918367346,3
N12,N20,N38,0.0024489795918367346,3
N12,N20,N45,0.0024489795918367346,3
N12,N21,N26,0.0024489795918367346,3
N12,N21,N34,0.0024489795918367346,3
N12,N21,N40,0.0024489795918367346,3
N12,N23,N30,0.0024489795918367346,3
N12,N23,N42,0.0024489795918367346,3
N12,N24,N26,0.0024489795918367346,3
N12,N24,N29,0.0024489795918367346,3
N12,N24,N30,0.0024489795918367346,3
N12,N24,N32,0.0024489795918367346,3
N12,N24,N38,0.0024489795918367346,3
N12,N24,N45,0.0024489795918367346,3
N12,N25,N29,0.0024489795918367346,3
N12,N25,N45,0.0024489795918367346,3
N12,N26,N29,0.0024489795918367346,3
N12,N26,N30,0.0024489795918367346,3
N12,N26,N34,0.0024489795918367346,3
N12,N26,N35,0.0024489795918367346,3
N12,N26,N36,0.0024489795918367346,3
N12,N26,N39,0.0024489795918367346,3
N12,N26,N44,0.0024489795918367346,3
N12,N26,N45,0.0024489795918367346,3
N12,N27,N32,0.0024489795918367346,3
N12,N28,N30,0.0024489795918367346,3
N12,N28,N34,0.0024489795918367346,3
N12,N28,N36,0.0024489795918367346,3
N12,N28,N42,0.0024489795918367346,3
N12,N29,N38,0.0024489795918367346,3
N12,N30,N37,0.0024489795918367346,3
N12,N31,N32,0.0024489795918367346,3
N12,N31,N33,0.0024489795918367346,3
N12,N31,N35,0.0024489795918367346,3
N12,N32,N33,0.0024489795918367346,3
N12,N32,N39,0.0024489795918367346,3
N12,N32,N40,0.0024489795918367346,3
N12,N32,N41,0.0024489795918367346,3
N12,N32,N42,0.0024489795918367346,3
N12,N33,N39,0.0024489795918367346,3
N12,N33,N44,0.0024489795918367346,3
N12,N34,N37,0.0024489795918367346,3
N12,N35,N43,0.0024489795918367346,3
N12,N36,N45,0.0024489795918367346,3
N12,N37,N41,0.0024489795918367346,3
N12,N38,N43,0.0024489795918367346,3
N12,N38,N45,0.0024489795918367346,3
N12,N40,N41,0.0024489795918367346,3
N12,N40,N45,0.0024489795918367346,3
N12,N41,N45,0.0024489795918367346,3
N12,N42,N45,0.0024489795918367346,3
N13,N14,N17,0.0024489795918367346,3
N13,N14,N20,0.0024489795918367346,3
N13,N14,N28,0.0024489795918367346,3
N13,N14,N34,0.0024489795918367346,3
N13,N14,N38,0.0024489795918367346,3
N13,N14,N41,0.0024489795918367346,3
N13,N14,N43,0.0024489795918367346,3
N13,N15,N16,0.0024489795918367346,3
N13,N15,N21,0.0024489795918367346,3
N13,N15,N29,0.0024489795918367346,3
N13,N15,N33,0.0024489795918367346,3
N13,N15,N37,0.0024489795918367346,3
N13,N15,N45,0.0024489795918367346,3
N13,N16,N23,0.0024489795918367346,3
N13,N16,N25,0.0024489795918367346,3
N13,N16,N33,0.0024489795918367346,3
N13,N16,N36,0.0024489795918367346,3
N13,N16,N43,0.0024489795918367346,3
N13,N17,N28,0.0024489795918367346,3
N13,N17,N33,0.0024489795918367346,3
N13,N17,N34,0.0024489795918367346,3
N13,N17,N42,0.0024489795918367346,3
N13,N18,N21,0.0024489795918367346,3
N13,N18,N26,0.0024489795918367346,3
N13,N18,N34,0.0024489795918367346,3
N13,N18,N35,0.0024489795918367346,3
N13,N18,N42,0.0024489795918367346,3
N13,N18,N44,0.0024489795918367346,3
N13,N19,N21,0.0024489795918367346,3
N13,N19,N32,0.0024489795918367346,3
N13,N19,N33,0.0024489795918367346,3
N13,N19,N40,0.0024489795918367346,3
N13,N19,N43,0.0024489795918367346,3
N13,N20,N24,0.0024489795918367346,3
N13,N20,N28,0.0024489795918367346,3
N13,N20,N32,0.0024489795918367346,3
N13,N20,N33,0.0024489795918367346,3
N13,N20,N36,0.0024489795918367346,3
N13,N20,N41,0.0024489795918367346,3
N13,N20,N44,0.0024489795918367346,3
N13,N21,N32,0.0024489795918367346,3
N13,N21,N34,0.0024489795918367346,3
N13,N21,N37,0.0024489795918367346,3
N13,N21,N43,0.0024489795918367346,3
N13,N21,N45,0.0024489795918367346,3
N13,N22,N37,0.0024489795918367346,3
N13,N22,N38,0.0024489795918367346,3
N13,N23,N43,0.0024489795918367346,3
N13,N24,N25,0.0024489795918367346,3
N13,N24,N29,0.0024489795918367346,3
N13,N24,N32,0.0024489795918367346,3
N13,N24,N35,0.0024489795918367346,3
N13,N24,N37,0.0024489795918367346,3
N13,N26,N28,0.0024489795918367346,3
N13,N26,N37,0.0024489795918367346,3
N13,N26,N40,0.0024489795918367346,3
N13,N26,N43,0.0024489795918367346,3
N13,N27,N34,0.0024489795918367346,3
N13,N28,N30,0.0024489795918367346,3
N13,N28,N37,0.0024489795918367346,3
N13,N28,N38,0.0024489795918367346,3
N13,N28,N40,0.0024489795918367346,3
N13,N28,N42,0.0024489795918367346,3
N13,N29,N33,0.0024489795918367346,3
N13,N29,N40,0.0024489795918367346,3
N13,N30,N38,0.0024489795918367346,3
N13,N30,N39,0.0024489795918367346,3
N13,N30,N41,0.0024489795918367346,3
N13,N30,N45,0.0024489795918367346,3
N13,N31,N36,0.0024489795918367346,3
N13,N31,N44,0.0024489795918367346,3
N13,N32,N44,0.0024489795918367346,3
N13,N32,N45,0.0024489795918367346,3
N13,N33,N41,0.0024489795918367346,3
N13,N34,N42,0.0024489795918367346,3
N13,N34,N44,0.0024489795918367346,3
N13,N36,N45,0.0024489795918367346,3
N13,N38,N43,0.0024489795918367346,3
N13,N39,N43,0.0024489795918367346,3
N13,N40,N45,0.0024489795918367346,3
N13,N42,N45,0.0024489795918367346,3
N13,N43,N45,0.0024489795918367346,3
N13,N44,N45,0.0024489795918367346,3
N14,N15,N16,0.0024489795918367346,3
N14,N15,N17,0.0024489795918367346,3
N14,N15,N24,0.0024489795918367346,3
N14,N15,N25,0.0024489795918367346,3
N14,N15,N30,0.0024489795918367346,3
N14,N15,N32,0.0024489795918367346,3
N14,N15,N38,0.0024489795918367346,3
N14,N15,N39,0.0024489795918367346,3
N14,N16,N21,0.0024489795918367346,3
N14,N16,N27,0.0024489795918367346,3
N14,N16,N29,0.0024489795918367346,3
N14,N16,N45,0.0024489795918367346,3
N14,N17,N20,0.0024489795918367346,3
N14,N17,N24,0.0024489795918367346,3
N14,N17,N31,0.0024489795918367346,3
N14,N17,N38,0.0024489795918367346,3
N14,N18,N22,0.0024489795918367346,3
N14,N18,N28,0.0024489795918367346,3
N14,N18,N29,0.0024489795918367346,3
N14,N18,N35,0.0024489795918367346,3
N14,N18,N37,0.0024489795918367346,3
N14,N18,N39,0.0024489795918367346,3
N14,N19,N21,0.0024489795918367346,3
N14,N19,N25,0.0024489795918367346,3
N14,N19,N26,0.0024489795918367346,3
N14,N19,N34,0.0024489795918367346,3
N14,N20,N23,0.0024489795918367346,3
N14,N21,N23,0.0024489795918367346,3
N14,N21,N30,0.0024489795918367346,3
N14,N21,N32,0.0024489795918367346,3
N14,N22,N26,0.0024489795918367346,3
N14,N22,N30,0.0024489795918367346,3
N14,N22,N33,0.0024489795918367346,3
N14,N22,N35,0.0024489795918367346,3
N14,N22,N37,0.0024489795918367346,3
N14,N22,N38,0.0024489795918367346,3
N14,N22,N39,0.0024489795918367346,3
N14,N23,N25,0.0024489795918367346,3
N14,N23,N28,0.0024489795918367346,3
N14,N23,N38,0.0024489795918367346,3
N14,N23,N43,0.0024489795918367346,3
N14,N23,N45,0.0024489795918367346,3
N14,N24,N40,0.0024489795918367346,3
N14,N25,N31,0.0024489795918367346,3
N14,N25,N34,0.0024489795918367346,3
N14,N25,N43,0.0024489795918367346,3
N14,N25,N44,0.0024489795918367346,3
N14,N26,N27,0.0024489795918367346,3
N14,N26,N28,0.0024489795918367346,3
N14,N26,N34,0.0024489795918367346,3
N14,N26,N35,0.0024489795918367346,3
N14,N26,N40,0.0024489795918367346,3
N14,N26,N42,0.0024489795918367346,3
N14,N26,N44,0.0024489795918367346,3
N14,N26,N45,0.0024489795918367346,3
N14,N27,N31,0.0024489795918367346,3
N14,N27,N33,0.0024489795918367346,3
N14,N28,N29,0.0024489795918367346,3
N14,N29,N32,0.0024489795918367346,3
N14,N29,N34,0.0024489795918367346,3
N14,N30,N39,0.0024489795918367346,3
N14,N30,N40,0.0024489795918367346,3
N14,N30,N45,0.0024489795918367346,3
N14,N31,N32,0.0024489795918367346,3
N14,N31,N33,0.0024489795918367346,3
N14,N32,N33,0.0024489795918367346,3
N14,N32,N39,0.0024489795918367346,3
N14,N32,N45,0.0024489795918367346,3
N14,N33,N34,0.0024489795918367346,3
N14,N34,N40,0.0024489795918367346,3
N14,N34,N44,0.0024489795918367346,3
N14,N36,N45,0.0024489795918367346,3
N14,N37,N38,0.0024489795918367346,3
N14,N37,N45,0.0024489795918367346,3
N14,N39,N43,0.0024489795918367346,3
N14,N40,N41,0.0024489795918367346,3
N14,N40,N43,0.0024489795918367346,3
N14,N40,N44,0.0024489795918367346,3
N15,N16,N17,0.0024489795918367346,3
N15,N16,N20,0.0024489795918367346,3
N15,N16,N22,0.0024489795918367346,3
N15,N16,N43,0.0024489795918367346,3
N15,N17,N23,0.0024489795918367346,3
N15,N17,N34,0.0024489795918367346,3
N15,N18,N26,0.0024489795918367346,3
N15,N18,N35,0.0024489795918367346,3
N15,N19,N23,0.0024489795918367346,3
N15,N19,N27,0.0024489795918367346,3
N15,N19,N28,0.0024489795918367346,3
N15,N19,N36,0.0024489795918367346,3
N15,N19,N41,0.0024489795918367346,3
N15,N19,N45,0.0024489795918367346,3
N15,N20,N23,0.0024489795918367346,3
N15,N20,N24,0.0024489795918367346,3
N15,N20,N26,0.0024489795918367346,3
N15,N20,N35,0.0024489795918367346,3
N15,N20,N44,0.0024489795918367346,3
N15,N21,N25,0.0024489795918367346,3
N15,N21,N26,0.0024489795918367346,3
N15,N21,N28,0.0024489795918367346,3
N15,N21,N32,0.0024489795918367346,3
N15,N21,N35,0.0024489795918367346,3
N15,N21,N45,0.0024489795918367346,3
N15,N22,N23,0.0024489795918367346,3
N15,N22,N25,0.0024489795918367346,3
N15,N22,N28,0.0024489795918367346,3
N15,N22,N34,0.0024489795918367346,3
N15,N22,N41,0.0024489795918367346,3
N15,N23,N29,0.0024489795918367346,3
N15,N23,N40,0.0024489795918367346,3
N15,N24,N27,0.0024489795918367346,3
N15,N24,N32,0.0024489795918367346,3
N15,N24,N36,0.0024489795918367346,3
N15,N24,N45,0.0024489795918367346,3
N15,N25,N30,0.0024489795918367346,3
N15,N25,N41,0.0024489795918367346,3
N15,N26,N34,0.0024489795918367346,3
N15,N26,N39,0.0024489795918367346,3
N15,N26,N40,0.0024489795918367346,3
N15,N27,N29,0.0024489795918367346,3
N15,N27,N30,0.0024489795918367346,3
N15,N27,N42,0.0024489795918367346,3
N15,N28,N40,0.0024489795918367346,3
N15,N28,N42,0.0024489795918367346,3
N15,N29,N39,0.0024489795918367346,3
N15,N29,N40,0.0024489795918367346,3
N15,N30,N45,0.0024489795918367346,3
N15,N31,N33,0.0024489795918367346,3
N15,N32,N36,0.0024489795918367346,3
N15,N33,N37,0.0024489795918367346,3
N15,N33,N43,0.0024489795918367346,3
N15,N34,N36,0.0024489795918367346,3
N15,N34,N40,0.0024489795918367346,3
N15,N35,N43,0.0024489795918367346,3
N15,N37,N40,0.0024489795918367346,3
N15,N37,N43,0.0024489795918367346,3
N15,N37,N45,0.0024489795918367346,3
N15,N38,N43,0.0024489795918367346,3
N15,N39,N44,0.0024489795918367346,3
N15,N40,N44,0.0024489795918367346,3
N15,N42,N44,0.0024489795918367346,3
N16,N17,N28,0.0024489795918367346,3
N16,N17,N31,0.0024489795918367346,3
N16,N17,N39,0.0024489795918367346,3
N16,N17,N40,0.0024489795918367346,3
N16,N17,N45,0.0024489795918367346,3
N16,N19,N20,0.0024489795918367346,3
N16,N19,N21,0.0024489795918367346,3
N16,N19,N24,0.0024489795918367346,3
N16,N19,N25,0.0024489795918367346,3
N16,N19,N31,0.0024489795918367346,3
N16,N19,N34,0.0024489795918367346,3
N16,N19,N43,0.0024489795918367346,3
N16,N20,N26,0.0024489795918367346,3
N16,N20,N41,0.0024489795918367346,3
N16,N21,N27,0.0024489795918367346,3
N16,N21,N43,0.0024489795918367346,3
N16,N23,N29,0.0024489795918367346,3
N16,N23,N31,0.0024489795918367346,3
N16,N23,N36,0.0024489795918367346,3
N16,N23,N41,0.0024489795918367346,3
N16,N23,N43,0.0024489795918367346,3
N16,N23,N44,0.0024489795918367346,3
N16,N23,N45,0.0024489795918367346,3
N16,N24,N27,0.0024489795918367346,3
N16,N24,N28,0.0024489795918367346,3
N16,N24,N29,0.0024489795918367346,3
N16,N24,N30,0.0024489795918367346,3
N16,N25,N30,0.0024489795918367346,3
N16,N25,N33,0.0024489795918367346,3
N16,N25,N40,0.0024489795918367346,3
N16,N25,N43,0.0024489795918367346,3
N16,N26,N29,0.0024489795918367346,3
N16,N26,N42,0.0024489795918367346,3
N16,N26,N44,0.0024489795918367346,3
N16,N27,N33,0.0024489795918367346,3
N16,N27,N36,0.0024489795918367346,3
N16,N27,N45,0.0024489795918367346,3
N16,N28,N36,0.0024489795918367346,3
N16,N28,N39,0.0024489795918367346,3
N16,N29,N35,0.0024489795918367346,3
N16,N29,N36,0.0024489795918367346,3
N16,N30,N42,0.0024489795918367346,3
N16,N30,N43,0.0024489795918367346,3
N16,N31,N43,0.0024489795918367346,3
N16,N33,N36,0.0024489795918367346,3
N16,N33,N39,0.0024489795918367346,3
N16,N33,N41,0.0024489795918367346,3
N16,N35,N39,0.0024489795918367346,3
N16,N36,N38,0.0024489795918367346,3
N16,N36,N40,0.0024489795918367346,3
N16,N36,N42,0.0024489795918367346,3
N16,N36,N44,0.0024489795918367346,3
N16,N37,N40,0.0024489795918367346,3
N16,N37,N43,0.0024489795918367346,3
N16,N39,N40,0.0024489795918367346,3
N16,N40,N43,0.0024489795918367346,3
N16,N41,N43,0.0024489795918367346,3
N16,N41,N44,0.0024489795918367346,3
N16,N41,N45,0.0024489795918367346,3
N16,N42,N44,0.0024489795918367346,3
N17,N18,N19,0.0024489795918367346,3
N17,N18,N26,0.0024489795918367346,3
N17,N18,N29,0.0024489795918367346,3
N17,N18,N32,0.0024489795918367346,3
N17,N18,N33,0.0024489795918367346,3
N17,N18,N39,0.0024489795918367346,3
N17,N18,N45,0.0024489795918367346,3
N17,N19,N21,0.0024489795918367346,3
N17,N19,N22,0.0024489795918367346,3
N17,N19,N23,0.0024489795918367346,3
N17,N19,N24,0.0024489795918367346,3
N17,N19,N34,0.0024489795918367346,3
N17,N19,N42,0.0024489795918367346,3
N17,N20,N26,0.0024489795918367346,3
N17,N20,N36,0.0024489795918367346,3
N17,N20,N37,0.0024489795918367346,3
N17,N21,N24,0.0024489795918367346,3
N17,N21,N25,0.0024489795918367346,3
N17,N21,N29,0.0024489795918367346,3
N17,N22,N43,0.0024489795918367346,3
N17,N23,N27,0.0024489795918367346,3
N17,N23,N34,0.0024489795918367346,3
N17,N23,N36,0.0024489795918367346,3
N17,N23,N38,0.0024489795918367346,3
N17,N23,N41,0.0024489795918367346,3
N17,N24,N26,0.0024489795918367346,3
N17,N24,N31,0.0024489795918367346,3
N17,N24,N40,0.0024489795918367346,3
N17,N24,N45,0.0024489795918367346,3
N17,N25,N36,0.0024489795918367346,3
N17,N25,N43,0.0024489795918367346,3
N17,N25,N44,0.0024489795918367346,3
N17,N26,N30,0.0024489795918367346,3
N17,N27,N38,0.0024489795918367346,3
N17,N27,N39,0.0024489795918367346,3
N17,N28,N29,0.0024489795918367346,3
N17,N28,N36,0.0024489795918367346,3
N17,N28,N40,0.0024489795918367346,3
N17,N29,N31,0.0024489795918367346,3
N17,N29,N33,0.0024489795918367346,3
N17,N29,N44,0.0024489795918367346,3
N17,N30,N34,0.0024489795918367346,3
N17,N30,N35,0.0024489795918367346,3
N17,N30,N37,0.0024489795918367346,3
N17,N30,N40,0.0024489795918367346,3
N17,N30,N45,0.0024489795918367346,3
N17,N31,N32,0.0024489795918367346,3
N17,N31,N33,0.0024489795918367346,3
N17,N31,N34,0.0024489795918367346,3
N17,N31,N37,0.0024489795918367346,3
N17,N31,N40,0.0024489795918367346,3
N17,N31,N43,0.0024489795918367346,3
N17,N32,N33,0.0024489795918367346,3
N17,N32,N34,0.0024489795918367346,3
N17,N32,N44,0.0024489795918367346,3
N17,N32,N45,0.0024489795918367346,3
N17,N34,N39,0.0024489795918367346,3
N17,N34,N42,0.0024489795918367346,3
N17,N35,N44,0.0024489795918367346,3
N17,N35,N45,0.0024489795918367346,3
N17,N36,N44,0.0024489795918367346,3
N17,N37,N39,0.0024489795918367346,3
N17,N37,N40,0.0024489795918367346,3
N17,N38,N44,0.0024489795918367346,3
N17,N39,N45,0.0024489795918367346,3
N17,N42,N45,0.0024489795918367346,3
N17,N43,N44,0.0024489795918367346,3
N18,N19,N39,0.0024489795918367346,3
N18,N20,N24,0.0024489795918367346,3
N18,N20,N25,0.0024489795918367346,3
N18,N20,N26,0.0024489795918367346,3
N18,N20,N30,0.0024489795918367346,3
N18,N20,N31,0.0024489795918367346,3
N18,N20,N32,0.0024489795918367346,3
N18,N20,N34,0.0024489795918367346,3
N18,N20,N36,0.0024489795918367346,3
N18,N20,N45,0.0024489795918367346,3
N18,N21,N23,0.0024489795918367346,3
N18,N21,N27,0.0024489795918367346,3
N18,N21,N35,0.0024489795918367346,3
N18,N21,N36,0.0024489795918367346,3
N18,N21,N37,0.0024489795918367346,3
N18,N21,N38,0.0024489795918367346,3
N18,N21,N44,0.0024489795918367346,3
N18,N22,N23,0.0024489795918367346,3
N18,N22,N38,0.0024489795918367346,3
N18,N22,N44,0.0024489795918367346,3
N18,N23,N26,0.0024489795918367346,3
N18,N23,N27,0.0024489795918367346,3
N18,N23,N32,0.0024489795918367346,3
N18,N23,N34,0.0024489795918367346,3
N18,N23,N39,0.0024489795918367346,3
N18,N24,N26,0.0024489795918367346,3
N18,N24,N29,0.0024489795918367346,3
N18,N24,N34,0.0024489795918367346,3
N18,N24,N39,0.0024489795918367346,3
N18,N24,N40,0.0024489795918367346,3
N18,N25,N31,0.0024489795918367346,3
N18,N26,N31,0.0024489795918367346,3
N18,N26,N34,0.0024489795918367346,3
N18,N26,N39,0.0024489795918367346,3
N18,N26,N40,0.0024489795918367346,3
N18,N27,N29,0.0024489795918367346,3
N18,N27,N40,0.0024489795918367346,3
N18,N28,N42,0.0024489795918367346,3
N18,N29,N32,0.0024489795918367346,3
N18,N29,N38,0.0024489795918367346,3
N18,N29,N39,0.0024489795918367346,3
N18,N29,N43,0.0024489795918367346,3
N18,N29,N44,0.0024489795918367346,3
N18,N30,N32,0.0024489795918367346,3
N18,N30,N38,0.0024489795918367346,3
N18,N30,N42,0.0024489795918367346,3
N18,N30,N43,0.0024489795918367346,3
N18,N31,N40,0.0024489795918367346,3
N18,N32,N33,0.0024489795918367346,3
N18,N32,N34,0.0024489795918367346,3
N18,N32,N37,0.0024489795918367346,3
N18,N32,N44,0.0024489795918367346,3
N18,N32,N45,0.0024489795918367346,3
N18,N33,N34,0.0024489795918367346,3
N18,N33,N45,0.0024489795918367346,3
N18,N34,N40,0.0024489795918367346,3
N18,N34,N44,0.0024489795918367346,3
N18,N34,N45,0.0024489795918367346,3
N18,N35,N39,0.0024489795918367346,3
N18,N35,N42,0.0024489795918367346,3
N18,N36,N39,0.0024489795918367346,3
N18,N37,N42,0.0024489795918367346,3
N18,N38,N43,0.0024489795918367346,3
N18,N38,N45,0.0024489795918367346,3
N18,N39,N43,0.0024489795918367346,3
N18,N39,N44,0.0024489795918367346,3
N18,N40,N45,0.0024489795918367346,3
N18,N44,N45,0.0024489795918367346,3
N19,N20,N24,0.0024489795918367346,3
N19,N20,N34,0.0024489795918367346,3
N19,N20,N41,0.0024489795918367346,3
N19,N21,N27,0.0024489795918367346,3
N19,N21,N33,0.0024489795918367346,3
N19,N21,N35,0.0024489795918367346,3
N19,N21,N44,0.0024489795918367346,3
N19,N22,N25,0.0024489795918367346,3
N19,N22,N40,0.0024489795918367346,3
N19,N22,N42,0.0024489795918367346,3
N19,N23,N24,0.0024489795918367346,3
N19,N23,N25,0.0024489795918367346,3
N19,N23,N37,0.0024489795918367346,3
N19,N24,N34,0.0024489795918367346,3
N19,N24,N39,0.0024489795918367346,3
N19,N24,N41,0.0024489795918367346,3
N19,N24,N44,0.0024489795918367346,3
N19,N24,N45,0.0024489795918367346,3
N19,N25,N26,0.0024489795918367346,3
N19,N25,N36,0.0024489795918367346,3
N19,N25,N37,0.0024489795918367346,3
N19,N25,N41,0.0024489795918367346,3
N19,N25,N43,0.0024489795918367346,3
N19,N26,N30,0.0024489795918367346,3
N19,N26,N43,0.0024489795918367346,3
N19,N26,N45,0.0024489795918367346,3
N19,N28,N32,0.0024489795918367346,3
N19,N28,N34,0.0024489795918367346,3
N19,N28,N41,0.0024489795918367346,3
N19,N28,N43,0.0024489795918367346,3
N19,N30,N33,0.0024489795918367346,3
N19,N30,N35,0.0024489795918367346,3
N19,N30,N38,0.0024489795918367346,3
N19,N30,N42,0.0024489795918367346,3
N19,N31,N34,0.0024489795918367346,3
N19,N31,N36,0.0024489795918367346,3
N19,N32,N33,0.0024489795918367346,3
N19,N32,N42,0.0024489795918367346,3
N19,N33,N35,0.0024489795918367346,3
N19,N34,N39,0.0024489795918367346,3
N19,N35,N40,0.0024489795918367346,3
N19,N37,N38,0.0024489795918367346,3
N19,N37,N43,0.0024489795918367346,3
N19,N38,N42,0.0024489795918367346,3
N19,N38,N43,0.0024489795918367346,3
N19,N40,N45,0.0024489795918367346,3
N19,N41,N45,0.0024489795918367346,3
N19,N44,N45,0.0024489795918367346,3
N20,N21,N25,0.0024489795918367346,3
N20,N21,N34,0.0024489795918367346,3
N20,N21,N39,0.0024489795918367346,3
N20,N22,N25,0.0024489795918367346,3
N20,N22,N37,0.0024489795918367346,3
N20,N22,N43,0.0024489795918367346,3
N20,N23,N28,0.0024489795918367346,3
N20,N23,N29,0.0024489795918367346,3
N20,N23,N35,0.0024489795918367346,3
N20,N23,N36,0.0024489795918367346,3
N20,N23,N38,0.0024489795918367346,3
N20,N23,N39,0.0024489795918367346,3
N20,N24,N27,0.0024489795918367346,3
N20,N24,N33,0.0024489795918367346,3
N20,N24,N36,0.0024489795918367346,3
N20,N25,N28,0.0024489795918367346,3
N20,N25,N36,0.0024489795918367346,3
N20,N26,N28,0.0024489795918367346,3
N20,N26,N36,0.0024489795918367346,3
N20,N26,N37,0.0024489795918367346,3
N20,N26,N44,0.0024489795918367346,3
N20,N27,N40,0.0024489795918367346,3
N20,N28,N36,0.0024489795918367346,3
N20,N28,N40,0.0024489795918367346,3
N20,N28,N43,0.0024489795918367346,3
N20,N28,N44,0.0024489795918367346,3
N20,N29,N33,0.0024489795918367346,3
N20,N29,N34,0.0024489795918367346,3
N20,N29,N38,0.0024489795918367346,3
N20,N30,N31,0.0024489795918367346,3
N20,N30,N33,0.0024489795918367346,3
N20,N30,N35,0.0024489795918367346,3
N20,N30,N41,0.0024489795918367346,3
N20,N30,N45,0.0024489795918367346,3
N20,N31,N40,0.0024489795918367346,3
N20,N31,N42,0.0024489795918367346,3
N20,N31,N45,0.0024489795918367346,3
N20,N32,N44,0.0024489795918367346,3
N20,N33,N36,0.0024489795918367346,3
N20,N33,N37,0.0024489795918367346,3
N20,N33,N39,0.0024489795918367346,3
N20,N34,N45,0.0024489795918367346,3
N20,N35,N36,0.0024489795918367346,3
N20,N35,N37,0.0024489795918367346,3
N20,N35,N38,0.0024489795918367346,3
N20,N35,N39,0.0024489795918367346,3
N20,N36,N43,0.0024489795918367346,3
N20,N36,N45,0.0024489795918367346,3
N20,N38,N44,0.0024489795918367346,3
N20,N40,N43,0.0024489795918367346,3
N21,N22,N25,0.0024489795918367346,3
N21,N22,N26,0.0024489795918367346,3
N21,N22,N36,0.0024489795918367346,3
N21,N23,N44,0.0024489795918367346,3
N21,N24,N27,0.0024489795918367346,3
N21,N24,N30,0.0024489795918367346,3
N21,N25,N27,0.0024489795918367346,3
N21,N25,N28,0.0024489795918367346,3
N21,N25,N30,0.0024489795918367346,3
N21,N25,N32,0.0024489795918367346,3
N21,N25,N34,0.0024489795918367346,3
N21,N25,N37,0.0024489795918367346,3
N21,N25,N38,0.0024489795918367346,3
N21,N25,N39,0.0024489795918367346,3
N21,N25,N44,0.0024489795918367346,3
N21,N25,N45,0.0024489795918367346,3
N21,N26,N27,0.0024489795918367346,3
N21,N26,N34,0.0024489795918367346,3
N21,N26,N35,0.0024489795918367346,3
N21,N26,N42,0.0024489795918367346,3
N21,N26,N43,0.0024489795918367346,3
N21,N27,N29,0.0024489795918367346,3
N21,N27,N33,0.0024489795918367346,3
N21,N27,N34,0.0024489795918367346,3
N21,N27,N36,0.0024489795918367346,3
N21,N27,N37,0.0024489795918367346,3
N21,N27,N45,0.0024489795918367346,3
N21,N29,N37,0.0024489795918367346,3
N21,N30,N33,0.0024489795918367346,3
N21,N30,N34,0.0024489795918367346,3
N21,N30,N37,0.0024489795918367346,3
N21,N30,N42,0.0024489795918367346,3
N21,N30,N45,0.0024489795918367346,3
N21,N31,N32,0.0024489795918367346,3
N21,N31,N37,0.0024489795918367346,3
N21,N32,N35,0.0024489795918367346,3
N21,N32,N40,0.0024489795918367346,3
N21,N32,N42,0.0024489795918367346,3
N21,N33,N34,0.0024489795918367346,3
N21,N33,N35,0.0024489795918367346,3
N21,N33,N37,0.0024489795918367346,3
N21,N33,N42,0.0024489795918367346,3
N21,N34,N35,0.0024489795918367346,3
N21,N34,N37,0.0024489795918367346,3
N21,N35,N37,0.0024489795918367346,3
N21,N35,N38,0.0024489795918367346,3
N21,N35,N42,0.0024489795918367346,3
N21,N35,N44,0.0024489795918367346,3
N21,N36,N37,0.0024489795918367346,3
N21,N36,N41,0.0024489795918367346,3
N21,N36,N43,0.0024489795918367346,3
N21,N36,N45,0.0024489795918367346,3
N21,N38,N43,0.0024489795918367346,3
N21,N38,N44,0.0024489795918367346,3
N21,N39,N44,0.0024489795918367346,3
N21,N39,N45,0.0024489795918367346,3
N21,N40,N45,0.0024489795918367346,3
N21,N44,N45,0.0024489795918367346,3
N22,N23,N25,0.0024489795918367346,3
N22,N23,N44,0.0024489795918367346,3
N22,N24,N36,0.0024489795918367346,3
N22,N25,N37,0.0024489795918367346,3
N22,N25,N38,0.0024489795918367346,3
N22,N27,N31,0.0024489795918367346,3
N22,N27,N38,0.0024489795918367346,3
N22,N27,N42,0.0024489795918367346,3
N22,N28,N40,0.0024489795918367346,3
N22,N29,N34,0.0024489795918367346,3
N22,N30,N34,0.0024489795918367346,3
N22,N31,N42,0.0024489795918367346,3
N22,N31,N45,0.0024489795918367346,3
N22,N32,N45,0.0024489795918367346,3
N22,N33,N37,0.0024489795918367346,3
N22,N33,N42,0.0024489795918367346,3
N22,N34,N39,0.0024489795918367346,3
N22,N34,N40,0.0024489795918367346,3
N22,N34,N45,0.0024489795918367346,3
N22,N36,N44,0.0024489795918367346,3
N22,N37,N40,0.0024489795918367346,3
N22,N38,N44,0.0024489795918367346,3
N23,N24,N43,0.0024489795918367346,3
N23,N24,N44,0.0024489795918367346,3
N23,N25,N40,0.0024489795918367346,3
N23,N26,N44,0.0024489795918367346,3
N23,N26,N45,0.0024489795918367346,3
N23,N27,N29,0.0024489795918367346,3
N23,N27,N38,0.0024489795918367346,3
N23,N27,N40,0.0024489795918367346,3
N23,N27,N42,0.0024489795918367346,3
N23,N27,N43,0.0024489795918367346,3
N23,N29,N40,0.0024489795918367346,3
N23,N29,N42,0.0024489795918367346,3
N23,N30,N44,0.0024489795918367346,3
N23,N31,N35,0.0024489795918367346,3
N23,N31,N36,0.0024489795918367346,3
N23,N31,N37,0.0024489795918367346,3
N23,N31,N39,0.0024489795918367346,3
N23,N34,N45,0.0024489795918367346,3
N23,N35,N38,0.0024489795918367346,3
N23,N37,N42,0.0024489795918367346,3
N23,N37,N45,0.0024489795918367346,3
N23,N38,N40,0.0024489795918367346,3
N23,N38,N42,0.0024489795918367346,3
N23,N38,N43,0.0024489795918367346,3
N23,N39,N44,0.0024489795918367346,3
N23,N42,N45,0.0024489795918367346,3
N24,N26,N37,0.0024489795918367346,3
N24,N27,N28,0.0024489795918367346,3
N24,N27,N30,0.0024489795918367346,3
N24,N27,N31,0.0024489795918367346,3
N24,N27,N32,0.0024489795918367346,3
N24,N27,N44,0.0024489795918367346,3
N24,N28,N30,0.0024489795918367346,3
N24,N29,N34,0.0024489795918367346,3
N24,N29,N38,0.0024489795918367346,3
N24,N29,N44,0.0024489795918367346,3
N24,N30,N31,0.0024489795918367346,3
N24,N30,N34,0.0024489795918367346,3
N24,N30,N45,0.0024489795918367346,3
N24,N31,N32,0.0024489795918367346,3
N24,N32,N39,0.0024489795918367346,3
N24,N33,N37,0.0024489795918367346,3
N24,N34,N35,0.0024489795918367346,3
N24,N34,N38,0.0024489795918367346,3
N24,N34,N42,0.0024489795918367346,3
N24,N35,N36,0.0024489795918367346,3
N24,N35,N37,0.0024489795918367346,3
N24,N35,N45,0.0024489795918367346,3
N24,N36,N39,0.0024489795918367346,3
N24,N38,N40,0.0024489795918367346,3
N24,N38,N44,0.0024489795918367346,3
N24,N38,N45,0.0024489795918367346,3
N24,N39,N44,0.0024489795918367346,3
N24,N39,N45,0.0024489795918367346,3
N24,N40,N41,0.0024489795918367346,3
N24,N41,N43,0.0024489795918367346,3
N24,N41,N44,0.0024489795918367346,3
N24,N42,N44,0.0024489795918367346,3
N24,N42,N45,0.0024489795918367346,3
N24,N43,N44,0.0024489795918367346,3
N25,N26,N27,0.0024489795918367346,3
N25,N26,N36,0.0024489795918367346,3
N25,N26,N43,0.0024489795918367346,3
N25,N27,N29,0.0024489795918367346,3
N25,N27,N35,0.0024489795918367346,3
N25,N28,N29,0.0024489795918367346,3
N25,N28,N43,0.0024489795918367346,3
N25,N29,N34,0.0024489795918367346,3
N25,N29,N42,0.0024489795918367346,3
N25,N30,N32,0.0024489795918367346,3
N25,N31,N34,0.0024489795918367346,3
N25,N31,N36,0.0024489795918367346,3
N25,N31,N44,0.0024489795918367346,3
N25,N33,N35,0.0024489795918367346,3
N25,N33,N38,0.0024489795918367346,3
N25,N34,N37,0.0024489795918367346,3
N25,N36,N38,0.0024489795918367346,3
N25,N36,N43,0.0024489795918367346,3
N25,N37,N38,0.0024489795918367346,3
N25,N38,N39,0.0024489795918367346,3
N25,N39,N40,0.0024489795918367346,3
N25,N39,N44,0.0024489795918367346,3
N25,N42,N43,0.0024489795918367346,3
N26,N27,N35,0.0024489795918367346,3
N26,N27,N38,0.0024489795918367346,3
N26,N27,N40,0.0024489795918367346,3
N26,N27,N44,0.0024489795918367346,3
N26,N28,N30,0.0024489795918367346,3
N26,N28,N34,0.0024489795918367346,3
N26,N28,N36,0.0024489795918367346,3
N26,N28,N40,0.0024489795918367346,3
N26,N28,N41,0.0024489795918367346,3
N26,N28,N42,0.0024489795918367346,3
N26,N28,N43,0.0024489795918367346,3
N26,N29,N30,0.0024489795918367346,3
N26,N29,N34,0.0024489795918367346,3
N26,N29,N38,0.0024489795918367346,3
N26,N29,N40,0.0024489795918367346,3
N26,N29,N44,0.0024489795918367346,3
N26,N30,N35,0.0024489795918367346,3
N26,N30,N41,0.0024489795918367346,3
N26,N30,N42,0.0024489795918367346,3
N26,N30,N43,0.0024489795918367346,3
N26,N31,N34,0.0024489795918367346,3
N26,N31,N37,0.0024489795918367346,3
N26,N31,N38,0.0024489795918367346,3
N26,N31,N40,0.0024489795918367346,3
N26,N31,N41,0.0024489795918367346,3
N26,N33,N35,0.0024489795918367346,3
N26,N33,N38,0.0024489795918367346,3
N26,N33,N40,0.0024489795918367346,3
N26,N33,N41,0.0024489795918367346,3
N26,N34,N38,0.0024489795918367346,3
N26,N34,N42,0.0024489795918367346,3
N26,N35,N38,0.0024489795918367346,3
N26,N36,N37,0.0024489795918367346,3
N26,N36,N39,0.0024489795918367346,3
N26,N36,N43,0.0024489795918367346,3
N26,N37,N38,0.0024489795918367346,3
N26,N37,N40,0.0024489795918367346,3
N26,N37,N42,0.0024489795918367346,3
N26,N37,N43,0.0024489795918367346,3
N26,N38,N39,0.0024489795918367346,3
N26,N38,N41,0.0024489795918367346,3
N26,N39,N44,0.0024489795918367346,3
N26,N40,N41,0.0024489795918367346,3
N26,N41,N42,0.0024489795918367346,3
N26,N43,N45,0.0024489795918367346,3
N27,N28,N32,0.0024489795918367346,3
N27,N28,N38,0.0024489795918367346,3
N27,N28,N39,0.0024489795918367346,3
N27,N28,N45,0.0024489795918367346,3
N27,N29,N33,0.0024489795918367346,3
N27,N29,N44,0.0024489795918367346,3
N27,N29,N45,0.0024489795918367346,3
N27,N30,N31,0.0024489795918367346,3
N27,N30,N36,0.0024489795918367346,3
N27,N30,N40,0.0024489795918367346,3
N27,N30,N42,0.0024489795918367346,3
N27,N30,N45,0.0024489795918367346,3
N27,N31,N34,0.0024489795918367346,3
N27,N31,N37,0.0024489795918367346,3
N27,N31,N40,0.0024489795918367346,3
N27,N31,N42,0.0024489795918367346,3
N27,N31,N43,0.0024489795918367346,3
N27,N32,N37,0.0024489795918367346,3
N27,N33,N44,0.0024489795918367346,3
N27,N34,N36,0.0024489795918367346,3
N27,N34,N43,0.0024489795918367346,3
N27,N35,N38,0.0024489795918367346,3
N27,N35,N39,0.0024489795918367346,3
N27,N35,N40,0.0024489795918367346,3
N27,N36,N38,0.0024489795918367346,3
N27,N37,N40,0.0024489795918367346,3
N27,N37,N41,0.0024489795918367346,3
N27,N37,N43,0.0024489795918367346,3
N27,N37,N45,0.0024489795918367346,3
N27,N38,N45,0.0024489795918367346,3
N27,N39,N43,0.0024489795918367346,3
N27,N39,N45,0.0024489795918367346,3
N27,N41,N44,0.0024489795918367346,3
N27,N42,N43,0.0024489795918367346,3
N27,N42,N45,0.0024489795918367346,3
N28,N29,N40,0.0024489795918367346,3
N28,N30,N36,0.0024489795918367346,3
N28,N30,N44,0.0024489795918367346,3
N28,N31,N44,0.0024489795918367346,3
N28,N34,N38,0.0024489795918367346,3
N28,N34,N41,0.0024489795918367346,3
N28,N34,N43,0.0024489795918367346,3
N28,N36,N39,0.0024489795918367346,3
N28,N37,N39,0.0024489795918367346,3
N28,N37,N40,0.0024489795918367346,3
N28,N41,N43,0.0024489795918367346,3
N28,N41,N44,0.0024489795918367346,3
N29,N30,N44,0.0024489795918367346,3
N29,N31,N34,0.0024489795918367346,3
N29,N31,N39,0.0024489795918367346,3
N29,N31,N43,0.0024489795918367346,3
N29,N31,N44,0.0024489795918367346,3
N29,N32,N33,0.0024489795918367346,3
N29,N32,N43,0.0024489795918367346,3
N29,N33,N35,0.0024489795918367346,3
N29,N33,N44,0.0024489795918367346,3
N29,N34,N37,0.0024489795918367346,3
N29,N34,N39,0.0024489795918367346,3
N29,N34,N40,0.0024489795918367346,3
N29,N35,N38,0.0024489795918367346,3
N29,N35,N44,0.0024489795918367346,3
N29,N37,N39,0.0024489795918367346,3
N29,N37,N40,0.0024489795918367346,3
N29,N38,N40,0.0024489795918367346,3
N29,N38,N41,0.0024489795918367346,3
N29,N38,N45,0.0024489795918367346,3
N29,N41,N45,0.0024489795918367346,3
N30,N31,N38,0.0024489795918367346,3
N30,N31,N44,0.0024489795918367346,3
N30,N32,N33,0.0024489795918367346,3
N30,N32,N34,0.0024489795918367346,3
N30,N33,N36,0.0024489795918367346,3
N30,N33,N39,0.0024489795918367346,3
N30,N33,N41,0.0024489795918367346,3
N30,N33,N45,0.0024489795918367346,3
N30,N34,N39,0.0024489795918367346,3
N30,N34,N41,0.0024489795918367346,3
N30,N34,N45,0.0024489795918367346,3
N30,N35,N42,0.0024489795918367346,3
N30,N35,N44,0.0024489795918367346,3
N30,N36,N38,0.0024489795918367346,3
N30,N36,N39,0.0024489795918367346,3
N30,N37,N39,0.0024489795918367346,3
N30,N37,N43,0.0024489795918367346,3
N30,N38,N39,0.0024489795918367346,3
N30,N38,N41,0.0024489795918367346,3
N30,N38,N43,0.0024489795918367346,3
N31,N32,N33,0.0024489795918367346,3
N31,N32,N38,0.0024489795918367346,3
N31,N32,N41,0.0024489795918367346,3
N31,N32,N45,0.0024489795918367346,3
N31,N33,N37,0.0024489795918367346,3
N31,N33,N38,0.0024489795918367346,3
N31,N34,N40,0.0024489795918367346,3
N31,N34,N45,0.0024489795918367346,3
N31,N35,N38,0.0024489795918367346,3
N31,N36,N43,0.0024489795918367346,3
N31,N36,N45,0.0024489795918367346,3
N31,N38,N40,0.0024489795918367346,3
N31,N38,N41,0.0024489795918367346,3
N31,N38,N43,0.0024489795918367346,3
N31,N38,N45,0.0024489795918367346,3
N31,N39,N41,0.0024489795918367346,3
N31,N39,N45,0.0024489795918367346,3
N32,N33,N34,0.0024489795918367346,3
N32,N33,N35,0.0024489795918367346,3
N32,N33,N39,0.0024489795918367346,3
N32,N33,N41,0.0024489795918367346,3
N32,N39,N45,0.0024489795918367346,3
N32,N40,N45,0.0024489795918367346,3
N33,N34,N35,0.0024489795918367346,3
N33,N35,N40,0.0024489795918367346,3
N33,N35,N43,0.0024489795918367346,3
N33,N35,N45,0.0024489795918367346,3
N33,N36,N37,0.0024489795918367346,3
N33,N38,N39,0.0024489795918367346,3
N33,N38,N40,0.0024489795918367346,3
N33,N40,N42,0.0024489795918367346,3
N33,N40,N45,0.0024489795918367346,3
N33,N43,N45,0.0024489795918367346,3
N34,N35,N43,0.0024489795918367346,3
N34,N36,N42,0.0024489795918367346,3
N34,N36,N44,0.0024489795918367346,3
N34,N36,N45,0.0024489795918367346,3
N34,N38,N42,0.0024489795918367346,3
N34,N39,N40,0.0024489795918367346,3
N34,N39,N41,0.0024489795918367346,3
N34,N39,N45,0.0024489795918367346,3
N34,N40,N42,0.0024489795918367346,3
N34,N40,N44,0.0024489795918367346,3
N34,N40,N45,0.0024489795918367346,3
N34,N41,N42,0.0024489795918367346,3
N35,N36,N41,0.0024489795918367346,3
N35,N37,N41,0.0024489795918367346,3
N35,N42,N43,0.0024489795918367346,3
N36,N37,N38,0.0024489795918367346,3
N36,N37,N45,0.0024489795918367346,3
N36,N39,N42,0.0024489795918367346,3
N36,N39,N45,0.0024489795918367346,3
N36,N42,N45,0.0024489795918367346,3
N36,N44,N45,0.0024489795918367346,3
N37,N39,N40,0.0024489795918367346,3
N37,N39,N44,0.0024489795918367346,3
N37,N40,N41,0.0024489795918367346,3
N37,N41,N43,0.0024489795918367346,3
N37,N42,N43,0.0024489795918367346,3
N37,N42,N45,0.0024489795918367346,3
N38,N39,N41,0.0024489795918367346,3
N38,N39,N43,0.0024489795918367346,3
N38,N40,N43,0.0024489795918367346,3
N38,N40,N44,0.0024489795918367346,3
N39,N41,N42,0.0024489795918367346,3
N40,N41,N45,0.0024489795918367346,3
N40,N42,N43,0.0024489795918367346,3
N40,N42,N44,0.0024489795918367346,3
N41,N43,N45,0.0024489795918367346,3
N01,N02,N14,0.0016326530612244899,2
N01,N02,N17,0.0016326530612244899,2
N01,N02,N26,0.0016326530612244899,2
N01,N02,N27,0.0016326530612244899,2
N01,N02,N34,0.0016326530612244899,2
N01,N02,N36,0.0016326530612244899,2
N01,N02,N44,0.0016326530612244899,2
N01,N02,N45,0.0016326530612244899,2
N01,N03,N04,0.0016326530612244899,2
N01,N03,N09,0.0016326530612244899,2
N01,N03,N15,0.0016326530612244899,2
N01,N03,N16,0.0016326530612244899,2
N01,N03,N22,0.0016326530612244899,2
N01,N03,N23,0.0016326530612244899,2
N01,N03,N28,0.0016326530612244899,2
N01,N03,N31,0.0016326530612244899,2
N01,N03,N36,0.0016326530612244899,2
N01,N03,N39,0.0016326530612244899,2
N01,N04,N06,0.0016326530612244899,2
N01,N04,N17,0.0016326530612244899,2
N01,N04,N18,0.0016326530612244899,2
N01,N04,N34,0.0016326530612244899,2
N01,N04,N40,0.0016326530612244899,2
N01,N05,N09,0.0016326530612244899,2
N01,N05,N11,0.0016326530612244899,2
N01,N05,N12,0.0016326530612244899,2
N01,N05,N13,0.0016326530612244899,2
N01,N05,N14,0.0016326530612244899,2
N01,N05,N16,0.0016326530612244899,2
N01,N05,N19,0.0016326530612244899,2
N01,N05,N21,0.0016326530612244899,2
N01,N05,N24,0.0016326530612244899,2
N01,N05,N26,0.0016326530612244899,2
N01,N05,N35,0.0016326530612244899,2
N01,N05,N39,0.0016326530612244899,2
N01,N05,N41,0.0016326530612244899,2
N01,N05,N42,0.0016326530612244899,2
N01,N06,N13,0.0016326530612244899,2
N01,N06,N17,0.0016326530612244899,2
N01,N06,N33,0.0016326530612244899,2
N01,N06,N36,0.0016326530612244899,2
N01,N06,N37,0.0016326530612244899,2
N01,N06,N41,0.0016326530612244899,2
N01,N07,N09,0.0016326530612244899,2
N01,N07,N12,0.0016326530612244899,2
N01,N07,N15,0.0016326530612244899,2
N01,N07,N18,0.0016326530612244899,2
N01,N07,N26,0.0016326530612244899,2
N01,N07,N35,0.0016326530612244899,2
N01,N08,N11,0.0016326530612244899,2
N01,N08,N19,0.0016326530612244899,2
N01,N08,N21,0.0016326530612244899,2
N01,N08,N22,0.0016326530612244899,2
N01,N08,N27,0.0016326530612244899,2
N01,N08,N28,0.0016326530612244899,2
N01,N08,N31,0.0016326530612244899,2
N01,N08,N36,0.0016326530612244899,2
N01,N08,N37,0.0016326530612244899,2
N01,N08,N43,0.0016326530612244899,2
N01,N09,N13,0.0016326530612244899,2
N01,N09,N27,0.0016326530612244899,2
N01,N09,N41,0.0016326530612244899,2
N01,N10,N15,0.0016326530612244899,2
N01,N10,N17,0.0016326530612244899,2
N01,N10,N18,0.0016326530612244899,2
N01,N10,N19,0.0016326530612244899,2
N01,N10,N24,0.0016326530612244899,2
N01,N10,N25,0.0016326530612244899,2
N01,N10,N27,0.0016326530612244899,2
N01,N10,N29,0.0016326530612244899,2
N01,N10,N37,0.0016326530612244899,2
N01,N10,N42,0.0016326530612244899,2
N01,N10,N43,0.0016326530612244899,2
N01,N10,N44,0.0016326530612244899,2
N01,N11,N13,0.0016326530612244899,2
N01,N11,N14,0.0016326530612244899,2
N01,N11,N15,0.0016326530612244899,2
N01,N11,N16,0.0016326530612244899,2
N01,N11,N26,0.0016326530612244899,2
N01,N11,N30,0.0016326530612244899,2
N01,N11,N34,0.0016326530612244899,2
N01,N11,N36,0.0016326530612244899,2
N01,N11,N40,0.0016326530612244899,2
N01,N11,N42,0.0016326530612244899,2
N01,N12,N14,0.0016326530612244899,2
N01,N12,N19,0.0016326530612244899,2
N01,N12,N27,0.0016326530612244899,2
N01,N12,N32,0.0016326530612244899,2
N01,N12,N33,0.0016326530612244899,2
N01,N12,N38,0.0016326530612244899,2
N01,N13,N19,0.0016326530612244899,2
N01,N13,N20,0.0016326530612244899,2
N01,N13,N22,0.0016326530612244899,2
N01,N13,N24,0.0016326530612244899,2
N01,N13,N25,0.0016326530612244899,2
N01,N13,N26,0.0016326530612244899,2
N01,N13,N32,0.0016326530612244899,2
N01,N13,N35,0.0016326530612244899,2
N01,N13,N36,0.0016326530612244899,2
N01,N14,N15,0.0016326530612244899,2
N01,N14,N16,0.0016326530612244899,2
N01,N14,N20,0.0016326530612244899,2
N01,N14,N26,0.0016326530612244899,2
N01,N14,N27,0.0016326530612244899,2
N01,N14,N28,0.0016326530612244899,2
N01,N14,N34,0.0016326530612244899,2
N01,N14,N35,0.0016326530612244899,2
N01,N14,N41,0.0016326530612244899,2
N01,N14,N43,0.0016326530612244899,2
N01,N15,N17,0.0016326530612244899,2
N01,N15,N20,0.0016326530612244899,2
N01,N15,N24,0.0016326530612244899,2
N01,N15,N32,0.0016326530612244899,2
N01,N15,N34,0.0016326530612244899,2
N01,N15,N35,0.0016326530612244899,2
N01,N15,N36,0.0016326530612244899,2
N01,N15,N37,0.0016326530612244899,2
N01,N15,N39,0.0016326530612244899,2
N01,N15,N40,0.0016326530612244899,2
N01,N16,N17,0.0016326530612244899,2
N01,N16,N19,0.0016326530612244899,2
N01,N16,N24,0.0016326530612244899,2
N01,N16,N28,0.0016326530612244899,2
N01,N16,N29,0.0016326530612244899,2
N01,N16,N32,0.0016326530612244899,2
N01,N16,N34,0.0016326530612244899,2
N01,N16,N39,0.0016326530612244899,2
N01,N17,N20,0.0016326530612244899,2
N01,N17,N21,0.0016326530612244899,2
N01,N17,N24,0.0016326530612244899,2
N01,N17,N25,0.0016326530612244899,2
N01,N17,N26,0.0016326530612244899,2
N01,N17,N32,0.0016326530612244899,2
N01,N17,N34,0.0016326530612244899,2
N01,N17,N40,0.0016326530612244899,2
N01,N17,N44,0.0016326530612244899,2
N01,N18,N20,0.0016326530612244899,2
N01,N18,N23,0.0016326530612244899,2
N01,N18,N27,0.0016326530612244899,2
N01,N18,N31,0.0016326530612244899,2
N01,N18,N32,0.0016326530612244899,2
N01,N18,N37,0.0016326530612244899,2
N01,N18,N41,0.0016326530612244899,2
N01,N18,N43,0.0016326530612244899,2
N01,N19,N20,0.0016326530612244899,2
N01,N19,N23,0.0016326530612244899,2
N01,N19,N28,0.0016326530612244899,2
N01,N19,N34,0.0016326530612244899,2
N01,N19,N36,0.0016326530612244899,2
N01,N19,N40,0.0016326530612244899,2
N01,N19,N43,0.0016326530612244899,2
N01,N20,N32,0.0016326530612244899,2
N01,N20,N33,0.0016326530612244899,2
N01,N20,N37,0.0016326530612244899,2
N01,N20,N40,0.0016326530612244899,2
N01,N21,N24,0.0016326530612244899,2
N01,N21,N27,0.0016326530612244899,2
N01,N21,N30,0.0016326530612244899,2
N01,N21,N31,0.0016326530612244899,2
N01,N21,N33,0.0016326530612244899,2
N01,N21,N34,0.0016326530612244899,2
N01,N21,N36,0.0016326530612244899,2
N01,N21,N37,0.0016326530612244899,2
N01,N21,N38,0.0016326530612244899,2
N01,N21,N40,0.0016326530612244899,2
N01,N21,N44,0.0016326530612244899,2
N01,N22,N25,0.0016326530612244899,2
N01,N22,N31,0.0016326530612244899,2
N01,N22,N33,0.0016326530612244899,2
N01,N22,N37,0.0016326530612244899,2
N01,N22,N38,0.0016326530612244899,2
N01,N23,N25,0.0016326530612244899,2
N01,N23,N27,0.0016326530612244899,2
N01,N23,N31,0.0016326530612244899,2
N01,N23,N35,0.0016326530612244899,2
N01,N23,N38,0.0016326530612244899,2
N01,N23,N40,0.0016326530612244899,2
N01,N23,N41,0.0016326530612244899,2
N01,N23,N44,0.0016326530612244899,2
N01,N23,N45,0.0016326530612244899,2
N01,N24,N41,0.0016326530612244899,2
N01,N24,N45,0.0016326530612244899,2
N01,N25,N37,0.0016326530612244899,2
N01,N25,N38,0.0016326530612244899,2
N01,N25,N41,0.0016326530612244899,2
N01,N26,N34,0.0016326530612244899,2
N01,N26,N36,0.0016326530612244899,2
N01,N26,N37,0.0016326530612244899,2
N01,N27,N32,0.0016326530612244899,2
N01,N27,N33,0.0016326530612244899,2
N01,N27,N36,0.0016326530612244899,2
N01,N27,N37,0.0016326530612244899,2
N01,N27,N38,0.0016326530612244899,2
N01,N27,N40,0.0016326530612244899,2
N01,N27,N45,0.0016326530612244899,2
N01,N28,N30,0.0016326530612244899,2
N01,N28,N32,0.0016326530612244899,2
N01,N28,N37,0.0016326530612244899,2
N01,N29,N38,0.0016326530612244899,2
N01,N29,N39,0.0016326530612244899,2
N01,N29,N40,0.0016326530612244899,2
N01,N29,N42,0.0016326530612244899,2
N01,N29,N43,0.0016326530612244899,2
N01,N29,N44,0.0016326530612244899,2
N01,N30,N36,0.0016326530612244899,2
N01,N31,N44,0.0016326530612244899,2
N01,N32,N35,0.0016326530612244899,2
N01,N32,N37,0.0016326530612244899,2
N01,N32,N41,0.0016326530612244899,2
N01,N32,N42,0.0016326530612244899,2
N01,N33,N35,0.0016326530612244899,2
N01,N33,N40,0.0016326530612244899,2
N01,N33,N42,0.0016326530612244899,2
N01,N33,N43,0.0016326530612244899,2
N01,N33,N45,0.0016326530612244899,2
N01,N34,N40,0.0016326530612244899,2
N01,N34,N45,0.0016326530612244899,2
N01,N35,N38,0.0016326530612244899,2
N01,N35,N41,0.0016326530612244899,2
N01,N35,N43,0.0016326530612244899,2
N01,N36,N39,0.0016326530612244899,2
N01,N36,N40,0.0016326530612244899,2
N01,N36,N44,0.0016326530612244899,2
N01,N36,N45,0.0016326530612244899,2
N01,N37,N42,0.0016326530612244899,2
N01,N37,N43,0.0016326530612244899,2
N01,N38,N39,0.0016326530612244899,2
N01,N40,N45,0.0016326530612244899,2
N01,N41,N42,0.0016326530612244899,2
N01,N41,N43,0.0016326530612244899,2
N01,N42,N43,0.0016326530612244899,2
N01,N42,N44,0.0016326530612244899,2
N01,N43,N45,0.0016326530612244899,2
N01,N44,N45,0.0016326530612244899,2
N02,N03,N06,0.0016326530612244899,2
N02,N03,N07,0.0016326530612244899,2
N02,N03,N09,0.0016326530612244899,2
N02,N03,N22,0.0016326530612244899,2
N02,N03,N24,0.0016326530612244899,2
N02,N03,N39,0.0016326530612244899,2
N02,N04,N05,0.0016326530612244899,2
N02,N04,N08,0.0016326530612244899,2
N02,N04,N21,0.0016326530612244899,2
N02,N04,N23,0.0016326530612244899,2
N02,N04,N33,0.0016326530612244899,2
N02,N04,N37,0.0016326530612244899,2
N02,N04,N38,0.0016326530612244899,2
N02,N05,N06,0.0016326530612244899,2
N02,N05,N12,0.0016326530612244899,2
N02,N05,N17,0.0016326530612244899,2
N02,N05,N20,0.0016326530612244899,2
N02,N05,N27,0.0016326530612244899,2
N02,N05,N28,0.0016326530612244899,2
N02,N05,N31,0.0016326530612244899,2
N02,N05,N34,0.0016326530612244899,2
N02,N05,N44,0.0016326530612244899,2
N02,N06,N08,0.0016326530612244899,2
N02,N06,N14,0.0016326530612244899,2
N02,N06,N18,0.0016326530612244899,2
N02,N06,N22,0.0016326530612244899,2
N02,N06,N25,0.0016326530612244899,2
N02,N06,N30,0.0016326530612244899,2
N02,N06,N31,0.0016326530612244899,2
N02,N06,N34,0.0016326530612244899,2
N02,N06,N37,0.0016326530612244899,2
N02,N06,N39,0.0016326530612244899,2
N02,N06,N43,0.0016326530612244899,2
N02,N06,N45,0.0016326530612244899,2
N02,N07,N09,0.0016326530612244899,2
N02,N07,N12,0.0016326530612244899,2
N02,N07,N19,0.0016326530612244899,2
N02,N07,N25,0.0016326530612244899,2
N02,N07,N40,0.0016326530612244899,2
N02,N07,N43,0.0016326530612244899,2
N02,N07,N44,0.0016326530612244899,2
N02,N08,N13,0.0016326530612244899,2
N02,N08,N14,0.0016326530612244899,2
N02,N08,N15,0.0016326530612244899,2
N02,N08,N19,0.0016326530612244899,2
N02,N08,N20,0.0016326530612244899,2
N02,N08,N27,0.0016326530612244899,2
N02,N08,N31,0.0016326530612244899,2
N02,N08,N32,0.0016326530612244899,2
N02,N08,N35,0.0016326530612244899,2
N02,N08,N36,0.0016326530612244899,2
N02,N08,N39,0.0016326530612244899,2
N02,N08,N42,0.0016326530612244899,2
N02,N08,N43,0.0016326530612244899,2
N02,N08,N44,0.0016326530612244899,2
N02,N08,N45,0.0016326530612244899,2
N02,N09,N15,0.0016326530612244899,2
N02,N09,N16,0.0016326530612244899,2
N02,N09,N17,0.0016326530612244899,2
N02,N09,N22,0.0016326530612244899,2
N02,N09,N23,0.0016326530612244899,2
N02,N09,N40,0.0016326530612244899,2
N02,N09,N45,0.0016326530612244899,2
N02,N10,N12,0.0016326530612244899,2
N02,N10,N13,0.0016326530612244899,2
N02,N10,N14,0.0016326530612244899,2
N02,N10,N16,0.0016326530612244899,2
N02,N10,N18,0.0016326530612244899,2
N02,N10,N31,0.0016326530612244899,2
N02,N10,N32,0.0016326530612244899,2
N02,N10,N35,0.0016326530612244899,2
N02,N11,N15,0.0016326530612244899,2
N02,N11,N18,0.0016326530612244899,2
N02,N11,N19,0.0016326530612244899,2
N02,N11,N29,0.0016326530612244899,2
N02,N11,N30,0.0016326530612244899,2
N02,N11,N33,0.0016326530612244899,2
N02,N11,N35,0.0016326530612244899,2
N02,N11,N42,0.0016326530612244899,2
N02,N11,N43,0.0016326530612244899,2
N02,N12,N17,0.0016326530612244899,2
N02,N12,N23,0.0016326530612244899,2
N02,N12,N30,0.0016326530612244899,2
N02,N12,N37,0.0016326530612244899,2
N02,N12,N41,0.0016326530612244899,2
N02,N12,N44,0.0016326530612244899,2
N02,N12,N45,0.0016326530612244899,2
N02,N13,N15,0.0016326530612244899,2
N02,N13,N19,0.0016326530612244899,2
N02,N13,N20,0.0016326530612244899,2
N02,N13,N22,0.0016326530612244899,2
N02,N13,N27,0.0016326530612244899,2
N02,N13,N31,0.0016326530612244899,2
N02,N13,N33,0.0016326530612244899,2
N02,N13,N37,0.0016326530612244899,2
N02,N13,N43,0.0016326530612244899,2
N02,N13,N44,0.0016326530612244899,2
N02,N13,N45,0.0016326530612244899,2
N02,N14,N15,0.0016326530612244899,2
N02,N14,N17,0.0016326530612244899,2
N02,N14,N24,0.0016326530612244899,2
N02,N14,N28,0.0016326530612244899,2
N02,N14,N30,0.0016326530612244899,2
N02,N14,N32,0.0016326530612244899,2
N02,N14,N33,0.0016326530612244899,2
N02,N14,N38,0.0016326530612244899,2
N02,N14,N44,0.0016326530612244899,2
N02,N14,N45,0.0016326530612244899,2
N02,N15,N19,0.0016326530612244899,2
N02,N15,N24,0.0016326530612244899,2
N02,N15,N25,0.0016326530612244899,2
N02,N15,N31,0.0016326530612244899,2
N02,N15,N33,0.0016326530612244899,2
N02,N15,N43,0.0016326530612244899,2
N02,N16,N17,0.0016326530612244899,2
N02,N16,N22,0.0016326530612244899,2
N02,N16,N25,0.0016326530612244899,2
N02,N16,N26,0.0016326530612244899,2
N02,N16,N29,0.0016326530612244899,2
N02,N16,N30,0.0016326530612244899,2
N02,N16,N31,0.0016326530612244899,2
N02,N16,N34,0.0016326530612244899,2
N02,N16,N36,0.0016326530612244899,2
N02,N16,N40,0.0016326530612244899,2
N02,N16,N42,0.0016326530612244899,2
N02,N16,N44,0.0016326530612244899,2
N02,N16,N45,0.0016326530612244899,2
N02,N17,N18,0.0016326530612244899,2
N02,N17,N20,0.0016326530612244899,2
N02,N17,N21,0.0016326530612244899,2
N02,N17,N30,0.0016326530612244899,2
N02,N17,N31,0.0016326530612244899,2
N02,N17,N32,0.0016326530612244899,2
N02,N17,N38,0.0016326530612244899,2
N02,N17,N42,0.0016326530612244899,2
N02,N18,N19,0.0016326530612244899,2
N02,N18,N29,0.0016326530612244899,2
N02,N18,N33,0.0016326530612244899,2
N02,N18,N34,0.0016326530612244899,2
N02,N19,N26,0.0016326530612244899,2
N02,N19,N27,0.0016326530612244899,2
N02,N19,N28,0.0016326530612244899,2
N02,N19,N31,0.0016326530612244899,2
N02,N19,N38,0.0016326530612244899,2
N02,N20,N29,0.0016326530612244899,2
N02,N20,N30,0.0016326530612244899,2
N02,N20,N39,0.0016326530612244899,2
N02,N20,N40,0.0016326530612244899,2
N02,N20,N42,0.0016326530612244899,2
N02,N20,N44,0.0016326530612244899,2
N02,N21,N22,0.0016326530612244899,2
N02,N21,N25,0.0016326530612244899,2
N02,N21,N26,0.0016326530612244899,2
N02,N21,N28,0.0016326530612244899,2
N02,N21,N33,0.0016326530612244899,2
N02,N21,N42,0.0016326530612244899,2
N02,N21,N45,0.0016326530612244899,2
N02,N22,N28,0.0016326530612244899,2
N02,N22,N33,0.0016326530612244899,2
N02,N22,N34,0.0016326530612244899,2
N02,N22,N36,0.0016326530612244899,2
N02,N22,N37,0.0016326530612244899,2
N02,N22,N40,0.0016326530612244899,2
N02,N22,N45,0.0016326530612244899,2
N02,N23,N34,0.0016326530612244899,2
N02,N23,N38,0.0016326530612244899,2
N02,N23,N40,0.0016326530612244899,2
N02,N24,N29,0.0016326530612244899,2
N02,N24,N30,0.0016326530612244899,2
N02,N24,N32,0.0016326530612244899,2
N02,N24,N39,0.0016326530612244899,2
N02,N24,N40,0.0016326530612244899,2
N02,N24,N41,0.0016326530612244899,2
N02,N24,N42,0.0016326530612244899,2
N02,N24,N44,0.0016326530612244899,2
N02,N25,N33,0.0016326530612244899,2
N02,N25,N34,0.0016326530612244899,2
N02,N25,N40,0.0016326530612244899,2
N02,N25,N42,0.0016326530612244899,2
N02,N25,N43,0.0016326530612244899,2
N02,N26,N34,0.0016326530612244899,2
N02,N26,N40,0.0016326530612244899,2
N02,N27,N35,0.0016326530612244899,2
N02,N27,N37,0.0016326530612244899,2
N02,N27,N38,0.0016326530612244899,2
N02,N27,N39,0.0016326530612244899,2
N02,N27,N41,0.0016326530612244899,2
N02,N27,N42,0.0016326530612244899,2
N02,N27,N43,0.0016326530612244899,2
N02,N28,N31,0.0016326530612244899,2
N02,N28,N32,0.0016326530612244899,2
N02,N28,N42,0.0016326530612244899,2
N02,N28,N43,0.0016326530612244899,2
N02,N29,N36,0.0016326530612244899,2
N02,N29,N38,0.0016326530612244899,2
N02,N29,N40,0.0016326530612244899,2
N02,N30,N32,0.0016326530612244899,2
N02,N30,N34,0.0016326530612244899,2
N02,N30,N38,0.0016326530612244899,2
N02,N30,N43,0.0016326530612244899,2
N02,N31,N32,0.0016326530612244899,2
N02,N31,N37,0.0016326530612244899,2
N02,N31,N38,0.0016326530612244899,2
N02,N31,N41,0.0016326530612244899,2
N02,N31,N42,0.0016326530612244899,2
N02,N32,N34,0.0016326530612244899,2
N02,N32,N36,0.0016326530612244899,2
N02,N32,N43,0.0016326530612244899,2
N02,N32,N44,0.0016326530612244899,2
N02,N33,N42,0.0016326530612244899,2
N02,N34,N35,0.0016326530612244899,2
N02,N34,N40,0.0016326530612244899,2
N02,N35,N39,0.0016326530612244899,2
N02,N35,N41,0.0016326530612244899,2
N02,N36,N37,0.0016326530612244899,2
N02,N36,N42,0.0016326530612244899,2
N02,N38,N42,0.0016326530612244899,2
N02,N39,N44,0.0016326530612244899,2
N02,N40,N42,0.0016326530612244899,2
N02,N41,N43,0.0016326530612244899,2
N02,N41,N44,0.0016326530612244899,2
N02,N41,N45,0.0016326530612244899,2
N02,N43,N45,0.0016326530612244899,2
N03,N04,N11,0.0016326530612244899,2
N03,N04,N14,0.0016326530612244899,2
N03,N04,N15,0.0016326530612244899,2
N03,N04,N25,0.0016326530612244899,2
N03,N04,N27,0.0016326530612244899,2
N03,N04,N29,0.0016326530612244899,2
N03,N04,N31,0.0016326530612244899,2
N03,N04,N32,0.0016326530612244899,2
N03,N04,N33,0.0016326530612244899,2
N03,N04,N34,0.0016326530612244899,2
N03,N04,N37,0.0016326530612244899,2
N03,N04,N44,0.0016326530612244899,2
N03,N05,N10,0.0016326530612244899,2
N03,N05,N13,0.0016326530612244899,2
N03,N05,N14,0.0016326530612244899,2
N03,N05,N26,0.0016326530612244899,2
N03,N05,N31,0.0016326530612244899,2
N03,N05,N34,0.0016326530612244899,2
N03,N05,N39,0.0016326530612244899,2
N03,N05,N42,0.0016326530612244899,2
N03,N05,N44,0.0016326530612244899,2
N03,N06,N07,0.0016326530612244899,2
N03,N06,N10,0.0016326530612244899,2
N03,N06,N12,0.0016326530612244899,2
N03,N06,N13,0.0016326530612244899,2
N03,N06,N14,0.0016326530612244899,2
N03,N06,N17,0.0016326530612244899,2
N03,N06,N18,0.0016326530612244899,2
N03,N06,N21,0.0016326530612244899,2
N03,N06,N34,0.0016326530612244899,2
N03,N06,N37,0.0016326530612244899,2
N03,N06,N41,0.0016326530612244899,2
N03,N07,N09,0.0016326530612244899,2
N03,N07,N10,0.0016326530612244899,2
N03,N07,N12,0.0016326530612244899,2
N03,N07,N16,0.0016326530612244899,2
N03,N07,N17,0.0016326530612244899,2
N03,N07,N18,0.0016326530612244899,2
N03,N07,N19,0.0016326530612244899,2
N03,N07,N26,0.0016326530612244899,2
N03,N07,N39,0.0016326530612244899,2
N03,N07,N40,0.0016326530612244899,2
N03,N07,N43,0.0016326530612244899,2
N03,N08,N12,0.0016326530612244899,2
N03,N08,N13,0.0016326530612244899,2
N03,N08,N15,0.0016326530612244899,2
N03,N08,N19,0.0016326530612244899,2
N03,N08,N20,0.0016326530612244899,2
N03,N08,N24,0.0016326530612244899,2
N03,N08,N29,0.0016326530612244899,2
N03,N08,N31,0.0016326530612244899,2
N03,N08,N38,0.0016326530612244899,2
N03,N08,N43,0.0016326530612244899,2
N03,N08,N45,0.0016326530612244899,2
N03,N09,N11,0.0016326530612244899,2
N03,N09,N18,0.0016326530612244899,2
N03,N09,N19,0.0016326530612244899,2
N03,N09,N22,0.0016326530612244899,2
N03,N09,N25,0.0016326530612244899,2
N03,N09,N28,0.0016326530612244899,2
N03,N09,N30,0.0016326530612244899,2
N03,N09,N36,0.0016326530612244899,2
N03,N09,N37,0.0016326530612244899,2
N03,N09,N40,0.0016326530612244899,2
N03,N10,N14,0.0016326530612244899,2
N03,N10,N15,0.0016326530612244899,2
N03,N10,N16,0.0016326530612244899,2
N03,N10,N17,0.0016326530612244899,2
N03,N10,N20,0.0016326530612244899,2
N03,N10,N26,0.0016326530612244899,2
N03,N10,N28,0.0016326530612244899,2
N03,N10,N34,0.0016326530612244899,2
N03,N10,N35,0.0016326530612244899,2
N03,N10,N40,0.0016326530612244899,2
N03,N11,N15,0.0016326530612244899,2
N03,N11,N17,0.0016326530612244899,2
N03,N11,N20,0.0016326530612244899,2
N03,N11,N24,0.0016326530612244899,2
N03,N11,N27,0.0016326530612244899,2
N03,N11,N30,0.0016326530612244899,2
N03,N11,N31,0.0016326530612244899,2
N03,N11,N38,0.0016326530612244899,2
N03,N11,N42,0.0016326530612244899,2
N03,N12,N15,0.0016326530612244899,2
N03,N12,N18,0.0016326530612244899,2
N03,N12,N22,0.0016326530612244899,2
N03,N12,N23,0.0016326530612244899,2
N03,N12,N24,0.0016326530612244899,2
N03,N12,N25,0.0016326530612244899,2
N03,N12,N33,0.0016326530612244899,2
N03,N12,N38,0.0016326530612244899,2
N03,N12,N40,0.0016326530612244899,2
N03,N12,N42,0.0016326530612244899,2
N03,N12,N45,0.0016326530612244899,2
N03,N13,N17,0.0016326530612244899,2
N03,N13,N22,0.0016326530612244899,2
N03,N13,N23,0.0016326530612244899,2
N03,N13,N25,0.0016326530612244899,2
N03,N13,N26,0.0016326530612244899,2
N03,N13,N28,0.0016326530612244899,2
N03,N13,N29,0.0016326530612244899,2
N03,N13,N31,0.0016326530612244899,2
N03,N13,N39,0.0016326530612244899,2
N03,N13,N40,0.0016326530612244899,2
N03,N13,N41,0.0016326530612244899,2
N03,N13,N43,0.0016326530612244899,2
N03,N13,N44,0.0016326530612244899,2
N03,N13,N45,0.0016326530612244899,2
N03,N14,N17,0.0016326530612244899,2
N03,N14,N18,0.0016326530612244899,2
N03,N14,N20,0.0016326530612244899,2
N03,N14,N22,0.0016326530612244899,2
N03,N14,N23,0.0016326530612244899,2
N03,N14,N27,0.0016326530612244899,2
N03,N14,N32,0.0016326530612244899,2
N03,N14,N33,0.0016326530612244899,2
N03,N14,N35,0.0016326530612244899,2
N03,N14,N37,0.0016326530612244899,2
N03,N14,N40,0.0016326530612244899,2
N03,N14,N41,0.0016326530612244899,2
N03,N14,N43,0.0016326530612244899,2
N03,N15,N16,0.0016326530612244899,2
N03,N15,N25,0.0016326530612244899,2
N03,N15,N29,0.0016326530612244899,2
N03,N15,N32,0.0016326530612244899,2
N03,N15,N35,0.0016326530612244899,2
N03,N15,N37,0.0016326530612244899,2
N03,N15,N38,0.0016326530612244899,2
N03,N15,N40,0.0016326530612244899,2
N03,N15,N41,0.0016326530612244899,2
N03,N15,N43,0.0016326530612244899,2
N03,N15,N45,0.0016326530612244899,2
N03,N16,N18,0.0016326530612244899,2
N03,N16,N20,0.0016326530612244899,2
N03,N16,N23,0.0016326530612244899,2
N03,N16,N26,0.0016326530612244899,2
N03,N16,N30,0.0016326530612244899,2
N03,N16,N34,0.0016326530612244899,2
N03,N16,N37,0.0016326530612244899,2
N03,N17,N18,0.0016326530612244899,2
N03,N17,N22,0.0016326530612244899,2
N03,N17,N24,0.0016326530612244899,2
N03,N17,N27,0.0016326530612244899,2
N03,N17,N30,0.0016326530612244899,2
N03,N17,N32,0.0016326530612244899,2
N03,N17,N34,0.0016326530612244899,2
N03,N17,N35,0.0016326530612244899,2
N03,N17,N37,0.0016326530612244899,2
N03,N17,N41,0.0016326530612244899,2
N03,N18,N19,0.0016326530612244899,2
N03,N18,N20,0.0016326530612244899,2
N03,N18,N23,0.0016326530612244899,2
N03,N18,N26,0.0016326530612244899,2
N03,N18,N27,0.0016326530612244899,2
N03,N18,N28,0.0016326530612244899,2
N03,N18,N29,0.0016326530612244899,2
N03,N18,N35,0.0016326530612244899,2
N03,N18,N36,0.0016326530612244899,2
N03,N18,N41,0.0016326530612244899,2
N03,N18,N45,0.0016326530612244899,2
N03,N19,N24,0.0016326530612244899,2
N03,N19,N27,0.0016326530612244899,2
N03,N19,N31,0.0016326530612244899,2
N03,N19,N39,0.0016326530612244899,2
N03,N19,N42,0.0016326530612244899,2
N03,N19,N43,0.0016326530612244899,2
N03,N20,N21,0.0016326530612244899,2
N03,N20,N22,0.0016326530612244899,2
N03,N20,N23,0.0016326530612244899,2
N03,N20,N25,0.0016326530612244899,2
N03,N20,N26,0.0016326530612244899,2
N03,N20,N34,0.0016326530612244899,2
N03,N20,N36,0.0016326530612244899,2
N03,N20,N40,0.0016326530612244899,2
N03,N20,N41,0.0016326530612244899,2
N03,N20,N42,0.0016326530612244899,2
N03,N20,N43,0.0016326530612244899,2
N03,N20,N45,0.0016326530612244899,2
N03,N21,N30,0.0016326530612244899,2
N03,N21,N33,0.0016326530612244899,2
N03,N21,N35,0.0016326530612244899,2
N03,N21,N41,0.0016326530612244899,2
N03,N21,N45,0.0016326530612244899,2
N03,N22,N23,0.0016326530612244899,2
N03,N22,N25,0.0016326530612244899,2
N03,N22,N27,0.0016326530612244899,2
N03,N22,N30,0.0016326530612244899,2
N03,N22,N33,0.0016326530612244899,2
N03,N22,N37,0.0016326530612244899,2
N03,N22,N40,0.0016326530612244899,2
N03,N23,N31,0.0016326530612244899,2
N03,N23,N34,0.0016326530612244899,2
N03,N23,N37,0.0016326530612244899,2
N03,N23,N40,0.0016326530612244899,2
N03,N23,N42,0.0016326530612244899,2
N03,N24,N31,0.0016326530612244899,2
N03,N24,N34,0.0016326530612244899,2
N03,N25,N36,0.0016326530612244899,2
N03,N25,N37,0.0016326530612244899,2
N03,N25,N43,0.0016326530612244899,2
N03,N25,N45,0.0016326530612244899,2
N03,N26,N42,0.0016326530612244899,2
N03,N27,N28,0.0016326530612244899,2
N03,N28,N32,0.0016326530612244899,2
N03,N28,N34,0.0016326530612244899,2
N03,N28,N39,0.0016326530612244899,2
N03,N28,N40,0.0016326530612244899,2
N03,N28,N44,0.0016326530612244899,2
N03,N28,N45,0.0016326530612244899,2
N03,N29,N37,0.0016326530612244899,2
N03,N29,N39,0.0016326530612244899,2
N03,N29,N42,0.0016326530612244899,2
N03,N29,N45,0.0016326530612244899,2
N03,N30,N31,0.0016326530612244899,2
N03,N30,N32,0.0016326530612244899,2
N03,N30,N36,0.0016326530612244899,2
N03,N30,N37,0.0016326530612244899,2
N03,N30,N41,0.0016326530612244899,2
N03,N31,N37,0.0016326530612244899,2
N03,N31,N39,0.0016326530612244899,2
N03,N31,N40,0.0016326530612244899,2
N03,N31,N41,0.0016326530612244899,2
N03,N31,N43,0.0016326530612244899,2
N03,N31,N44,0.0016326530612244899,2
N03,N32,N35,0.0016326530612244899,2
N03,N32,N36,0.0016326530612244899,2
N03,N32,N40,0.0016326530612244899,2
N03,N33,N38,0.0016326530612244899,2
N03,N33,N39,0.0016326530612244899,2
N03,N33,N43,0.0016326530612244899,2
N03,N34,N35,0.0016326530612244899,2
N03,N34,N36,0.0016326530612244899,2
N03,N34,N39,0.0016326530612244899,2
N03,N34,N41,0.0016326530612244899,2
N03,N34,N44,0.0016326530612244899,2
N03,N35,N36,0.0016326530612244899,2
N03,N35,N37,0.0016326530612244899,2
N03,N35,N44,0.0016326530612244899,2
N03,N35,N45,0.0016326530612244899,2
N03,N36,N37,0.0016326530612244899,2
N03,N36,N45,0.0016326530612244899,2
N03,N37,N38,0.0016326530612244899,2
N03,N37,N39,0.0016326530612244899,2
N03,N37,N43,0.0016326530612244899,2
N03,N38,N44,0.0016326530612244899,2
N03,N39,N41,0.0016326530612244899,2
N03,N39,N42,0.0016326530612244899,2
N03,N40,N44,0.0016326530612244899,2
N03,N40,N45,0.0016326530612244899,2
N03,N41,N44,0.0016326530612244899,2
N03,N42,N44,0.0016326530612244899,2
N03,N43,N44,0.0016326530612244899,2
N04,N05,N08,0.0016326530612244899,2
N04,N05,N13,0.0016326530612244899,2
N04,N05,N16,0.0016326530612244899,2
N04,N05,N17,0.0016326530612244899,2
N04,N05,N22,0.0016326530612244899,2
N04,N05,N24,0.0016326530612244899,2
N04,N05,N26,0.0016326530612244899,2
N04,N05,N31,0.0016326530612244899,2
N04,N05,N32,0.0016326530612244899,2
N04,N05,N35,0.0016326530612244899,2
N04,N05,N45,0.0016326530612244899,2
N04,N06,N08,0.0016326530612244899,2
N04,N06,N11,0.0016326530612244899,2
N04,N06,N13,0.0016326530612244899,2
N04,N06,N14,0.0016326530612244899,2
N04,N06,N26,0.0016326530612244899,2
N04,N06,N32,0.0016326530612244899,2
N04,N06,N37,0.0016326530612244899,2
N04,N06,N42,0.0016326530612244899,2
N04,N07,N11,0.0016326530612244899,2
N04,N07,N14,0.0016326530612244899,2
N04,N07,N16,0.0016326530612244899,2
N04,N07,N24,0.0016326530612244899,2
N04,N07,N26,0.0016326530612244899,2
N04,N07,N39,0.0016326530612244899,2
N04,N07,N42,0.0016326530612244899,2
N04,N07,N44,0.0016326530612244899,2
N04,N07,N45,0.0016326530612244899,2
N04,N08,N13,0.0016326530612244899,2
N04,N08,N20,0.0016326530612244899,2
N04,N08,N38,0.0016326530612244899,2
N04,N08,N40,0.0016326530612244899,2
N04,N08,N42,0.0016326530612244899,2
N04,N08,N43,0.0016326530612244899,2
N04,N09,N10,0.0016326530612244899,2
N04,N09,N13,0.0016326530612244899,2
N04,N09,N18,0.0016326530612244899,2
N04,N09,N29,0.0016326530612244899,2
N04,N09,N32,0.0016326530612244899,2
N04,N09,N34,0.0016326530612244899,2
N04,N09,N37,0.0016326530612244899,2
N04,N09,N40,0.0016326530612244899,2
N04,N09,N42,0.0016326530612244899,2
N04,N09,N44,0.0016326530612244899,2
N04,N09,N45,0.0016326530612244899,2
N04,N10,N11,0.0016326530612244899,2
N04,N10,N15,0.0016326530612244899,2
N04,N10,N16,0.0016326530612244899,2
N04,N10,N17,0.0016326530612244899,2
N04,N10,N18,0.0016326530612244899,2
N04,N10,N27,0.0016326530612244899,2
N04,N10,N29,0.0016326530612244899,2
N04,N10,N33,0.0016326530612244899,2
N04,N10,N36,0.0016326530612244899,2
N04,N10,N42,0.0016326530612244899,2
N04,N11,N22,0.0016326530612244899,2
N04,N11,N24,0.0016326530612244899,2
N04,N11,N26,0.0016326530612244899,2
N04,N11,N31,0.0016326530612244899,2
N04,N11,N39,0.0016326530612244899,2
N04,N11,N43,0.0016326530612244899,2
N04,N12,N15,0.0016326530612244899,2
N04,N12,N16,0.0016326530612244899,2
N04,N12,N28,0.0016326530612244899,2
N04,N12,N32,0.0016326530612244899,2
N04,N12,N37,0.0016326530612244899,2
N04,N12,N38,0.0016326530612244899,2
N04,N12,N41,0.0016326530612244899,2
N04,N12,N43,0.0016326530612244899,2
N04,N13,N18,0.0016326530612244899,2
N04,N13,N21,0.0016326530612244899,2
N04,N13,N27,0.0016326530612244899,2
N04,N13,N37,0.0016326530612244899,2
N04,N13,N40,0.0016326530612244899,2
N04,N13,N41,0.0016326530612244899,2
N04,N13,N44,0.0016326530612244899,2
N04,N14,N15,0.0016326530612244899,2
N04,N14,N18,0.0016326530612244899,2
N04,N14,N21,0.0016326530612244899,2
N04,N14,N23,0.0016326530612244899,2
N04,N14,N41,0.0016326530612244899,2
N04,N14,N42,0.0016326530612244899,2
N04,N14,N44,0.0016326530612244899,2
N04,N15,N16,0.0016326530612244899,2
N04,N15,N17,0.0016326530612244899,2
N04,N15,N18,0.0016326530612244899,2
N04,N15,N20,0.0016326530612244899,2
N04,N15,N27,0.0016326530612244899,2
N04,N15,N29,0.0016326530612244899,2
N04,N15,N34,0.0016326530612244899,2
N04,N15,N35,0.0016326530612244899,2
N04,N15,N37,0.0016326530612244899,2
N04,N15,N38,0.0016326530612244899,2
N04,N15,N41,0.0016326530612244899,2
N04,N16,N26,0.0016326530612244899,2
N04,N16,N34,0.0016326530612244899,2
N04,N16,N35,0.0016326530612244899,2
N04,N16,N36,0.0016326530612244899,2
N04,N16,N38,0.0016326530612244899,2
N04,N16,N42,0.0016326530612244899,2
N04,N16,N43,0.0016326530612244899,2
N04,N16,N44,0.0016326530612244899,2
N04,N17,N20,0.0016326530612244899,2
N04,N17,N22,0.0016326530612244899,2
N04,N17,N28,0.0016326530612244899,2
N04,N17,N30,0.0016326530612244899,2
N04,N17,N31,0.0016326530612244899,2
N04,N17,N34,0.0016326530612244899,2
N04,N17,N37,0.0016326530612244899,2
N04,N17,N40,0.0016326530612244899,2
N04,N17,N42,0.0016326530612244899,2
N04,N17,N43,0.0016326530612244899,2
N04,N18,N20,0.0016326530612244899,2
N04,N18,N23,0.0016326530612244899,2
N04,N18,N25,0.0016326530612244899,2
N04,N18,N31,0.0016326530612244899,2
N04,N18,N32,0.0016326530612244899,2
N04,N18,N33,0.0016326530612244899,2
N04,N18,N39,0.0016326530612244899,2
N04,N18,N42,0.0016326530612244899,2
N04,N18,N43,0.0016326530612244899,2
N04,N18,N44,0.0016326530612244899,2
N04,N19,N22,0.0016326530612244899,2
N04,N19,N30,0.0016326530612244899,2
N04,N19,N32,0.0016326530612244899,2
N04,N19,N33,0.0016326530612244899,2
N04,N19,N35,0.0016326530612244899,2
N04,N19,N40,0.0016326530612244899,2
N04,N19,N42,0.0016326530612244899,2
N04,N19,N44,0.0016326530612244899,2
N04,N19,N45,0.0016326530612244899,2
N04,N20,N23,0.0016326530612244899,2
N04,N20,N24,0.0016326530612244899,2
N04,N20,N40,0.0016326530612244899,2
N04,N20,N41,0.0016326530612244899,2
N04,N21,N26,0.0016326530612244899,2
N04,N21,N33,0.0016326530612244899,2
N04,N21,N41,0.0016326530612244899,2
N04,N21,N43,0.0016326530612244899,2
N04,N22,N24,0.0016326530612244899,2
N04,N22,N28,0.0016326530612244899,2
N04,N22,N32,0.0016326530612244899,2
N04,N22,N34,0.0016326530612244899,2
N04,N22,N40,0.0016326530612244899,2
N04,N22,N42,0.0016326530612244899,2
N04,N22,N43,0.0016326530612244899,2
N04,N23,N25,0.0016326530612244899,2
N04,N23,N26,0.0016326530612244899,2
N04,N23,N31,0.0016326530612244899,2
N04,N23,N32,0.0016326530612244899,2
N04,N23,N38,0.0016326530612244899,2
N04,N23,N39,0.0016326530612244899,2
N04,N23,N40,0.0016326530612244899,2
N04,N23,N42,0.0016326530612244899,2
N04,N23,N43,0.0016326530612244899,2
N04,N23,N44,0.0016326530612244899,2
N04,N23,N45,0.0016326530612244899,2
N04,N24,N25,0.0016326530612244899,2
N04,N24,N34,0.0016326530612244899,2
N04,N24,N37,0.0016326530612244899,2
N04,N24,N41,0.0016326530612244899,2
N04,N25,N29,0.0016326530612244899,2
N04,N26,N28,0.0016326530612244899,2
N04,N26,N29,0.0016326530612244899,2
N04,N26,N30,0.0016326530612244899,2
N04,N26,N32,0.0016326530612244899,2
N04,N26,N34,0.0016326530612244899,2
N04,N26,N36,0.0016326530612244899,2
N04,N26,N38,0.0016326530612244899,2
N04,N26,N42,0.0016326530612244899,2
N04,N26,N43,0.0016326530612244899,2
N04,N26,N44,0.0016326530612244899,2
N04,N27,N28,0.0016326530612244899,2
N04,N27,N35,0.0016326530612244899,2
N04,N27,N37,0.0016326530612244899,2
N04,N27,N38,0.0016326530612244899,2
N04,N27,N39,0.0016326530612244899,2
N04,N28,N29,0.0016326530612244899,2
N04,N28,N37,0.0016326530612244899,2
N04,N28,N44,0.0016326530612244899,2
N04,N29,N31,0.0016326530612244899,2
N04,N29,N33,0.0016326530612244899,2
N04,N29,N34,0.0016326530612244899,2
N04,N29,N38,0.0016326530612244899,2
N04,N29,N40,0.0016326530612244899,2
N04,N29,N41,0.0016326530612244899,2
N04,N29,N43,0.0016326530612244899,2
N04,N30,N32,0.0016326530612244899,2
N04,N30,N34,0.0016326530612244899,2
N04,N30,N43,0.0016326530612244899,2
N04,N31,N41,0.0016326530612244899,2
N04,N31,N42,0.0016326530612244899,2
N04,N31,N43,0.0016326530612244899,2
N04,N31,N45,0.0016326530612244899,2
N04,N32,N34,0.0016326530612244899,2
N04,N32,N37,0.0016326530612244899,2
N04,N32,N38,0.0016326530612244899,2
N04,N32,N40,0.0016326530612244899,2
N04,N32,N41,0.0016326530612244899,2
N04,N32,N44,0.0016326530612244899,2
N04,N33,N34,0.0016326530612244899,2
N04,N33,N38,0.0016326530612244899,2
N04,N33,N39,0.0016326530612244899,2
N04,N34,N37,0.0016326530612244899,2
N04,N34,N38,0.0016326530612244899,2
N04,N34,N39,0.0016326530612244899,2
N04,N34,N43,0.0016326530612244899,2
N04,N35,N43,0.0016326530612244899,2
N04,N36,N37,0.0016326530612244899,2
N04,N37,N38,0.0016326530612244899,2
N04,N37,N41,0.0016326530612244899,2
N04,N38,N44,0.0016326530612244899,2
N04,N38,N45,0.0016326530612244899,2
N04,N39,N41,0.0016326530612244899,2
N04,N39,N42,0.0016326530612244899,2
N04,N39,N43,0.0016326530612244899,2
N04,N39,N44,0.0016326530612244899,2
N04,N40,N45,0.0016326530612244899,2
N04,N43,N45,0.0016326530612244899,2
N05,N06,N08,0.0016326530612244899,2
N05,N06,N09,0.0016326530612244899,2
N05,N06,N12,0.0016326530612244899,2
N05,N06,N16,0.0016326530612244899,2
N05,N06,N24,0.0016326530612244899,2
N05,N06,N28,0.0016326530612244899,2
N05,N06,N41,0.0016326530612244899,2
N05,N06,N42,0.0016326530612244899,2
N05,N06,N43,0.0016326530612244899,2
N05,N06,N45,0.0016326530612244899,2
N05,N07,N14,0.0016326530612244899,2
N05,N07,N16,0.0016326530612244899,2
N05,N07,N22,0.0016326530612244899,2
N05,N07,N35,0.0016326530612244899,2
N05,N07,N41,0.0016326530612244899,2
N05,N07,N42,0.0016326530612244899,2
N05,N07,N45,0.0016326530612244899,2
N05,N08,N11,0.0016326530612244899,2
N05,N08,N15,0.0016326530612244899,2
N05,N08,N16,0.0016326530612244899,2
N05,N08,N19,0.0016326530612244899,2
N05,N08,N28,0.0016326530612244899,2
N05,N08,N29,0.0016326530612244899,2
N05,N08,N30,0.0016326530612244899,2
N05,N08,N38,0.0016326530612244899,2
N05,N08,N42,0.0016326530612244899,2
N05,N08,N44,0.0016326530612244899,2
N05,N09,N15,0.0016326530612244899,2
N05,N09,N16,0.0016326530612244899,2
N05,N09,N21,0.0016326530612244899,2
N05,N09,N23,0.0016326530612244899,2
N05,N09,N29,0.0016326530612244899,2
N05,N09,N30,0.0016326530612244899,2
N05,N09,N35,0.0016326530612244899,2
N05,N09,N38,0.0016326530612244899,2
N05,N09,N40,0.0016326530612244899,2
N05,N10,N13,0.0016326530612244899,2
N05,N10,N27,0.0016326530612244899,2
N05,N10,N34,0.0016326530612244899,2
N05,N10,N43,0.0016326530612244899,2
N05,N10,N44,0.0016326530612244899,2
N05,N11,N13,0.0016326530612244899,2
N05,N11,N19,0.0016326530612244899,2
N05,N11,N20,0.0016326530612244899,2
N05,N11,N21,0.0016326530612244899,2
N05,N11,N23,0.0016326530612244899,2
N05,N11,N24,0.0016326530612244899,2
N05,N11,N32,0.0016326530612244899,2
N05,N11,N34,0.0016326530612244899,2
N05,N11,N35,0.0016326530612244899,2
N05,N11,N37,0.0016326530612244899,2
N05,N11,N39,0.0016326530612244899,2
N05,N11,N41,0.0016326530612244899,2
N05,N11,N43,0.0016326530612244899,2
N05,N12,N16,0.0016326530612244899,2
N05,N12,N18,0.0016326530612244899,2
N05,N12,N21,0.0016326530612244899,2
N05,N12,N22,0.0016326530612244899,2
N05,N12,N27,0.0016326530612244899,2
N05,N12,N30,0.0016326530612244899,2
N05,N12,N31,0.0016326530612244899,2
N05,N12,N34,0.0016326530612244899,2
N05,N12,N35,0.0016326530612244899,2
N05,N12,N40,0.0016326530612244899,2
N05,N12,N44,0.0016326530612244899,2
N05,N13,N19,0.0016326530612244899,2
N05,N13,N22,0.0016326530612244899,2
N05,N13,N23,0.0016326530612244899,2
N05,N13,N31,0.0016326530612244899,2
N05,N13,N36,0.0016326530612244899,2
N05,N13,N42,0.0016326530612244899,2
N05,N13,N45,0.0016326530612244899,2
N05,N14,N22,0.0016326530612244899,2
N05,N14,N24,0.0016326530612244899,2
N05,N14,N26,0.0016326530612244899,2
N05,N14,N29,0.0016326530612244899,2
N05,N14,N33,0.0016326530612244899,2
N05,N14,N37,0.0016326530612244899,2
N05,N14,N41,0.0016326530612244899,2
N05,N14,N44,0.0016326530612244899,2
N05,N15,N21,0.0016326530612244899,2
N05,N15,N25,0.0016326530612244899,2
N05,N15,N37,0.0016326530612244899,2
N05,N15,N42,0.0016326530612244899,2
N05,N15,N43,0.0016326530612244899,2
N05,N15,N45,0.0016326530612244899,2
N05,N16,N17,0.0016326530612244899,2
N05,N16,N20,0.0016326530612244899,2
N05,N16,N23,0.0016326530612244899,2
N05,N16,N24,0.0016326530612244899,2
N05,N16,N27,0.0016326530612244899,2
N05,N16,N28,0.0016326530612244899,2
N05,N16,N29,0.0016326530612244899,2
N05,N16,N42,0.0016326530612244899,2
N05,N16,N45,0.0016326530612244899,2
N05,N17,N18,0.0016326530612244899,2
N05,N17,N20,0.0016326530612244899,2
N05,N17,N23,0.0016326530612244899,2
N05,N17,N26,0.0016326530612244899,2
N05,N17,N27,0.0016326530612244899,2
N05,N17,N28,0.0016326530612244899,2
N05,N17,N32,0.0016326530612244899,2
N05,N17,N35,0.0016326530612244899,2
N05,N17,N36,0.0016326530612244899,2
N05,N17,N38,0.0016326530612244899,2
N05,N17,N43,0.0016326530612244899,2
N05,N17,N44,0.0016326530612244899,2
N05,N18,N19,0.0016326530612244899,2
N05,N18,N32,0.0016326530612244899,2
N05,N18,N36,0.0016326530612244899,2
N05,N18,N38,0.0016326530612244899,2
N05,N19,N26,0.0016326530612244899,2
N05,N19,N28,0.0016326530612244899,2
N05,N19,N31,0.0016326530612244899,2
N05,N19,N34,0.0016326530612244899,2
N05,N19,N36,0.0016326530612244899,2
N05,N19,N41,0.0016326530612244899,2
N05,N19,N42,0.0016326530612244899,2
N05,N19,N43,0.0016326530612244899,2
N05,N19,N44,0.0016326530612244899,2
N05,N19,N45,0.0016326530612244899,2
N05,N20,N22,0.0016326530612244899,2
N05,N20,N23,0.0016326530612244899,2
N05,N20,N33,0.0016326530612244899,2
N05,N20,N40,0.0016326530612244899,2
N05,N20,N43,0.0016326530612244899,2
N05,N21,N24,0.0016326530612244899,2
N05,N21,N30,0.0016326530612244899,2
N05,N21,N37,0.0016326530612244899,2
N05,N21,N38,0.0016326530612244899,2
N05,N21,N40,0.0016326530612244899,2
N05,N21,N41,0.0016326530612244899,2
N05,N21,N43,0.0016326530612244899,2
N05,N21,N45,0.0016326530612244899,2
N05,N22,N23,0.0016326530612244899,2
N05,N22,N26,0.0016326530612244899,2
N05,N22,N32,0.0016326530612244899,2
N05,N22,N36,0.0016326530612244899,2
N05,N22,N39,0.0016326530612244899,2
N05,N22,N44,0.0016326530612244899,2
N05,N23,N27,0.0016326530612244899,2
N05,N23,N30,0.0016326530612244899,2
N05,N23,N35,0.0016326530612244899,2
N05,N23,N40,0.0016326530612244899,2
N05,N23,N43,0.0016326530612244899,2
N05,N24,N25,0.0016326530612244899,2
N05,N24,N30,0.0016326530612244899,2
N05,N24,N32,0.0016326530612244899,2
N05,N24,N39,0.0016326530612244899,2
N05,N24,N42,0.0016326530612244899,2
N05,N25,N27,0.0016326530612244899,2
N05,N25,N28,0.0016326530612244899,2
N05,N25,N31,0.0016326530612244899,2
N05,N25,N39,0.0016326530612244899,2
N05,N25,N41,0.0016326530612244899,2
N05,N25,N44,0.0016326530612244899,2
N05,N25,N45,0.0016326530612244899,2
N05,N26,N29,0.0016326530612244899,2
N05,N26,N30,0.0016326530612244899,2
N05,N26,N39,0.0016326530612244899,2
N05,N26,N41,0.0016326530612244899,2
N05,N26,N42,0.0016326530612244899,2
N05,N27,N37,0.0016326530612244899,2
N05,N27,N40,0.0016326530612244899,2
N05,N27,N45,0.0016326530612244899,2
N05,N28,N33,0.0016326530612244899,2
N05,N28,N34,0.0016326530612244899,2
N05,N28,N41,0.0016326530612244899,2
N05,N28,N42,0.0016326530612244899,2
N05,N29,N32,0.0016326530612244899,2
N05,N29,N33,0.0016326530612244899,2
N05,N29,N35,0.0016326530612244899,2
N05,N29,N36,0.0016326530612244899,2
N05,N29,N37,0.0016326530612244899,2
N05,N29,N40,0.0016326530612244899,2
N05,N29,N43,0.0016326530612244899,2
N05,N29,N44,0.0016326530612244899,2
N05,N30,N34,0.0016326530612244899,2
N05,N30,N35,0.0016326530612244899,2
N05,N30,N39,0.0016326530612244899,2
N05,N31,N35,0.0016326530612244899,2
N05,N31,N41,0.0016326530612244899,2
N05,N31,N43,0.0016326530612244899,2
N05,N31,N44,0.0016326530612244899,2
N05,N32,N37,0.0016326530612244899,2
N05,N32,N41,0.0016326530612244899,2
N05,N32,N42,0.0016326530612244899,2
N05,N33,N39,0.0016326530612244899,2
N05,N33,N40,0.0016326530612244899,2
N05,N33,N42,0.0016326530612244899,2
N05,N34,N40,0.0016326530612244899,2
N05,N34,N41,0.0016326530612244899,2
N05,N35,N43,0.0016326530612244899,2
N05,N35,N44,0.0016326530612244899,2
N05,N36,N42,0.0016326530612244899,2
N05,N37,N38,0.0016326530612244899,2
N05,N37,N41,0.0016326530612244899,2
N05,N37,N42,0.0016326530612244899,2
N05,N38,N39,0.0016326530612244899,2
N05,N39,N40,0.0016326530612244899,2
N05,N40,N45,0.0016326530612244899,2
N05,N42,N44,0.0016326530612244899,2
N05,N43,N45,0.0016326530612244899,2
N06,N07,N18,0.0016326530612244899,2
N06,N07,N25,0.0016326530612244899,2
N06,N07,N26,0.0016326530612244899,2
N06,N07,N30,0.0016326530612244899,2
N06,N07,N34,0.0016326530612244899,2
N06,N07,N39,0.0016326530612244899,2
N06,N07,N43,0.0016326530612244899,2
N06,N07,N45,0.0016326530612244899,2
N06,N08,N14,0.0016326530612244899,2
N06,N08,N18,0.0016326530612244899,2
N06,N08,N21,0.0016326530612244899,2
N06,N08,N22,0.0016326530612244899,2
N06,N08,N26,0.0016326530612244899,2
N06,N08,N31,0.0016326530612244899,2
N06,N08,N35,0.0016326530612244899,2
N06,N08,N38,0.0016326530612244899,2
N06,N08,N39,0.0016326530612244899,2
N06,N08,N42,0.0016326530612244899,2
N06,N08,N45,0.0016326530612244899,2
N06,N09,N17,0.0016326530612244899,2
N06,N09,N19,0.0016326530612244899,2
N06,N09,N22,0.0016326530612244899,2
N06,N09,N25,0.0016326530612244899,2
N06,N09,N31,0.0016326530612244899,2
N06,N09,N32,0.0016326530612244899,2
N06,N10,N19,0.0016326530612244899,2
N06,N10,N20,0.0016326530612244899,2
N06,N10,N25,0.0016326530612244899,2
N06,N10,N28,0.0016326530612244899,2
N06,N10,N31,0.0016326530612244899,2
N06,N10,N32,0.0016326530612244899,2
N06,N10,N35,0.0016326530612244899,2
N06,N11,N14,0.0016326530612244899,2
N06,N11,N18,0.0016326530612244899,2
N06,N11,N21,0.0016326530612244899,2
N06,N11,N24,0.0016326530612244899,2
N06,N11,N26,0.0016326530612244899,2
N06,N11,N27,0.0016326530612244899,2
N06,N11,N31,0.0016326530612244899,2
N06,N11,N38,0.0016326530612244899,2
N06,N11,N39,0.0016326530612244899,2
N06,N11,N40,0.0016326530612244899,2
N06,N11,N41,0.0016326530612244899,2
N06,N11,N42,0.0016326530612244899,2
N06,N12,N21,0.0016326530612244899,2
N06,N12,N24,0.0016326530612244899,2
N06,N12,N35,0.0016326530612244899,2
N06,N12,N36,0.0016326530612244899,2
N06,N12,N41,0.0016326530612244899,2
N06,N12,N43,0.0016326530612244899,2
N06,N12,N44,0.0016326530612244899,2
N06,N13,N15,0.0016326530612244899,2
N06,N13,N20,0.0016326530612244899,2
N06,N13,N22,0.0016326530612244899,2
N06,N13,N23,0.0016326530612244899,2
N06,N13,N24,0.0016326530612244899,2
N06,N13,N29,0.0016326530612244899,2
N06,N13,N31,0.0016326530612244899,2
N06,N13,N32,0.0016326530612244899,2
N06,N13,N35,0.0016326530612244899,2
N06,N13,N42,0.0016326530612244899,2
N06,N13,N44,0.0016326530612244899,2
N06,N14,N15,0.0016326530612244899,2
N06,N14,N16,0.0016326530612244899,2
N06,N14,N18,0.0016326530612244899,2
N06,N14,N26,0.0016326530612244899,2
N06,N14,N27,0.0016326530612244899,2
N06,N14,N31,0.0016326530612244899,2
N06,N14,N37,0.0016326530612244899,2
N06,N14,N38,0.0016326530612244899,2
N06,N14,N42,0.0016326530612244899,2
N06,N15,N16,0.0016326530612244899,2
N06,N15,N19,0.0016326530612244899,2
N06,N15,N20,0.0016326530612244899,2
N06,N15,N21,0.0016326530612244899,2
N06,N15,N23,0.0016326530612244899,2
N06,N15,N24,0.0016326530612244899,2
N06,N15,N25,0.0016326530612244899,2
N06,N15,N26,0.0016326530612244899,2
N06,N15,N32,0.0016326530612244899,2
N06,N15,N36,0.0016326530612244899,2
N06,N15,N37,0.0016326530612244899,2
N06,N15,N39,0.0016326530612244899,2
N06,N16,N20,0.0016326530612244899,2
N06,N16,N21,0.0016326530612244899,2
N06,N16,N25,0.0016326530612244899,2
N06,N16,N27,0.0016326530612244899,2
N06,N16,N30,0.0016326530612244899,2
N06,N16,N32,0.0016326530612244899,2
N06,N16,N34,0.0016326530612244899,2
N06,N16,N40,0.0016326530612244899,2
N06,N16,N42,0.0016326530612244899,2
N06,N17,N19,0.0016326530612244899,2
N06,N17,N22,0.0016326530612244899,2
N06,N17,N23,0.0016326530612244899,2
N06,N17,N29,0.0016326530612244899,2
N06,N17,N34,0.0016326530612244899,2
N06,N17,N38,0.0016326530612244899,2
N06,N17,N43,0.0016326530612244899,2
N06,N18,N19,0.0016326530612244899,2
N06,N18,N25,0.0016326530612244899,2
N06,N18,N28,0.0016326530612244899,2
N06,N18,N29,0.0016326530612244899,2
N06,N18,N33,0.0016326530612244899,2
N06,N18,N36,0.0016326530612244899,2
N06,N18,N39,0.0016326530612244899,2
N06,N18,N40,0.0016326530612244899,2
N06,N18,N42,0.0016326530612244899,2
N06,N18,N45,0.0016326530612244899,2
N06,N19,N20,0.0016326530612244899,2
N06,N19,N23,0.0016326530612244899,2
N06,N19,N24,0.0016326530612244899,2
N06,N19,N32,0.0016326530612244899,2
N06,N19,N33,0.0016326530612244899,2
N06,N19,N36,0.0016326530612244899,2
N06,N19,N38,0.0016326530612244899,2
N06,N19,N40,0.0016326530612244899,2
N06,N19,N43,0.0016326530612244899,2
N06,N19,N44,0.0016326530612244899,2
N06,N20,N24,0.0016326530612244899,2
N06,N20,N44,0.0016326530612244899,2
N06,N21,N22,0.0016326530612244899,2
N06,N21,N30,0.0016326530612244899,2
N06,N21,N31,0.0016326530612244899,2
N06,N21,N33,0.0016326530612244899,2
N06,N22,N23,0.0016326530612244899,2
N06,N22,N29,0.0016326530612244899,2
N06,N22,N30,0.0016326530612244899,2
N06,N22,N34,0.0016326530612244899,2
N06,N22,N37,0.0016326530612244899,2
N06,N22,N38,0.0016326530612244899,2
N06,N22,N39,0.0016326530612244899,2
N06,N22,N43,0.0016326530612244899,2
N06,N22,N44,0.0016326530612244899,2
N06,N22,N45,0.0016326530612244899,2
N06,N23,N31,0.0016326530612244899,2
N06,N23,N32,0.0016326530612244899,2
N06,N24,N25,0.0016326530612244899,2
N06,N24,N35,0.0016326530612244899,2
N06,N24,N42,0.0016326530612244899,2
N06,N25,N26,0.0016326530612244899,2
N06,N25,N28,0.0016326530612244899,2
N06,N25,N32,0.0016326530612244899,2
N06,N25,N34,0.0016326530612244899,2
N06,N25,N37,0.0016326530612244899,2
N06,N25,N40,0.0016326530612244899,2
N06,N25,N44,0.0016326530612244899,2
N06,N26,N27,0.0016326530612244899,2
N06,N26,N36,0.0016326530612244899,2
N06,N26,N39,0.0016326530612244899,2
N06,N26,N44,0.0016326530612244899,2
N06,N26,N45,0.0016326530612244899,2
N06,N27,N39,0.0016326530612244899,2
N06,N27,N42,0.0016326530612244899,2
N06,N27,N43,0.0016326530612244899,2
N06,N28,N36,0.0016326530612244899,2
N06,N28,N39,0.0016326530612244899,2
N06,N28,N41,0.0016326530612244899,2
N06,N28,N42,0.0016326530612244899,2
N06,N28,N44,0.0016326530612244899,2
N06,N29,N37,0.0016326530612244899,2
N06,N29,N38,0.0016326530612244899,2
N06,N29,N41,0.0016326530612244899,2
N06,N30,N35,0.0016326530612244899,2
N06,N30,N36,0.0016326530612244899,2
N06,N30,N41,0.0016326530612244899,2
N06,N30,N43,0.0016326530612244899,2
N06,N31,N34,0.0016326530612244899,2
N06,N31,N44,0.0016326530612244899,2
N06,N31,N45,0.0016326530612244899,2
N06,N32,N34,0.0016326530612244899,2
N06,N32,N35,0.0016326530612244899,2
N06,N32,N36,0.0016326530612244899,2
N06,N32,N38,0.0016326530612244899,2
N06,N32,N39,0.0016326530612244899,2
N06,N32,N40,0.0016326530612244899,2
N06,N32,N44,0.0016326530612244899,2
N06,N33,N40,0.0016326530612244899,2
N06,N33,N44,0.0016326530612244899,2
N06,N34,N35,0.0016326530612244899,2
N06,N34,N38,0.0016326530612244899,2
N06,N34,N39,0.0016326530612244899,2
N06,N34,N40,0.0016326530612244899,2
N06,N34,N41,0.0016326530612244899,2
N06,N34,N44,0.0016326530612244899,2
N06,N35,N37,0.0016326530612244899,2
N06,N35,N38,0.0016326530612244899,2
N06,N35,N43,0.0016326530612244899,2
N06,N36,N37,0.0016326530612244899,2
N06,N36,N41,0.0016326530612244899,2
N06,N37,N45,0.0016326530612244899,2
N06,N38,N41,0.0016326530612244899,2
N06,N39,N40,0.0016326530612244899,2
N06,N39,N43,0.0016326530612244899,2
N06,N41,N43,0.0016326530612244899,2
N06,N43,N44,0.0016326530612244899,2
N06,N43,N45,0.0016326530612244899,2
N07,N08,N09,0.0016326530612244899,2
N07,N08,N15,0.0016326530612244899,2
N07,N08,N17,0.0016326530612244899,2
N07,N08,N20,0.0016326530612244899,2
N07,N08,N21,0.0016326530612244899,2
N07,N08,N29,0.0016326530612244899,2
N07,N08,N32,0.0016326530612244899,2
N07,N08,N34,0.0016326530612244899,2
N07,N08,N36,0.0016326530612244899,2
N07,N08,N42,0.0016326530612244899,2
N07,N09,N13,0.0016326530612244899,2
N07,N09,N15,0.0016326530612244899,2
N07,N09,N18,0.0016326530612244899,2
N07,N09,N22,0.0016326530612244899,2
N07,N09,N28,0.0016326530612244899,2
N07,N09,N33,0.0016326530612244899,2
N07,N09,N37,0.0016326530612244899,2
N07,N09,N39,0.0016326530612244899,2
N07,N10,N13,0.0016326530612244899,2
N07,N10,N28,0.0016326530612244899,2
N07,N10,N33,0.0016326530612244899,2
N07,N10,N35,0.0016326530612244899,2
N07,N10,N36,0.0016326530612244899,2
N07,N10,N41,0.0016326530612244899,2
N07,N10,N44,0.0016326530612244899,2
N07,N11,N18,0.0016326530612244899,2
N07,N11,N20,0.0016326530612244899,2
N07,N11,N24,0.0016326530612244899,2
N07,N11,N27,0.0016326530612244899,2
N07,N11,N29,0.0016326530612244899,2
N07,N11,N31,0.0016326530612244899,2
N07,N11,N42,0.0016326530612244899,2
N07,N11,N45,0.0016326530612244899,2
N07,N12,N14,0.0016326530612244899,2
N07,N12,N18,0.0016326530612244899,2
N07,N12,N25,0.0016326530612244899,2
N07,N12,N31,0.0016326530612244899,2
N07,N12,N32,0.0016326530612244899,2
N07,N12,N33,0.0016326530612244899,2
N07,N12,N35,0.0016326530612244899,2
N07,N12,N40,0.0016326530612244899,2
N07,N12,N42,0.0016326530612244899,2
N07,N12,N43,0.0016326530612244899,2
N07,N12,N45,0.0016326530612244899,2
N07,N13,N15,0.0016326530612244899,2
N07,N13,N16,0.0016326530612244899,2
N07,N13,N19,0.0016326530612244899,2
N07,N13,N20,0.0016326530612244899,2
N07,N13,N21,0.0016326530612244899,2
N07,N13,N24,0.0016326530612244899,2
N07,N13,N29,0.0016326530612244899,2
N07,N13,N31,0.0016326530612244899,2
N07,N13,N41,0.0016326530612244899,2
N07,N13,N42,0.0016326530612244899,2
N07,N13,N43,0.0016326530612244899,2
N07,N14,N15,0.0016326530612244899,2
N07,N14,N22,0.0016326530612244899,2
N07,N14,N23,0.0016326530612244899,2
N07,N14,N26,0.0016326530612244899,2
N07,N14,N33,0.0016326530612244899,2
N07,N14,N34,0.0016326530612244899,2
N07,N14,N39,0.0016326530612244899,2
N07,N14,N40,0.0016326530612244899,2
N07,N15,N16,0.0016326530612244899,2
N07,N15,N19,0.0016326530612244899,2
N07,N15,N21,0.0016326530612244899,2
N07,N15,N25,0.0016326530612244899,2
N07,N15,N33,0.0016326530612244899,2
N07,N15,N36,0.0016326530612244899,2
N07,N15,N37,0.0016326530612244899,2
N07,N15,N38,0.0016326530612244899,2
N07,N15,N39,0.0016326530612244899,2
N07,N15,N40,0.0016326530612244899,2
N07,N15,N44,0.0016326530612244899,2
N07,N15,N45,0.0016326530612244899,2
N07,N16,N19,0.0016326530612244899,2
N07,N16,N20,0.0016326530612244899,2
N07,N16,N27,0.0016326530612244899,2
N07,N16,N29,0.0016326530612244899,2
N07,N16,N34,0.0016326530612244899,2
N07,N16,N35,0.0016326530612244899,2
N07,N16,N37,0.0016326530612244899,2
N07,N16,N42,0.0016326530612244899,2
N07,N16,N45,0.0016326530612244899,2
N07,N17,N19,0.0016326530612244899,2
N07,N17,N22,0.0016326530612244899,2
N07,N17,N28,0.0016326530612244899,2
N07,N17,N36,0.0016326530612244899,2
N07,N17,N39,0.0016326530612244899,2
N07,N17,N40,0.0016326530612244899,2
N07,N18,N22,0.0016326530612244899,2
N07,N18,N24,0.0016326530612244899,2
N07,N18,N25,0.0016326530612244899,2
N07,N18,N27,0.0016326530612244899,2
N07,N18,N28,0.0016326530612244899,2
N07,N18,N31,0.0016326530612244899,2
N07,N18,N32,0.0016326530612244899,2
N07,N18,N34,0.0016326530612244899,2
N07,N18,N37,0.0016326530612244899,2
N07,N18,N40,0.0016326530612244899,2
N07,N18,N44,0.0016326530612244899,2
N07,N19,N30,0.0016326530612244899,2
N07,N19,N31,0.0016326530612244899,2
N07,N19,N39,0.0016326530612244899,2
N07,N19,N41,0.0016326530612244899,2
N07,N19,N42,0.0016326530612244899,2
N07,N19,N43,0.0016326530612244899,2
N07,N20,N21,0.0016326530612244899,2
N07,N20,N23,0.0016326530612244899,2
N07,N20,N29,0.0016326530612244899,2
N07,N20,N36,0.0016326530612244899,2
N07,N20,N38,0.0016326530612244899,2
N07,N20,N42,0.0016326530612244899,2
N07,N20,N44,0.0016326530612244899,2
N07,N21,N27,0.0016326530612244899,2
N07,N21,N30,0.0016326530612244899,2
N07,N21,N39,0.0016326530612244899,2
N07,N21,N43,0.0016326530612244899,2
N07,N22,N23,0.0016326530612244899,2
N07,N22,N25,0.0016326530612244899,2
N07,N22,N26,0.0016326530612244899,2
N07,N22,N27,0.0016326530612244899,2
N07,N22,N41,0.0016326530612244899,2
N07,N22,N42,0.0016326530612244899,2
N07,N22,N43,0.0016326530612244899,2
N07,N23,N24,0.0016326530612244899,2
N07,N23,N29,0.0016326530612244899,2
N07,N23,N36,0.0016326530612244899,2
N07,N23,N39,0.0016326530612244899,2
N07,N23,N45,0.0016326530612244899,2
N07,N24,N25,0.0016326530612244899,2
N07,N24,N29,0.0016326530612244899,2
N07,N24,N31,0.0016326530612244899,2
N07,N24,N35,0.0016326530612244899,2
N07,N24,N38,0.0016326530612244899,2
N07,N25,N26,0.0016326530612244899,2
N07,N25,N28,0.0016326530612244899,2
N07,N25,N38,0.0016326530612244899,2
N07,N25,N40,0.0016326530612244899,2
N07,N25,N43,0.0016326530612244899,2
N07,N26,N28,0.0016326530612244899,2
N07,N26,N29,0.0016326530612244899,2
N07,N26,N33,0.0016326530612244899,2
N07,N26,N37,0.0016326530612244899,2
N07,N26,N42,0.0016326530612244899,2
N07,N26,N43,0.0016326530612244899,2
N07,N26,N44,0.0016326530612244899,2
N07,N26,N45,0.0016326530612244899,2
N07,N27,N30,0.0016326530612244899,2
N07,N27,N40,0.0016326530612244899,2
N07,N27,N41,0.0016326530612244899,2
N07,N27,N45,0.0016326530612244899,2
N07,N28,N30,0.0016326530612244899,2
N07,N28,N38,0.0016326530612244899,2
N07,N28,N39,0.0016326530612244899,2
N07,N28,N42,0.0016326530612244899,2
N07,N28,N43,0.0016326530612244899,2
N07,N29,N30,0.0016326530612244899,2
N07,N29,N31,0.0016326530612244899,2
N07,N29,N32,0.0016326530612244899,2
N07,N30,N37,0.0016326530612244899,2
N07,N30,N40,0.0016326530612244899,2
N07,N30,N41,0.0016326530612244899,2
N07,N30,N44,0.0016326530612244899,2
N07,N31,N33,0.0016326530612244899,2
N07,N32,N33,0.0016326530612244899,2
N07,N32,N34,0.0016326530612244899,2
N07,N32,N35,0.0016326530612244899,2
N07,N33,N38,0.0016326530612244899,2
N07,N33,N41,0.0016326530612244899,2
N07,N33,N43,0.0016326530612244899,2
N07,N33,N45,0.0016326530612244899,2
N07,N34,N35,0.0016326530612244899,2
N07,N34,N39,0.0016326530612244899,2
N07,N34,N42,0.0016326530612244899,2
N07,N35,N38,0.0016326530612244899,2
N07,N36,N40,0.0016326530612244899,2
N07,N36,N41,0.0016326530612244899,2
N07,N36,N42,0.0016326530612244899,2
N07,N37,N43,0.0016326530612244899,2
N07,N39,N40,0.0016326530612244899,2
N07,N39,N43,0.0016326530612244899,2
N07,N40,N43,0.0016326530612244899,2
N07,N40,N44,0.0016326530612244899,2
N07,N41,N44,0.0016326530612244899,2
N08,N09,N18,0.0016326530612244899,2
N08,N09,N19,0.0016326530612244899,2
N08,N09,N24,0.0016326530612244899,2
N08,N09,N25,0.0016326530612244899,2
N08,N09,N33,0.0016326530612244899,2
N08,N09,N40,0.0016326530612244899,2
N08,N10,N13,0.0016326530612244899,2
N08,N10,N15,0.0016326530612244899,2
N08,N10,N18,0.0016326530612244899,2
N08,N10,N21,0.0016326530612244899,2
N08,N10,N23,0.0016326530612244899,2
N08,N10,N24,0.0016326530612244899,2
N08,N10,N27,0.0016326530612244899,2
N08,N10,N33,0.0016326530612244899,2
N08,N10,N34,0.0016326530612244899,2
N08,N10,N36,0.0016326530612244899,2
N08,N10,N40,0.0016326530612244899,2
N08,N10,N41,0.0016326530612244899,2
N08,N11,N13,0.0016326530612244899,2
N08,N11,N17,0.0016326530612244899,2
N08,N11,N19,0.0016326530612244899,2
N08,N11,N22,0.0016326530612244899,2
N08,N11,N37,0.0016326530612244899,2
N08,N11,N39,0.0016326530612244899,2
N08,N12,N13,0.0016326530612244899,2
N08,N12,N31,0.0016326530612244899,2
N08,N12,N43,0.0016326530612244899,2
N08,N13,N16,0.0016326530612244899,2
N08,N13,N18,0.0016326530612244899,2
N08,N13,N19,0.0016326530612244899,2
N08,N13,N20,0.0016326530612244899,2
N08,N13,N22,0.0016326530612244899,2
N08,N13,N29,0.0016326530612244899,2
N08,N13,N31,0.0016326530612244899,2
N08,N13,N33,0.0016326530612244899,2
N08,N14,N15,0.0016326530612244899,2
N08,N14,N17,0.0016326530612244899,2
N08,N14,N27,0.0016326530612244899,2
N08,N14,N32,0.0016326530612244899,2
N08,N14,N37,0.0016326530612244899,2
N08,N14,N44,0.0016326530612244899,2
N08,N15,N17,0.0016326530612244899,2
N08,N15,N20,0.0016326530612244899,2
N08,N15,N30,0.0016326530612244899,2
N08,N15,N33,0.0016326530612244899,2
N08,N15,N37,0.0016326530612244899,2
N08,N15,N38,0.0016326530612244899,2
N08,N15,N44,0.0016326530612244899,2
N08,N16,N17,0.0016326530612244899,2
N08,N16,N19,0.0016326530612244899,2
N08,N16,N25,0.0016326530612244899,2
N08,N16,N26,0.0016326530612244899,2
N08,N16,N29,0.0016326530612244899,2
N08,N16,N36,0.0016326530612244899,2
N08,N16,N44,0.0016326530612244899,2
N08,N17,N19,0.0016326530612244899,2
N08,N17,N29,0.0016326530612244899,2
N08,N17,N38,0.0016326530612244899,2
N08,N17,N40,0.0016326530612244899,2
N08,N18,N23,0.0016326530612244899,2
N08,N18,N30,0.0016326530612244899,2
N08,N18,N31,0.0016326530612244899,2
N08,N18,N35,0.0016326530612244899,2
N08,N18,N40,0.0016326530612244899,2
N08,N18,N42,0.0016326530612244899,2
N08,N18,N43,0.0016326530612244899,2
N08,N19,N20,0.0016326530612244899,2
N08,N19,N38,0.0016326530612244899,2
N08,N19,N41,0.0016326530612244899,2
N08,N20,N34,0.0016326530612244899,2
N08,N20,N35,0.0016326530612244899,2
N08,N20,N36,0.0016326530612244899,2
N08,N20,N41,0.0016326530612244899,2
N08,N20,N43,0.0016326530612244899,2
N08,N21,N23,0.0016326530612244899,2
N08,N21,N28,0.0016326530612244899,2
N08,N21,N40,0.0016326530612244899,2
N08,N21,N45,0.0016326530612244899,2
N08,N22,N26,0.0016326530612244899,2
N08,N22,N32,0.0016326530612244899,2
N08,N22,N41,0.0016326530612244899,2
N08,N22,N42,0.0016326530612244899,2
N08,N23,N33,0.0016326530612244899,2
N08,N23,N40,0.0016326530612244899,2
N08,N23,N43,0.0016326530612244899,2
N08,N24,N34,0.0016326530612244899,2
N08,N24,N44,0.0016326530612244899,2
N08,N24,N45,0.0016326530612244899,2
N08,N25,N28,0.0016326530612244899,2
N08,N25,N29,0.0016326530612244899,2
N08,N25,N31,0.0016326530612244899,2
N08,N25,N32,0.0016326530612244899,2
N08,N25,N34,0.0016326530612244899,2
N08,N25,N45,0.0016326530612244899,2
N08,N26,N32,0.0016326530612244899,2
N08,N26,N38,0.0016326530612244899,2
N08,N26,N45,0.0016326530612244899,2
N08,N27,N30,0.0016326530612244899,2
N08,N27,N32,0.0016326530612244899,2
N08,N27,N34,0.0016326530612244899,2
N08,N27,N37,0.0016326530612244899,2
N08,N27,N39,0.0016326530612244899,2
N08,N28,N31,0.0016326530612244899,2
N08,N28,N32,0.0016326530612244899,2
N08,N28,N34,0.0016326530612244899,2
N08,N28,N36,0.0016326530612244899,2
N08,N28,N38,0.0016326530612244899,2
N08,N28,N42,0.0016326530612244899,2
N08,N28,N43,0.0016326530612244899,2
N08,N28,N45,0.0016326530612244899,2
N08,N29,N35,0.0016326530612244899,2
N08,N29,N36,0.0016326530612244899,2
N08,N29,N38,0.0016326530612244899,2
N08,N29,N42,0.0016326530612244899,2
N08,N29,N43,0.0016326530612244899,2
N08,N29,N44,0.0016326530612244899,2
N08,N29,N45,0.0016326530612244899,2
N08,N30,N33,0.0016326530612244899,2
N08,N30,N35,0.0016326530612244899,2
N08,N30,N37,0.0016326530612244899,2
N08,N30,N40,0.0016326530612244899,2
N08,N30,N41,0.0016326530612244899,2
N08,N31,N35,0.0016326530612244899,2
N08,N31,N41,0.0016326530612244899,2
N08,N31,N43,0.0016326530612244899,2
N08,N31,N45,0.0016326530612244899,2
N08,N32,N33,0.0016326530612244899,2
N08,N32,N35,0.0016326530612244899,2
N08,N32,N37,0.0016326530612244899,2
N08,N32,N39,0.0016326530612244899,2
N08,N32,N43,0.0016326530612244899,2
N08,N32,N45,0.0016326530612244899,2
N08,N33,N34,0.0016326530612244899,2
N08,N33,N35,0.0016326530612244899,2
N08,N33,N41,0.0016326530612244899,2
N08,N34,N36,0.0016326530612244899,2
N08,N34,N40,0.0016326530612244899,2
N08,N34,N44,0.0016326530612244899,2
N08,N34,N45,0.0016326530612244899,2
N08,N35,N37,0.0016326530612244899,2
N08,N35,N38,0.0016326530612244899,2
N08,N35,N41,0.0016326530612244899,2
N08,N35,N42,0.0016326530612244899,2
N08,N35,N43,0.0016326530612244899,2
N08,N35,N45,0.0016326530612244899,2
N08,N36,N42,0.0016326530612244899,2
N08,N36,N44,0.0016326530612244899,2
N08,N37,N39,0.0016326530612244899,2
N08,N39,N41,0.0016326530612244899,2
N08,N39,N42,0.0016326530612244899,2
N08,N40,N44,0.0016326530612244899,2
N08,N40,N45,0.0016326530612244899,2
N08,N43,N44,0.0016326530612244899,2
N08,N43,N45,0.0016326530612244899,2
N09,N10,N14,0.0016326530612244899,2
N09,N10,N24,0.0016326530612244899,2
N09,N10,N29,0.0016326530612244899,2
N09,N10,N33,0.0016326530612244899,2
N09,N10,N37,0.0016326530612244899,2
N09,N10,N45,0.0016326530612244899,2
N09,N11,N15,0.0016326530612244899,2
N09,N11,N21,0.0016326530612244899,2
N09,N11,N22,0.0016326530612244899,2
N09,N11,N31,0.0016326530612244899,2
N09,N11,N32,0.0016326530612244899,2
N09,N11,N35,0.0016326530612244899,2
N09,N11,N37,0.0016326530612244899,2
N09,N11,N38,0.0016326530612244899,2
N09,N11,N41,0.0016326530612244899,2
N09,N12,N21,0.0016326530612244899,2
N09,N12,N24,0.0016326530612244899,2
N09,N12,N27,0.0016326530612244899,2
N09,N12,N28,0.0016326530612244899,2
N09,N12,N29,0.0016326530612244899,2
N09,N13,N19,0.0016326530612244899,2
N09,N13,N21,0.0016326530612244899,2
N09,N13,N24,0.0016326530612244899,2
N09,N13,N25,0.0016326530612244899,2
N09,N13,N28,0.0016326530612244899,2
N09,N13,N31,0.0016326530612244899,2
N09,N13,N32,0.0016326530612244899,2
N09,N13,N35,0.0016326530612244899,2
N09,N13,N39,0.0016326530612244899,2
N09,N13,N43,0.0016326530612244899,2
N09,N13,N45,0.0016326530612244899,2
N09,N14,N18,0.0016326530612244899,2
N09,N14,N22,0.0016326530612244899,2
N09,N14,N34,0.0016326530612244899,2
N09,N14,N42,0.0016326530612244899,2
N09,N15,N19,0.0016326530612244899,2
N09,N15,N23,0.0016326530612244899,2
N09,N15,N27,0.0016326530612244899,2
N09,N15,N28,0.0016326530612244899,2
N09,N15,N29,0.0016326530612244899,2
N09,N15,N36,0.0016326530612244899,2
N09,N16,N17,0.0016326530612244899,2
N09,N16,N19,0.0016326530612244899,2
N09,N16,N26,0.0016326530612244899,2
N09,N16,N29,0.0016326530612244899,2
N09,N16,N36,0.0016326530612244899,2
N09,N16,N40,0.0016326530612244899,2
N09,N17,N29,0.0016326530612244899,2
N09,N17,N32,0.0016326530612244899,2
N09,N17,N35,0.0016326530612244899,2
N09,N17,N38,0.0016326530612244899,2
N09,N17,N43,0.0016326530612244899,2
N09,N18,N19,0.0016326530612244899,2
N09,N18,N20,0.0016326530612244899,2
N09,N18,N22,0.0016326530612244899,2
N09,N18,N23,0.0016326530612244899,2
N09,N18,N25,0.0016326530612244899,2
N09,N18,N27,0.0016326530612244899,2
N09,N18,N32,0.0016326530612244899,2
N09,N18,N33,0.0016326530612244899,2
N09,N18,N34,0.0016326530612244899,2
N09,N18,N37,0.0016326530612244899,2
N09,N18,N38,0.0016326530612244899,2
N09,N18,N40,0.0016326530612244899,2
N09,N18,N42,0.0016326530612244899,2
N09,N18,N45,0.0016326530612244899,2
N09,N19,N23,0.0016326530612244899,2
N09,N19,N24,0.0016326530612244899,2
N09,N19,N25,0.0016326530612244899,2
N09,N19,N30,0.0016326530612244899,2
N09,N19,N35,0.0016326530612244899,2
N09,N19,N41,0.0016326530612244899,2
N09,N20,N21,0.0016326530612244899,2
N09,N20,N25,0.0016326530612244899,2
N09,N20,N33,0.0016326530612244899,2
N09,N20,N36,0.0016326530612244899,2
N09,N20,N39,0.0016326530612244899,2
N09,N21,N29,0.0016326530612244899,2
N09,N21,N32,0.0016326530612244899,2
N09,N21,N33,0.0016326530612244899,2
N09,N21,N35,0.0016326530612244899,2
N09,N21,N37,0.0016326530612244899,2
N09,N22,N24,0.0016326530612244899,2
N09,N22,N30,0.0016326530612244899,2
N09,N22,N37,0.0016326530612244899,2
N09,N22,N42,0.0016326530612244899,2
N09,N22,N44,0.0016326530612244899,2
N09,N23,N24,0.0016326530612244899,2
N09,N23,N28,0.0016326530612244899,2
N09,N23,N33,0.0016326530612244899,2
N09,N23,N35,0.0016326530612244899,2
N09,N23,N38,0.0016326530612244899,2
N09,N23,N39,0.0016326530612244899,2
N09,N23,N45,0.0016326530612244899,2
N09,N24,N25,0.0016326530612244899,2
N09,N24,N27,0.0016326530612244899,2
N09,N24,N29,0.0016326530612244899,2
N09,N24,N34,0.0016326530612244899,2
N09,N24,N36,0.0016326530612244899,2
N09,N24,N44,0.0016326530612244899,2
N09,N25,N29,0.0016326530612244899,2
N09,N25,N36,0.0016326530612244899,2
N09,N25,N39,0.0016326530612244899,2
N09,N25,N41,0.0016326530612244899,2
N09,N25,N42,0.0016326530612244899,2
N09,N25,N43,0.0016326530612244899,2
N09,N26,N27,0.0016326530612244899,2
N09,N26,N28,0.0016326530612244899,2
N09,N26,N30,0.0016326530612244899,2
N09,N26,N35,0.0016326530612244899,2
N09,N26,N38,0.0016326530612244899,2
N09,N26,N40,0.0016326530612244899,2
N09,N26,N45,0.0016326530612244899,2
N09,N27,N31,0.0016326530612244899,2
N09,N27,N35,0.0016326530612244899,2
N09,N27,N37,0.0016326530612244899,2
N09,N27,N40,0.0016326530612244899,2
N09,N27,N41,0.0016326530612244899,2
N09,N27,N42,0.0016326530612244899,2
N09,N27,N43,0.0016326530612244899,2
N09,N27,N44,0.0016326530612244899,2
N09,N27,N45,0.0016326530612244899,2
N09,N28,N38,0.0016326530612244899,2
N09,N28,N39,0.0016326530612244899,2
N09,N28,N40,0.0016326530612244899,2
N09,N28,N43,0.0016326530612244899,2
N09,N28,N45,0.0016326530612244899,2
N09,N29,N31,0.0016326530612244899,2
N09,N29,N32,0.0016326530612244899,2
N09,N30,N39,0.0016326530612244899,2
N09,N30,N43,0.0016326530612244899,2
N09,N30,N44,0.0016326530612244899,2
N09,N31,N32,0.0016326530612244899,2
N09,N31,N41,0.0016326530612244899,2
N09,N31,N44,0.0016326530612244899,2
N09,N32,N37,0.0016326530612244899,2
N09,N32,N40,0.0016326530612244899,2
N09,N32,N43,0.0016326530612244899,2
N09,N33,N34,0.0016326530612244899,2
N09,N33,N38,0.0016326530612244899,2
N09,N33,N45,0.0016326530612244899,2
N09,N34,N37,0.0016326530612244899,2
N09,N34,N38,0.0016326530612244899,2
N09,N34,N40,0.0016326530612244899,2
N09,N34,N43,0.0016326530612244899,2
N09,N35,N38,0.0016326530612244899,2
N09,N35,N39,0.0016326530612244899,2
N09,N35,N41,0.0016326530612244899,2
N09,N35,N45,0.0016326530612244899,2
N09,N36,N39,0.0016326530612244899,2
N09,N36,N40,0.0016326530612244899,2
N09,N36,N41,0.0016326530612244899,2
N09,N36,N45,0.0016326530612244899,2
N09,N37,N39,0.0016326530612244899,2
N09,N37,N42,0.0016326530612244899,2
N09,N38,N43,0.0016326530612244899,2
N09,N39,N45,0.0016326530612244899,2
N09,N40,N43,0.0016326530612244899,2
N09,N41,N42,0.0016326530612244899,2
N09,N42,N44,0.0016326530612244899,2
N09,N43,N45,0.0016326530612244899,2
N10,N11,N12,0.0016326530612244899,2
N10,N11,N14,0.0016326530612244899,2
N10,N11,N15,0.0016326530612244899,2
N10,N11,N18,0.0016326530612244899,2
N10,N11,N20,0.0016326530612244899,2
N10,N11,N22,0.0016326530612244899,2
N10,N11,N24,0.0016326530612244899,2
N10,N11,N25,0.0016326530612244899,2
N10,N11,N31,0.0016326530612244899,2
N10,N11,N34,0.0016326530612244899,2
N10,N11,N35,0.0016326530612244899,2
N10,N11,N38,0.0016326530612244899,2
N10,N12,N13,0.0016326530612244899,2
N10,N12,N16,0.0016326530612244899,2
N10,N12,N18,0.0016326530612244899,2
N10,N12,N22,0.0016326530612244899,2
N10,N12,N26,0.0016326530612244899,2
N10,N12,N29,0.0016326530612244899,2
N10,N12,N31,0.0016326530612244899,2
N10,N13,N19,0.0016326530612244899,2
N10,N13,N22,0.0016326530612244899,2
N10,N13,N26,0.0016326530612244899,2
N10,N13,N28,0.0016326530612244899,2
N10,N13,N31,0.0016326530612244899,2
N10,N13,N43,0.0016326530612244899,2
N10,N13,N44,0.0016326530612244899,2
N10,N14,N19,0.0016326530612244899,2
N10,N14,N23,0.0016326530612244899,2
N10,N14,N24,0.0016326530612244899,2
N10,N14,N25,0.0016326530612244899,2
N10,N14,N28,0.0016326530612244899,2
N10,N14,N30,0.0016326530612244899,2
N10,N14,N31,0.0016326530612244899,2
N10,N14,N32,0.0016326530612244899,2
N10,N14,N35,0.0016326530612244899,2
N10,N14,N40,0.0016326530612244899,2
N10,N14,N42,0.0016326530612244899,2
N10,N15,N16,0.0016326530612244899,2
N10,N15,N18,0.0016326530612244899,2
N10,N15,N19,0.0016326530612244899,2
N10,N15,N20,0.0016326530612244899,2
N10,N15,N23,0.0016326530612244899,2
N10,N15,N25,0.0016326530612244899,2
N10,N15,N27,0.0016326530612244899,2
N10,N15,N29,0.0016326530612244899,2
N10,N15,N31,0.0016326530612244899,2
N10,N15,N32,0.0016326530612244899,2
N10,N15,N33,0.0016326530612244899,2
N10,N15,N34,0.0016326530612244899,2
N10,N15,N36,0.0016326530612244899,2
N10,N15,N37,0.0016326530612244899,2
N10,N15,N38,0.0016326530612244899,2
N10,N15,N44,0.0016326530612244899,2
N10,N16,N17,0.0016326530612244899,2
N10,N16,N24,0.0016326530612244899,2
N10,N16,N26,0.0016326530612244899,2
N10,N16,N29,0.0016326530612244899,2
N10,N16,N33,0.0016326530612244899,2
N10,N16,N34,0.0016326530612244899,2
N10,N16,N40,0.0016326530612244899,2
N10,N16,N42,0.0016326530612244899,2
N10,N16,N43,0.0016326530612244899,2
N10,N17,N18,0.0016326530612244899,2
N10,N17,N22,0.0016326530612244899,2
N10,N17,N27,0.0016326530612244899,2
N10,N17,N28,0.0016326530612244899,2
N10,N17,N34,0.0016326530612244899,2
N10,N17,N43,0.0016326530612244899,2
N10,N18,N19,0.0016326530612244899,2
N10,N18,N20,0.0016326530612244899,2
N10,N18,N25,0.0016326530612244899,2
N10,N18,N29,0.0016326530612244899,2
N10,N18,N36,0.0016326530612244899,2
N10,N18,N37,0.0016326530612244899,2
N10,N18,N39,0.0016326530612244899,2
N10,N18,N40,0.0016326530612244899,2
N10,N18,N42,0.0016326530612244899,2
N10,N19,N20,0.0016326530612244899,2
N10,N19,N21,0.0016326530612244899,2
N10,N19,N24,0.0016326530612244899,2
N10,N19,N34,0.0016326530612244899,2
N10,N19,N35,0.0016326530612244899,2
N10,N19,N37,0.0016326530612244899,2
N10,N19,N38,0.0016326530612244899,2
N10,N19,N44,0.0016326530612244899,2
N10,N20,N23,0.0016326530612244899,2
N10,N20,N25,0.0016326530612244899,2
N10,N20,N27,0.0016326530612244899,2
N10,N20,N31,0.0016326530612244899,2
N10,N20,N32,0.0016326530612244899,2
N10,N20,N40,0.0016326530612244899,2
N10,N21,N31,0.0016326530612244899,2
N10,N21,N35,0.0016326530612244899,2
N10,N21,N39,0.0016326530612244899,2
N10,N21,N41,0.0016326530612244899,2
N10,N21,N43,0.0016326530612244899,2
N10,N22,N25,0.0016326530612244899,2
N10,N22,N29,0.0016326530612244899,2
N10,N22,N30,0.0016326530612244899,2
N10,N22,N32,0.0016326530612244899,2
N10,N22,N37,0.0016326530612244899,2
N10,N22,N38,0.0016326530612244899,2
N10,N22,N39,0.0016326530612244899,2
N10,N22,N43,0.0016326530612244899,2
N10,N23,N27,0.0016326530612244899,2
N10,N23,N28,0.0016326530612244899,2
N10,N23,N33,0.0016326530612244899,2
N10,N23,N35,0.0016326530612244899,2
N10,N23,N39,0.0016326530612244899,2
N10,N23,N44,0.0016326530612244899,2
N10,N24,N25,0.0016326530612244899,2
N10,N24,N31,0.0016326530612244899,2
N10,N24,N42,0.0016326530612244899,2
N10,N24,N43,0.0016326530612244899,2
N10,N25,N31,0.0016326530612244899,2
N10,N25,N33,0.0016326530612244899,2
N10,N25,N34,0.0016326530612244899,2
N10,N25,N41,0.0016326530612244899,2
N10,N26,N34,0.0016326530612244899,2
N10,N26,N37,0.0016326530612244899,2
N10,N26,N44,0.0016326530612244899,2
N10,N27,N35,0.0016326530612244899,2
N10,N27,N39,0.0016326530612244899,2
N10,N27,N40,0.0016326530612244899,2
N10,N27,N42,0.0016326530612244899,2
N10,N27,N45,0.0016326530612244899,2
N10,N28,N31,0.0016326530612244899,2
N10,N28,N33,0.0016326530612244899,2
N10,N28,N36,0.0016326530612244899,2
N10,N28,N37,0.0016326530612244899,2
N10,N28,N38,0.0016326530612244899,2
N10,N28,N39,0.0016326530612244899,2
N10,N28,N41,0.0016326530612244899,2
N10,N28,N42,0.0016326530612244899,2
N10,N28,N45,0.0016326530612244899,2
N10,N29,N32,0.0016326530612244899,2
N10,N29,N35,0.0016326530612244899,2
N10,N29,N43,0.0016326530612244899,2
N10,N29,N45,0.0016326530612244899,2
N10,N30,N34,0.0016326530612244899,2
N10,N30,N35,0.0016326530612244899,2
N10,N31,N35,0.0016326530612244899,2
N10,N31,N37,0.0016326530612244899,2
N10,N32,N34,0.0016326530612244899,2
N10,N32,N38,0.0016326530612244899,2
N10,N32,N40,0.0016326530612244899,2
N10,N32,N42,0.0016326530612244899,2
N10,N32,N44,0.0016326530612244899,2
N10,N33,N35,0.0016326530612244899,2
N10,N34,N36,0.0016326530612244899,2
N10,N34,N40,0.0016326530612244899,2
N10,N34,N41,0.0016326530612244899,2
N10,N34,N45,0.0016326530612244899,2
N10,N35,N37,0.0016326530612244899,2
N10,N35,N42,0.0016326530612244899,2
N10,N37,N40,0.0016326530612244899,2
N10,N38,N41,0.0016326530612244899,2
N10,N38,N43,0.0016326530612244899,2
N10,N39,N40,0.0016326530612244899,2
N10,N39,N41,0.0016326530612244899,2
N10,N39,N43,0.0016326530612244899,2
N10,N40,N41,0.0016326530612244899,2
N10,N40,N42,0.0016326530612244899,2
N10,N40,N45,0.0016326530612244899,2
N10,N41,N42,0.0016326530612244899,2
N10,N41,N43,0.0016326530612244899,2
N10,N41,N45,0.0016326530612244899,2
N11,N12,N13,0.0016326530612244899,2
N11,N12,N15,0.0016326530612244899,2
N11,N12,N20,0.0016326530612244899,2
N11,N12,N23,0.0016326530612244899,2
N11,N12,N24,0.0016326530612244899,2
N11,N12,N27,0.0016326530612244899,2
N11,N12,N31,0.0016326530612244899,2
N11,N12,N32,0.0016326530612244899,2
N11,N12,N35,0.0016326530612244899,2
N11,N12,N42,0.0016326530612244899,2
N11,N13,N19,0.0016326530612244899,2
N11,N13,N22,0.0016326530612244899,2
N11,N13,N25,0.0016326530612244899,2
N11,N13,N26,0.0016326530612244899,2
N11,N13,N29,0.0016326530612244899,2
N11,N13,N34,0.0016326530612244899,2
N11,N13,N36,0.0016326530612244899,2
N11,N13,N43,0.0016326530612244899,2
N11,N13,N45,0.0016326530612244899,2
N11,N14,N16,0.0016326530612244899,2
N11,N14,N17,0.0016326530612244899,2
N11,N14,N27,0.0016326530612244899,2
N11,N14,N29,0.0016326530612244899,2
N11,N14,N30,0.0016326530612244899,2
N11,N14,N33,0.0016326530612244899,2
N11,N14,N35,0.0016326530612244899,2
N11,N14,N37,0.0016326530612244899,2
N11,N14,N41,0.0016326530612244899,2
N11,N15,N16,0.0016326530612244899,2
N11,N15,N18,0.0016326530612244899,2
N11,N15,N23,0.0016326530612244899,2
N11,N15,N26,0.0016326530612244899,2
N11,N15,N28,0.0016326530612244899,2
N11,N15,N31,0.0016326530612244899,2
N11,N15,N32,0.0016326530612244899,2
N11,N15,N34,0.0016326530612244899,2
N11,N15,N41,0.0016326530612244899,2
N11,N15,N44,0.0016326530612244899,2
N11,N16,N17,0.0016326530612244899,2
N11,N16,N26,0.0016326530612244899,2
N11,N16,N39,0.0016326530612244899,2
N11,N16,N45,0.0016326530612244899,2
N11,N17,N19,0.0016326530612244899,2
N11,N17,N22,0.0016326530612244899,2
N11,N17,N29,0.0016326530612244899,2
N11,N17,N33,0.0016326530612244899,2
N11,N17,N34,0.0016326530612244899,2
N11,N17,N35,0.0016326530612244899,2
N11,N18,N24,0.0016326530612244899,2
N11,N18,N36,0.0016326530612244899,2
N11,N18,N38,0.0016326530612244899,2
N11,N18,N40,0.0016326530612244899,2
N11,N19,N22,0.0016326530612244899,2
N11,N19,N31,0.0016326530612244899,2
N11,N19,N39,0.0016326530612244899,2
N11,N19,N43,0.0016326530612244899,2
N11,N20,N21,0.0016326530612244899,2
N11,N20,N26,0.0016326530612244899,2
N11,N20,N28,0.0016326530612244899,2
N11,N20,N33,0.0016326530612244899,2
N11,N20,N44,0.0016326530612244899,2
N11,N21,N22,0.0016326530612244899,2
N11,N21,N23,0.0016326530612244899,2
N11,N21,N33,0.0016326530612244899,2
N11,N21,N37,0.0016326530612244899,2
N11,N22,N24,0.0016326530612244899,2
N11,N22,N30,0.0016326530612244899,2
N11,N22,N32,0.0016326530612244899,2
N11,N22,N37,0.0016326530612244899,2
N11,N22,N38,0.0016326530612244899,2
N11,N22,N41,0.0016326530612244899,2
N11,N23,N29,0.0016326530612244899,2
N11,N23,N30,0.0016326530612244899,2
N11,N23,N32,0.0016326530612244899,2
N11,N23,N39,0.0016326530612244899,2
N11,N23,N40,0.0016326530612244899,2
N11,N23,N43,0.0016326530612244899,2
N11,N24,N26,0.0016326530612244899,2
N11,N24,N27,0.0016326530612244899,2
N11,N24,N35,0.0016326530612244899,2
N11,N24,N38,0.0016326530612244899,2
N11,N24,N40,0.0016326530612244899,2
N11,N24,N42,0.0016326530612244899,2
N11,N25,N27,0.0016326530612244899,2
N11,N25,N35,0.0016326530612244899,2
N11,N25,N36,0.0016326530612244899,2
N11,N25,N39,0.0016326530612244899,2
N11,N25,N41,0.0016326530612244899,2
N11,N25,N45,0.0016326530612244899,2
N11,N26,N34,0.0016326530612244899,2
N11,N26,N36,0.0016326530612244899,2
N11,N26,N40,0.0016326530612244899,2
N11,N26,N41,0.0016326530612244899,2
N11,N26,N43,0.0016326530612244899,2
N11,N27,N28,0.0016326530612244899,2
N11,N27,N35,0.0016326530612244899,2
N11,N27,N37,0.0016326530612244899,2
N11,N27,N38,0.0016326530612244899,2
N11,N27,N44,0.0016326530612244899,2
N11,N28,N32,0.0016326530612244899,2
N11,N28,N42,0.0016326530612244899,2
N11,N28,N45,0.0016326530612244899,2
N11,N29,N36,0.0016326530612244899,2
N11,N29,N41,0.0016326530612244899,2
N11,N29,N45,0.0016326530612244899,2
N11,N30,N32,0.0016326530612244899,2
N11,N30,N33,0.0016326530612244899,2
N11,N30,N38,0.0016326530612244899,2
N11,N30,N39,0.0016326530612244899,2
N11,N31,N32,0.0016326530612244899,2
N11,N31,N41,0.0016326530612244899,2
N11,N31,N42,0.0016326530612244899,2
N11,N32,N33,0.0016326530612244899,2
N11,N32,N35,0.0016326530612244899,2
N11,N32,N36,0.0016326530612244899,2
N11,N32,N37,0.0016326530612244899,2
N11,N32,N39,0.0016326530612244899,2
N11,N32,N40,0.0016326530612244899,2
N11,N32,N44,0.0016326530612244899,2
N11,N33,N35,0.0016326530612244899,2
N11,N33,N42,0.0016326530612244899,2
N11,N34,N43,0.0016326530612244899,2
N11,N35,N44,0.0016326530612244899,2
N11,N36,N37,0.0016326530612244899,2
N11,N36,N39,0.0016326530612244899,2
N11,N36,N45,0.0016326530612244899,2
N11,N37,N40,0.0016326530612244899,2
N11,N37,N45,0.0016326530612244899,2
N11,N38,N41,0.0016326530612244899,2
N11,N38,N45,0.0016326530612244899,2
N11,N41,N45,0.0016326530612244899,2
N11,N42,N44,0.0016326530612244899,2
N11,N43,N44,0.0016326530612244899,2
N11,N43,N45,0.0016326530612244899,2
N12,N13,N18,0.0016326530612244899,2
N12,N13,N20,0.0016326530612244899,2
N12,N13,N31,0.0016326530612244899,2
N12,N13,N35,0.0016326530612244899,2
N12,N13,N36,0.0016326530612244899,2
N12,N13,N40,0.0016326530612244899,2
N12,N13,N44,0.0016326530612244899,2
N12,N13,N45,0.0016326530612244899,2
N12,N14,N15,0.0016326530612244899,2
N12,N14,N21,0.0016326530612244899,2
N12,N14,N26,0.0016326530612244899,2
N12,N14,N34,0.0016326530612244899,2
N12,N14,N45,0.0016326530612244899,2
N12,N15,N16,0.0016326530612244899,2
N12,N15,N18,0.0016326530612244899,2
N12,N15,N20,0.0016326530612244899,2
N12,N15,N22,0.0016326530612244899,2
N12,N15,N38,0.0016326530612244899,2
N12,N15,N43,0.0016326530612244899,2
N12,N16,N19,0.0016326530612244899,2
N12,N16,N20,0.0016326530612244899,2
N12,N16,N23,0.0016326530612244899,2
N12,N16,N24,0.0016326530612244899,2
N12,N16,N29,0.0016326530612244899,2
N12,N16,N40,0.0016326530612244899,2
N12,N16,N41,0.0016326530612244899,2
N12,N16,N42,0.0016326530612244899,2
N12,N16,N44,0.0016326530612244899,2
N12,N17,N20,0.0016326530612244899,2
N12,N17,N21,0.0016326530612244899,2
N12,N17,N24,0.0016326530612244899,2
N12,N17,N29,0.0016326530612244899,2
N12,N17,N33,0.0016326530612244899,2
N12,N17,N35,0.0016326530612244899,2
N12,N17,N42,0.0016326530612244899,2
N12,N17,N44,0.0016326530612244899,2
N12,N17,N45,0.0016326530612244899,2
N12,N18,N21,0.0016326530612244899,2
N12,N18,N24,0.0016326530612244899,2
N12,N18,N30,0.0016326530612244899,2
N12,N18,N35,0.0016326530612244899,2
N12,N18,N41,0.0016326530612244899,2
N12,N19,N20,0.0016326530612244899,2
N12,N19,N24,0.0016326530612244899,2
N12,N19,N26,0.0016326530612244899,2
N12,N19,N27,0.0016326530612244899,2
N12,N19,N28,0.0016326530612244899,2
N12,N19,N31,0.0016326530612244899,2
N12,N19,N32,0.0016326530612244899,2
N12,N19,N35,0.0016326530612244899,2
N12,N19,N43,0.0016326530612244899,2
N12,N19,N44,0.0016326530612244899,2
N12,N20,N21,0.0016326530612244899,2
N12,N20,N23,0.0016326530612244899,2
N12,N20,N27,0.0016326530612244899,2
N12,N20,N28,0.0016326530612244899,2
N12,N20,N33,0.0016326530612244899,2
N12,N20,N42,0.0016326530612244899,2
N12,N20,N44,0.0016326530612244899,2
N12,N21,N24,0.0016326530612244899,2
N12,N21,N29,0.0016326530612244899,2
N12,N21,N31,0.0016326530612244899,2
N12,N21,N35,0.0016326530612244899,2
N12,N21,N37,0.0016326530612244899,2
N12,N21,N38,0.0016326530612244899,2
N12,N21,N39,0.0016326530612244899,2
N12,N21,N41,0.0016326530612244899,2
N12,N21,N43,0.0016326530612244899,2
N12,N21,N45,0.0016326530612244899,2
N12,N22,N24,0.0016326530612244899,2
N12,N22,N26,0.0016326530612244899,2
N12,N22,N28,0.0016326530612244899,2
N12,N22,N34,0.0016326530612244899,2
N12,N22,N41,0.0016326530612244899,2
N12,N23,N28,0.0016326530612244899,2
N12,N23,N36,0.0016326530612244899,2
N12,N24,N25,0.0016326530612244899,2
N12,N24,N36,0.0016326530612244899,2
N12,N24,N37,0.0016326530612244899,2
N12,N24,N43,0.0016326530612244899,2
N12,N25,N26,0.0016326530612244899,2
N12,N25,N34,0.0016326530612244899,2
N12,N25,N35,0.0016326530612244899,2
N12,N25,N37,0.0016326530612244899,2
N12,N26,N27,0.0016326530612244899,2
N12,N26,N28,0.0016326530612244899,2
N12,N26,N33,0.0016326530612244899,2
N12,N26,N40,0.0016326530612244899,2
N12,N26,N42,0.0016326530612244899,2
N12,N26,N43,0.0016326530612244899,2
N12,N27,N29,0.0016326530612244899,2
N12,N27,N33,0.0016326530612244899,2
N12,N27,N36,0.0016326530612244899,2
N12,N27,N38,0.0016326530612244899,2
N12,N27,N44,0.0016326530612244899,2
N12,N27,N45,0.0016326530612244899,2
N12,N28,N38,0.0016326530612244899,2
N12,N28,N40,0.0016326530612244899,2
N12,N28,N43,0.0016326530612244899,2
N12,N28,N44,0.0016326530612244899,2
N12,N29,N32,0.0016326530612244899,2
N12,N29,N34,0.0016326530612244899,2
N12,N29,N35,0.0016326530612244899,2
N12,N29,N39,0.0016326530612244899,2
N12,N29,N41,0.0016326530612244899,2
N12,N29,N43,0.0016326530612244899,2
N12,N30,N32,0.0016326530612244899,2
N12,N30,N36,0.0016326530612244899,2
N12,N30,N38,0.0016326530612244899,2
N12,N30,N40,0.0016326530612244899,2
N12,N30,N41,0.0016326530612244899,2
N12,N30,N42,0.0016326530612244899,2
N12,N30,N44,0.0016326530612244899,2
N12,N31,N39,0.0016326530612244899,2
N12,N31,N40,0.0016326530612244899,2
N12,N31,N42,0.0016326530612244899,2
N12,N32,N34,0.0016326530612244899,2
N12,N32,N44,0.0016326530612244899,2
N12,N32,N45,0.0016326530612244899,2
N12,N34,N38,0.0016326530612244899,2
N12,N34,N43,0.0016326530612244899,2
N12,N34,N44,0.0016326530612244899,2
N12,N35,N37,0.0016326530612244899,2
N12,N35,N38,0.0016326530612244899,2
N12,N35,N42,0.0016326530612244899,2
N12,N36,N37,0.0016326530612244899,2
N12,N36,N39,0.0016326530612244899,2
N12,N36,N41,0.0016326530612244899,2
N12,N36,N42,0.0016326530612244899,2
N12,N37,N39,0.0016326530612244899,2
N12,N37,N45,0.0016326530612244899,2
N12,N38,N40,0.0016326530612244899,2
N12,N38,N42,0.0016326530612244899,2
N12,N39,N42,0.0016326530612244899,2
N12,N39,N44,0.0016326530612244899,2
N12,N39,N45,0.0016326530612244899,2
N12,N40,N43,0.0016326530612244899,2
N12,N40,N44,0.0016326530612244899,2
N12,N41,N43,0.0016326530612244899,2
N12,N41,N44,0.0016326530612244899,2
N12,N44,N45,0.0016326530612244899,2
N13,N14,N15,0.0016326530612244899,2
N13,N14,N18,0.0016326530612244899,2
N13,N14,N21,0.0016326530612244899,2
N13,N14,N24,0.0016326530612244899,2
N13,N14,N32,0.0016326530612244899,2
N13,N14,N33,0.0016326530612244899,2
N13,N14,N35,0.0016326530612244899,2
N13,N14,N37,0.0016326530612244899,2
N13,N14,N40,0.0016326530612244899,2
N13,N14,N44,0.0016326530612244899,2
N13,N14,N45,0.0016326530612244899,2
N13,N15,N24,0.0016326530612244899,2
N13,N15,N25,0.0016326530612244899,2
N13,N15,N26,0.0016326530612244899,2
N13,N15,N27,0.0016326530612244899,2
N13,N15,N28,0.0016326530612244899,2
N13,N15,N31,0.0016326530612244899,2
N13,N15,N38,0.0016326530612244899,2
N13,N15,N39,0.0016326530612244899,2
N13,N15,N40,0.0016326530612244899,2
N13,N15,N41,0.0016326530612244899,2
N13,N15,N44,0.0016326530612244899,2
N13,N16,N28,0.0016326530612244899,2
N13,N16,N29,0.0016326530612244899,2
N13,N16,N30,0.0016326530612244899,2
N13,N16,N35,0.0016326530612244899,2
N13,N16,N37,0.0016326530612244899,2
N13,N16,N38,0.0016326530612244899,2
N13,N17,N25,0.0016326530612244899,2
N13,N17,N29,0.0016326530612244899,2
N13,N17,N32,0.0016326530612244899,2
N13,N17,N39,0.0016326530612244899,2
N13,N17,N41,0.0016326530612244899,2
N13,N18,N22,0.0016326530612244899,2
N13,N18,N23,0.0016326530612244899,2
N13,N18,N24,0.0016326530612244899,2
N13,N18,N25,0.0016326530612244899,2
N13,N18,N27,0.0016326530612244899,2
N13,N18,N28,0.0016326530612244899,2
N13,N18,N29,0.0016326530612244899,2
N13,N18,N30,0.0016326530612244899,2
N13,N18,N32,0.0016326530612244899,2
N13,N18,N36,0.0016326530612244899,2
N13,N18,N38,0.0016326530612244899,2
N13,N18,N41,0.0016326530612244899,2
N13,N19,N20,0.0016326530612244899,2
N13,N19,N24,0.0016326530612244899,2
N13,N19,N26,0.0016326530612244899,2
N13,N19,N28,0.0016326530612244899,2
N13,N19,N35,0.0016326530612244899,2
N13,N19,N38,0.0016326530612244899,2
N13,N19,N42,0.0016326530612244899,2
N13,N19,N45,0.0016326530612244899,2
N13,N20,N22,0.0016326530612244899,2
N13,N20,N23,0.0016326530612244899,2
N13,N20,N25,0.0016326530612244899,2
N13,N20,N27,0.0016326530612244899,2
N13,N20,N29,0.0016326530612244899,2
N13,N20,N30,0.0016326530612244899,2
N13,N20,N31,0.0016326530612244899,2
N13,N20,N37,0.0016326530612244899,2
N13,N20,N38,0.0016326530612244899,2
N13,N20,N42,0.0016326530612244899,2
N13,N20,N43,0.0016326530612244899,2
N13,N21,N24,0.0016326530612244899,2
N13,N21,N25,0.0016326530612244899,2
N13,N21,N26,0.0016326530612244899,2
N13,N21,N33,0.0016326530612244899,2
N13,N21,N42,0.0016326530612244899,2
N13,N22,N25,0.0016326530612244899,2
N13,N22,N26,0.0016326530612244899,2
N13,N22,N27,0.0016326530612244899,2
N13,N22,N44,0.0016326530612244899,2
N13,N23,N24,0.0016326530612244899,2
N13,N23,N26,0.0016326530612244899,2
N13,N23,N28,0.0016326530612244899,2
N13,N23,N38,0.0016326530612244899,2
N13,N23,N44,0.0016326530612244899,2
N13,N23,N45,0.0016326530612244899,2
N13,N24,N26,0.0016326530612244899,2
N13,N24,N27,0.0016326530612244899,2
N13,N24,N34,0.0016326530612244899,2
N13,N24,N36,0.0016326530612244899,2
N13,N24,N39,0.0016326530612244899,2
N13,N24,N41,0.0016326530612244899,2
N13,N25,N26,0.0016326530612244899,2
N13,N25,N31,0.0016326530612244899,2
N13,N25,N34,0.0016326530612244899,2
N13,N25,N37,0.0016326530612244899,2
N13,N25,N38,0.0016326530612244899,2
N13,N25,N42,0.0016326530612244899,2
N13,N26,N31,0.0016326530612244899,2
N13,N26,N32,0.0016326530612244899,2
N13,N26,N33,0.0016326530612244899,2
N13,N26,N35,0.0016326530612244899,2
N13,N26,N36,0.0016326530612244899,2
N13,N26,N38,0.0016326530612244899,2
N13,N26,N39,0.0016326530612244899,2
N13,N27,N28,0.0016326530612244899,2
N13,N27,N29,0.0016326530612244899,2
N13,N27,N32,0.0016326530612244899,2
N13,N27,N37,0.0016326530612244899,2
N13,N27,N38,0.0016326530612244899,2
N13,N27,N44,0.0016326530612244899,2
N13,N28,N29,0.0016326530612244899,2
N13,N28,N31,0.0016326530612244899,2
N13,N28,N43,0.0016326530612244899,2
N13,N29,N36,0.0016326530612244899,2
N13,N29,N37,0.0016326530612244899,2
N13,N29,N38,0.0016326530612244899,2
N13,N29,N41,0.0016326530612244899,2
N13,N29,N42,0.0016326530612244899,2
N13,N30,N31,0.0016326530612244899,2
N13,N30,N36,0.0016326530612244899,2
N13,N30,N43,0.0016326530612244899,2
N13,N31,N33,0.0016326530612244899,2
N13,N31,N35,0.0016326530612244899,2
N13,N31,N38,0.0016326530612244899,2
N13,N31,N39,0.0016326530612244899,2
N13,N32,N33,0.0016326530612244899,2
N13,N32,N34,0.0016326530612244899,2
N13,N32,N36,0.0016326530612244899,2
N13,N32,N38,0.0016326530612244899,2
N13,N33,N35,0.0016326530612244899,2
N13,N33,N42,0.0016326530612244899,2
N13,N34,N40,0.0016326530612244899,2
N13,N35,N38,0.0016326530612244899,2
N13,N35,N39,0.0016326530612244899,2
N13,N35,N45,0.0016326530612244899,2
N13,N36,N37,0.0016326530612244899,2
N13,N36,N44,0.0016326530612244899,2
N13,N37,N39,0.0016326530612244899,2
N13,N37,N45,0.0016326530612244899,2
N13,N38,N41,0.0016326530612244899,2
N13,N38,N45,0.0016326530612244899,2
N13,N39,N42,0.0016326530612244899,2
N13,N40,N43,0.0016326530612244899,2
N13,N41,N45,0.0016326530612244899,2
N14,N15,N33,0.0016326530612244899,2
N14,N15,N40,0.0016326530612244899,2
N14,N15,N41,0.0016326530612244899,2
N14,N15,N42,0.0016326530612244899,2
N14,N16,N19,0.0016326530612244899,2
N14,N16,N24,0.0016326530612244899,2
N14,N16,N25,0.0016326530612244899,2
N14,N16,N31,0.0016326530612244899,2
N14,N16,N35,0.0016326530612244899,2
N14,N16,N37,0.0016326530612244899,2
N14,N16,N38,0.0016326530612244899,2
N14,N16,N40,0.0016326530612244899,2
N14,N16,N43,0.0016326530612244899,2
N14,N17,N19,0.0016326530612244899,2
N14,N17,N33,0.0016326530612244899,2
N14,N17,N39,0.0016326530612244899,2
N14,N17,N40,0.0016326530612244899,2
N14,N17,N42,0.0016326530612244899,2
N14,N18,N20,0.0016326530612244899,2
N14,N18,N23,0.0016326530612244899,2
N14,N18,N27,0.0016326530612244899,2
N14,N18,N30,0.0016326530612244899,2
N14,N18,N31,0.0016326530612244899,2
N14,N18,N42,0.0016326530612244899,2
N14,N19,N20,0.0016326530612244899,2
N14,N19,N27,0.0016326530612244899,2
N14,N19,N28,0.0016326530612244899,2
N14,N19,N30,0.0016326530612244899,2
N14,N19,N38,0.0016326530612244899,2
N14,N19,N39,0.0016326530612244899,2
N14,N19,N41,0.0016326530612244899,2
N14,N19,N44,0.0016326530612244899,2
N14,N20,N22,0.0016326530612244899,2
N14,N20,N24,0.0016326530612244899,2
N14,N20,N28,0.0016326530612244899,2
N14,N20,N29,0.0016326530612244899,2
N14,N20,N31,0.0016326530612244899,2
N14,N20,N33,0.0016326530612244899,2
N14,N20,N35,0.0016326530612244899,2
N14,N20,N36,0.0016326530612244899,2
N14,N20,N37,0.0016326530612244899,2
N14,N20,N38,0.0016326530612244899,2
N14,N20,N39,0.0016326530612244899,2
N14,N20,N42,0.0016326530612244899,2
N14,N21,N22,0.0016326530612244899,2
N14,N21,N26,0.0016326530612244899,2
N14,N21,N29,0.0016326530612244899,2
N14,N21,N31,0.0016326530612244899,2
N14,N21,N35,0.0016326530612244899,2
N14,N21,N40,0.0016326530612244899,2
N14,N21,N41,0.0016326530612244899,2
N14,N21,N43,0.0016326530612244899,2
N14,N21,N44,0.0016326530612244899,2
N14,N21,N45,0.0016326530612244899,2
N14,N22,N24,0.0016326530612244899,2
N14,N22,N27,0.0016326530612244899,2
N14,N22,N28,0.0016326530612244899,2
N14,N22,N36,0.0016326530612244899,2
N14,N22,N43,0.0016326530612244899,2
N14,N23,N26,0.0016326530612244899,2
N14,N23,N30,0.0016326530612244899,2
N14,N23,N32,0.0016326530612244899,2
N14,N23,N34,0.0016326530612244899,2
N14,N23,N36,0.0016326530612244899,2
N14,N23,N39,0.0016326530612244899,2
N14,N23,N40,0.0016326530612244899,2
N14,N23,N42,0.0016326530612244899,2
N14,N24,N32,0.0016326530612244899,2
N14,N24,N39,0.0016326530612244899,2
N14,N24,N41,0.0016326530612244899,2
N14,N25,N30,0.0016326530612244899,2
N14,N25,N33,0.0016326530612244899,2
N14,N25,N35,0.0016326530612244899,2
N14,N25,N37,0.0016326530612244899,2
N14,N25,N45,0.0016326530612244899,2
N14,N26,N30,0.0016326530612244899,2
N14,N27,N28,0.0016326530612244899,2
N14,N27,N29,0.0016326530612244899,2
N14,N27,N36,0.0016326530612244899,2
N14,N28,N34,0.0016326530612244899,2
N14,N28,N36,0.0016326530612244899,2
N14,N28,N37,0.0016326530612244899,2
N14,N28,N45,0.0016326530612244899,2
N14,N29,N33,0.0016326530612244899,2
N14,N29,N37,0.0016326530612244899,2
N14,N29,N45,0.0016326530612244899,2
N14,N30,N33,0.0016326530612244899,2
N14,N30,N36,0.0016326530612244899,2
N14,N30,N37,0.0016326530612244899,2
N14,N30,N41,0.0016326530612244899,2
N14,N31,N38,0.0016326530612244899,2
N14,N31,N45,0.0016326530612244899,2
N14,N32,N34,0.0016326530612244899,2
N14,N32,N38,0.0016326530612244899,2
N14,N32,N41,0.0016326530612244899,2
N14,N33,N35,0.0016326530612244899,2
N14,N33,N36,0.0016326530612244899,2
N14,N33,N39,0.0016326530612244899,2
N14,N33,N41,0.0016326530612244899,2
N14,N33,N43,0.0016326530612244899,2
N14,N33,N44,0.0016326530612244899,2
N14,N34,N35,0.0016326530612244899,2
N14,N34,N37,0.0016326530612244899,2
N14,N34,N42,0.0016326530612244899,2
N14,N34,N43,0.0016326530612244899,2
N14,N35,N36,0.0016326530612244899,2
N14,N35,N42,0.0016326530612244899,2
N14,N36,N42,0.0016326530612244899,2
N14,N36,N44,0.0016326530612244899,2
N14,N37,N40,0.0016326530612244899,2
N14,N38,N39,0.0016326530612244899,2
N14,N38,N40,0.0016326530612244899,2
N14,N38,N45,0.0016326530612244899,2
N14,N39,N40,0.0016326530612244899,2
N14,N39,N45,0.0016326530612244899,2
N14,N40,N42,0.0016326530612244899,2
N14,N40,N45,0.0016326530612244899,2
N14,N41,N42,0.0016326530612244899,2
N14,N42,N44,0.0016326530612244899,2
N14,N43,N44,0.0016326530612244899,2
N14,N44,N45,0.0016326530612244899,2
N15,N16,N19,0.0016326530612244899,2
N15,N16,N21,0.0016326530612244899,2
N15,N16,N25,0.0016326530612244899,2
N15,N16,N28,0.0016326530612244899,2
N15,N16,N30,0.0016326530612244899,2
N15,N16,N31,0.0016326530612244899,2
N15,N16,N45,0.0016326530612244899,2
N15,N17,N27,0.0016326530612244899,2
N15,N17,N31,0.0016326530612244899,2
N15,N17,N36,0.0016326530612244899,2
N15,N17,N38,0.0016326530612244899,2
N15,N17,N40,0.0016326530612244899,2
N15,N17,N41,0.0016326530612244899,2
N15,N17,N43,0.0016326530612244899,2
N15,N18,N23,0.0016326530612244899,2
N15,N18,N34,0.0016326530612244899,2
N15,N18,N41,0.0016326530612244899,2
N15,N19,N22,0.0016326530612244899,2
N15,N19,N25,0.0016326530612244899,2
N15,N19,N30,0.0016326530612244899,2
N15,N19,N38,0.0016326530612244899,2
N15,N19,N40,0.0016326530612244899,2
N15,N19,N42,0.0016326530612244899,2
N15,N20,N25,0.0016326530612244899,2
N15,N20,N30,0.0016326530612244899,2
N15,N20,N34,0.0016326530612244899,2
N15,N20,N39,0.0016326530612244899,2
N15,N20,N43,0.0016326530612244899,2
N15,N21,N27,0.0016326530612244899,2
N15,N21,N29,0.0016326530612244899,2
N15,N21,N31,0.0016326530612244899,2
N15,N21,N33,0.0016326530612244899,2
N15,N21,N36,0.0016326530612244899,2
N15,N21,N38,0.0016326530612244899,2
N15,N21,N39,0.0016326530612244899,2
N15,N22,N24,0.0016326530612244899,2
N15,N22,N27,0.0016326530612244899,2
N15,N22,N32,0.0016326530612244899,2
N15,N22,N33,0.0016326530612244899,2
N15,N22,N38,0.0016326530612244899,2
N15,N22,N40,0.0016326530612244899,2
N15,N22,N42,0.0016326530612244899,2
N15,N22,N44,0.0016326530612244899,2
N15,N23,N26,0.0016326530612244899,2
N15,N23,N35,0.0016326530612244899,2
N15,N23,N38,0.0016326530612244899,2
N15,N23,N39,0.0016326530612244899,2
N15,N23,N43,0.0016326530612244899,2
N15,N24,N31,0.0016326530612244899,2
N15,N24,N33,0.0016326530612244899,2
N15,N24,N35,0.0016326530612244899,2
N15,N24,N39,0.0016326530612244899,2
N15,N24,N44,0.0016326530612244899,2
N15,N25,N26,0.0016326530612244899,2
N15,N25,N28,0.0016326530612244899,2
N15,N25,N29,0.0016326530612244899,2
N15,N25,N33,0.0016326530612244899,2
N15,N25,N34,0.0016326530612244899,2
N15,N25,N35,0.0016326530612244899,2
N15,N25,N37,0.0016326530612244899,2
N15,N26,N27,0.0016326530612244899,2
N15,N26,N28,0.0016326530612244899,2
N15,N26,N36,0.0016326530612244899,2
N15,N26,N37,0.0016326530612244899,2
N15,N26,N43,0.0016326530612244899,2
N15,N27,N34,0.0016326530612244899,2
N15,N27,N35,0.0016326530612244899,2
N15,N27,N36,0.0016326530612244899,2
N15,N27,N40,0.0016326530612244899,2
N15,N28,N30,0.0016326530612244899,2
N15,N28,N37,0.0016326530612244899,2
N15,N28,N39,0.0016326530612244899,2
N15,N28,N43,0.0016326530612244899,2
N15,N28,N45,0.0016326530612244899,2
N15,N29,N45,0.0016326530612244899,2
N15,N30,N31,0.0016326530612244899,2
N15,N30,N33,0.0016326530612244899,2
N15,N30,N38,0.0016326530612244899,2
N15,N30,N43,0.0016326530612244899,2
N15,N31,N32,0.0016326530612244899,2
N15,N31,N34,0.0016326530612244899,2
N15,N31,N38,0.0016326530612244899,2
N15,N31,N42,0.0016326530612244899,2
N15,N32,N33,0.0016326530612244899,2
N15,N32,N41,0.0016326530612244899,2
N15,N32,N42,0.0016326530612244899,2
N15,N33,N40,0.0016326530612244899,2
N15,N34,N39,0.0016326530612244899,2
N15,N35,N40,0.0016326530612244899,2
N15,N35,N44,0.0016326530612244899,2
N15,N35,N45,0.0016326530612244899,2
N15,N36,N37,0.0016326530612244899,2
N15,N36,N38,0.0016326530612244899,2
N15,N36,N40,0.0016326530612244899,2
N15,N37,N38,0.0016326530612244899,2
N15,N37,N39,0.0016326530612244899,2
N15,N37,N42,0.0016326530612244899,2
N15,N38,N41,0.0016326530612244899,2
N15,N39,N41,0.0016326530612244899,2
N15,N40,N41,0.0016326530612244899,2
N15,N40,N42,0.0016326530612244899,2
N15,N41,N43,0.0016326530612244899,2
N15,N42,N43,0.0016326530612244899,2
N15,N43,N44,0.0016326530612244899,2
N15,N43,N45,0.0016326530612244899,2
N16,N17,N19,0.0016326530612244899,2
N16,N17,N20,0.0016326530612244899,2
N16,N17,N22,0.0016326530612244899,2
N16,N17,N30,0.0016326530612244899,2
N16,N17,N32,0.0016326530612244899,2
N16,N17,N34,0.0016326530612244899,2
N16,N18,N23,0.0016326530612244899,2
N16,N18,N31,0.0016326530612244899,2
N16,N18,N32,0.0016326530612244899,2
N16,N18,N34,0.0016326530612244899,2
N16,N18,N35,0.0016326530612244899,2
N16,N18,N39,0.0016326530612244899,2
N16,N18,N42,0.0016326530612244899,2
N16,N18,N43,0.0016326530612244899,2
N16,N18,N44,0.0016326530612244899,2
N16,N19,N22,0.0016326530612244899,2
N16,N19,N23,0.0016326530612244899,2
N16,N19,N27,0.0016326530612244899,2
N16,N19,N29,0.0016326530612244899,2
N16,N19,N37,0.0016326530612244899,2
N16,N19,N38,0.0016326530612244899,2
N16,N19,N39,0.0016326530612244899,2
N16,N19,N40,0.0016326530612244899,2
N16,N19,N41,0.0016326530612244899,2
N16,N19,N42,0.0016326530612244899,2
N16,N19,N45,0.0016326530612244899,2
N16,N20,N23,0.0016326530612244899,2
N16,N20,N24,0.0016326530612244899,2
N16,N20,N28,0.0016326530612244899,2
N16,N20,N29,0.0016326530612244899,2
N16,N20,N31,0.0016326530612244899,2
N16,N20,N36,0.0016326530612244899,2
N16,N20,N42,0.0016326530612244899,2
N16,N20,N43,0.0016326530612244899,2
N16,N20,N44,0.0016326530612244899,2
N16,N21,N22,0.0016326530612244899,2
N16,N21,N23,0.0016326530612244899,2
N16,N21,N24,0.0016326530612244899,2
N16,N21,N26,0.0016326530612244899,2
N16,N21,N29,0.0016326530612244899,2
N16,N21,N31,0.0016326530612244899,2
N16,N21,N34,0.0016326530612244899,2
N16,N21,N36,0.0016326530612244899,2
N16,N22,N38,0.0016326530612244899,2
N16,N22,N44,0.0016326530612244899,2
N16,N23,N26,0.0016326530612244899,2
N16,N23,N27,0.0016326530612244899,2
N16,N23,N32,0.0016326530612244899,2
N16,N23,N33,0.0016326530612244899,2
N16,N23,N34,0.0016326530612244899,2
N16,N23,N35,0.0016326530612244899,2
N16,N23,N39,0.0016326530612244899,2
N16,N23,N40,0.0016326530612244899,2
N16,N23,N42,0.0016326530612244899,2
N16,N24,N32,0.0016326530612244899,2
N16,N24,N33,0.0016326530612244899,2
N16,N24,N36,0.0016326530612244899,2
N16,N24,N39,0.0016326530612244899,2
N16,N24,N40,0.0016326530612244899,2
N16,N24,N41,0.0016326530612244899,2
N16,N25,N26,0.0016326530612244899,2
N16,N25,N37,0.0016326530612244899,2
N16,N25,N38,0.0016326530612244899,2
N16,N25,N42,0.0016326530612244899,2
N16,N25,N45,0.0016326530612244899,2
N16,N26,N30,0.0016326530612244899,2
N16,N26,N38,0.0016326530612244899,2
N16,N26,N39,0.0016326530612244899,2
N16,N26,N40,0.0016326530612244899,2
N16,N26,N43,0.0016326530612244899,2
N16,N26,N45,0.0016326530612244899,2
N16,N27,N38,0.0016326530612244899,2
N16,N27,N39,0.0016326530612244899,2
N16,N27,N41,0.0016326530612244899,2
N16,N27,N44,0.0016326530612244899,2
N16,N28,N30,0.0016326530612244899,2
N16,N28,N34,0.0016326530612244899,2
N16,N28,N35,0.0016326530612244899,2
N16,N28,N40,0.0016326530612244899,2
N16,N28,N41,0.0016326530612244899,2
N16,N28,N42,0.0016326530612244899,2
N16,N28,N43,0.0016326530612244899,2
N16,N28,N44,0.0016326530612244899,2
N16,N29,N33,0.0016326530612244899,2
N16,N29,N34,0.0016326530612244899,2
N16,N29,N40,0.0016326530612244899,2
N16,N29,N42,0.0016326530612244899,2
N16,N30,N34,0.0016326530612244899,2
N16,N30,N37,0.0016326530612244899,2
N16,N30,N44,0.0016326530612244899,2
N16,N31,N32,0.0016326530612244899,2
N16,N31,N34,0.0016326530612244899,2
N16,N31,N38,0.0016326530612244899,2
N16,N31,N39,0.0016326530612244899,2
N16,N31,N41,0.0016326530612244899,2
N16,N31,N44,0.0016326530612244899,2
N16,N32,N39,0.0016326530612244899,2
N16,N32,N41,0.0016326530612244899,2
N16,N32,N43,0.0016326530612244899,2
N16,N33,N38,0.0016326530612244899,2
N16,N33,N43,0.0016326530612244899,2
N16,N33,N45,0.0016326530612244899,2
N16,N34,N35,0.0016326530612244899,2
N16,N34,N37,0.0016326530612244899,2
N16,N34,N38,0.0016326530612244899,2
N16,N34,N40,0.0016326530612244899,2
N16,N34,N43,0.0016326530612244899,2
N16,N35,N36,0.0016326530612244899,2
N16,N35,N37,0.0016326530612244899,2
N16,N35,N43,0.0016326530612244899,2
N16,N35,N45,0.0016326530612244899,2
N16,N36,N37,0.0016326530612244899,2
N16,N36,N41,0.0016326530612244899,2
N16,N36,N43,0.0016326530612244899,2
N16,N37,N39,0.0016326530612244899,2
N16,N37,N44,0.0016326530612244899,2
N16,N37,N45,0.0016326530612244899,2
N16,N38,N39,0.0016326530612244899,2
N16,N38,N40,0.0016326530612244899,2
N16,N38,N44,0.0016326530612244899,2
N16,N39,N41,0.0016326530612244899,2
N16,N39,N45,0.0016326530612244899,2
N16,N40,N44,0.0016326530612244899,2
N16,N40,N45,0.0016326530612244899,2
N17,N18,N24,0.0016326530612244899,2
N17,N18,N25,0.0016326530612244899,2
N17,N18,N28,0.0016326530612244899,2
N17,N18,N30,0.0016326530612244899,2
N17,N18,N31,0.0016326530612244899,2
N17,N18,N38,0.0016326530612244899,2
N17,N18,N43,0.0016326530612244899,2
N17,N18,N44,0.0016326530612244899,2
N17,N19,N20,0.0016326530612244899,2
N17,N19,N27,0.0016326530612244899,2
N17,N19,N28,0.0016326530612244899,2
N17,N19,N30,0.0016326530612244899,2
N17,N19,N37,0.0016326530612244899,2
N17,N19,N38,0.0016326530612244899,2
N17,N19,N40,0.0016326530612244899,2
N17,N19,N41,0.0016326530612244899,2
N17,N19,N43,0.0016326530612244899,2
N17,N20,N24,0.0016326530612244899,2
N17,N20,N27,0.0016326530612244899,2
N17,N20,N33,0.0016326530612244899,2
N17,N20,N39,0.0016326530612244899,2
N17,N20,N40,0.0016326530612244899,2
N17,N20,N43,0.0016326530612244899,2
N17,N21,N23,0.0016326530612244899,2
N17,N21,N31,0.0016326530612244899,2
N17,N21,N32,0.0016326530612244899,2
N17,N21,N33,0.0016326530612244899,2
N17,N21,N34,0.0016326530612244899,2
N17,N21,N37,0.0016326530612244899,2
N17,N21,N45,0.0016326530612244899,2
N17,N22,N25,0.0016326530612244899,2
N17,N22,N26,0.0016326530612244899,2
N17,N22,N28,0.0016326530612244899,2
N17,N22,N30,0.0016326530612244899,2
N17,N22,N32,0.0016326530612244899,2
N17,N22,N35,0.0016326530612244899,2
N17,N22,N37,0.0016326530612244899,2
N17,N22,N40,0.0016326530612244899,2
N17,N23,N24,0.0016326530612244899,2
N17,N23,N25,0.0016326530612244899,2
N17,N23,N39,0.0016326530612244899,2
N17,N23,N43,0.0016326530612244899,2
N17,N23,N44,0.0016326530612244899,2
N17,N24,N30,0.0016326530612244899,2
N17,N24,N41,0.0016326530612244899,2
N17,N24,N44,0.0016326530612244899,2
N17,N25,N26,0.0016326530612244899,2
N17,N25,N30,0.0016326530612244899,2
N17,N25,N31,0.0016326530612244899,2
N17,N25,N33,0.0016326530612244899,2
N17,N25,N35,0.0016326530612244899,2
N17,N25,N37,0.0016326530612244899,2
N17,N25,N38,0.0016326530612244899,2
N17,N26,N31,0.0016326530612244899,2
N17,N26,N35,0.0016326530612244899,2
N17,N26,N37,0.0016326530612244899,2
N17,N26,N40,0.0016326530612244899,2
N17,N26,N42,0.0016326530612244899,2
N17,N26,N45,0.0016326530612244899,2
N17,N27,N28,0.0016326530612244899,2
N17,N27,N29,0.0016326530612244899,2
N17,N27,N31,0.0016326530612244899,2
N17,N27,N33,0.0016326530612244899,2
N17,N27,N40,0.0016326530612244899,2
N17,N27,N45,0.0016326530612244899,2
N17,N28,N30,0.0016326530612244899,2
N17,N28,N35,0.0016326530612244899,2
N17,N28,N37,0.0016326530612244899,2
N17,N28,N39,0.0016326530612244899,2
N17,N28,N41,0.0016326530612244899,2
N17,N28,N43,0.0016326530612244899,2
N17,N28,N44,0.0016326530612244899,2
N17,N28,N45,0.0016326530612244899,2
N17,N29,N32,0.0016326530612244899,2
N17,N29,N34,0.0016326530612244899,2
N17,N29,N35,0.0016326530612244899,2
N17,N29,N39,0.0016326530612244899,2
N17,N29,N43,0.0016326530612244899,2
N17,N31,N44,0.0016326530612244899,2
N17,N31,N45,0.0016326530612244899,2
N17,N32,N39,0.0016326530612244899,2
N17,N32,N41,0.0016326530612244899,2
N17,N32,N42,0.0016326530612244899,2
N17,N33,N35,0.0016326530612244899,2
N17,N33,N36,0.0016326530612244899,2
N17,N33,N38,0.0016326530612244899,2
N17,N33,N40,0.0016326530612244899,2
N17,N33,N42,0.0016326530612244899,2
N17,N33,N45,0.0016326530612244899,2
N17,N34,N35,0.0016326530612244899,2
N17,N34,N37,0.0016326530612244899,2
N17,N34,N41,0.0016326530612244899,2
N17,N34,N43,0.0016326530612244899,2
N17,N34,N44,0.0016326530612244899,2
N17,N35,N40,0.0016326530612244899,2
N17,N35,N41,0.0016326530612244899,2
N17,N35,N42,0.0016326530612244899,2
N17,N36,N38,0.0016326530612244899,2
N17,N36,N40,0.0016326530612244899,2
N17,N36,N41,0.0016326530612244899,2
N17,N36,N42,0.0016326530612244899,2
N17,N37,N44,0.0016326530612244899,2
N17,N39,N40,0.0016326530612244899,2
N17,N39,N43,0.0016326530612244899,2
N17,N40,N43,0.0016326530612244899,2
N17,N40,N44,0.0016326530612244899,2
N17,N41,N43,0.0016326530612244899,2
N17,N42,N44,0.0016326530612244899,2
N18,N19,N25,0.0016326530612244899,2
N18,N19,N26,0.0016326530612244899,2
N18,N19,N27,0.0016326530612244899,2
N18,N19,N29,0.0016326530612244899,2
N18,N19,N30,0.0016326530612244899,2
N18,N19,N32,0.0016326530612244899,2
N18,N19,N33,0.0016326530612244899,2
N18,N19,N42,0.0016326530612244899,2
N18,N19,N45,0.0016326530612244899,2
N18,N20,N33,0.0016326530612244899,2
N18,N20,N35,0.0016326530612244899,2
N18,N20,N43,0.0016326530612244899,2
N18,N21,N28,0.0016326530612244899,2
N18,N21,N29,0.0016326530612244899,2
N18,N21,N32,0.0016326530612244899,2
N18,N21,N33,0.0016326530612244899,2
N18,N21,N39,0.0016326530612244899,2
N18,N21,N43,0.0016326530612244899,2
N18,N22,N28,0.0016326530612244899,2
N18,N22,N34,0.0016326530612244899,2
N18,N22,N35,0.0016326530612244899,2
N18,N22,N39,0.0016326530612244899,2
N18,N23,N25,0.0016326530612244899,2
N18,N23,N28,0.0016326530612244899,2
N18,N23,N35,0.0016326530612244899,2
N18,N23,N36,0.0016326530612244899,2
N18,N23,N40,0.0016326530612244899,2
N18,N23,N41,0.0016326530612244899,2
N18,N23,N43,0.0016326530612244899,2
N18,N23,N45,0.0016326530612244899,2
N18,N24,N30,0.0016326530612244899,2
N18,N24,N31,0.0016326530612244899,2
N18,N24,N33,0.0016326530612244899,2
N18,N24,N44,0.0016326530612244899,2
N18,N25,N26,0.0016326530612244899,2
N18,N25,N33,0.0016326530612244899,2
N18,N25,N34,0.0016326530612244899,2
N18,N25,N35,0.0016326530612244899,2
N18,N25,N37,0.0016326530612244899,2
N18,N25,N38,0.0016326530612244899,2
N18,N25,N39,0.0016326530612244899,2
N18,N26,N33,0.0016326530612244899,2
N18,N26,N36,0.0016326530612244899,2
N18,N26,N37,0.0016326530612244899,2
N18,N26,N44,0.0016326530612244899,2
N18,N27,N32,0.0016326530612244899,2
N18,N27,N41,0.0016326530612244899,2
N18,N27,N42,0.0016326530612244899,2
N18,N27,N45,0.0016326530612244899,2
N18,N28,N31,0.0016326530612244899,2
N18,N28,N34,0.0016326530612244899,2
N18,N28,N35,0.0016326530612244899,2
N18,N28,N36,0.0016326530612244899,2
N18,N28,N37,0.0016326530612244899,2
N18,N28,N39,0.0016326530612244899,2
N18,N28,N45,0.0016326530612244899,2
N18,N29,N33,0.0016326530612244899,2
N18,N29,N35,0.0016326530612244899,2
N18,N29,N37,0.0016326530612244899,2
N18,N30,N31,0.0016326530612244899,2
N18,N30,N36,0.0016326530612244899,2
N18,N30,N40,0.0016326530612244899,2
N18,N30,N44,0.0016326530612244899,2
N18,N31,N37,0.0016326530612244899,2
N18,N31,N42,0.0016326530612244899,2
N18,N32,N38,0.0016326530612244899,2
N18,N32,N39,0.0016326530612244899,2
N18,N32,N40,0.0016326530612244899,2
N18,N33,N37,0.0016326530612244899,2
N18,N33,N44,0.0016326530612244899,2
N18,N34,N41,0.0016326530612244899,2
N18,N34,N42,0.0016326530612244899,2
N18,N34,N43,0.0016326530612244899,2
N18,N35,N37,0.0016326530612244899,2
N18,N35,N43,0.0016326530612244899,2
N18,N35,N45,0.0016326530612244899,2
N18,N36,N37,0.0016326530612244899,2
N18,N36,N43,0.0016326530612244899,2
N18,N37,N38,0.0016326530612244899,2
N18,N37,N39,0.0016326530612244899,2
N18,N37,N40,0.0016326530612244899,2
N18,N38,N44,0.0016326530612244899,2
N18,N39,N40,0.0016326530612244899,2
N18,N39,N41,0.0016326530612244899,2
N18,N41,N42,0.0016326530612244899,2
N18,N41,N43,0.0016326530612244899,2
N18,N42,N44,0.0016326530612244899,2
N18,N43,N44,0.0016326530612244899,2
N18,N43,N45,0.0016326530612244899,2
N19,N20,N21,0.0016326530612244899,2
N19,N20,N30,0.0016326530612244899,2
N19,N20,N33,0.0016326530612244899,2
N19,N20,N35,0.0016326530612244899,2
N19,N20,N38,0.0016326530612244899,2
N19,N20,N39,0.0016326530612244899,2
N19,N20,N40,0.0016326530612244899,2
N19,N20,N43,0.0016326530612244899,2
N19,N20,N44,0.0016326530612244899,2
N19,N20,N45,0.0016326530612244899,2
N19,N21,N23,0.0016326530612244899,2
N19,N21,N24,0.0016326530612244899,2
N19,N21,N29,0.0016326530612244899,2
N19,N21,N36,0.0016326530612244899,2
N19,N21,N40,0.0016326530612244899,2
N19,N21,N43,0.0016326530612244899,2
N19,N22,N28,0.0016326530612244899,2
N19,N22,N34,0.0016326530612244899,2
N19,N22,N36,0.0016326530612244899,2
N19,N22,N37,0.0016326530612244899,2
N19,N22,N43,0.0016326530612244899,2
N19,N23,N32,0.0016326530612244899,2
N19,N23,N33,0.0016326530612244899,2
N19,N24,N27,0.0016326530612244899,2
N19,N24,N30,0.0016326530612244899,2
N19,N24,N36,0.0016326530612244899,2
N19,N24,N40,0.0016326530612244899,2
N19,N24,N42,0.0016326530612244899,2
N19,N25,N32,0.0016326530612244899,2
N19,N25,N38,0.0016326530612244899,2
N19,N25,N42,0.0016326530612244899,2
N19,N26,N28,0.0016326530612244899,2
N19,N26,N31,0.0016326530612244899,2
N19,N26,N39,0.0016326530612244899,2
N19,N26,N40,0.0016326530612244899,2
N19,N26,N44,0.0016326530612244899,2
N19,N27,N28,0.0016326530612244899,2
N19,N27,N31,0.0016326530612244899,2
N19,N27,N34,0.0016326530612244899,2
N19,N27,N35,0.0016326530612244899,2
N19,N27,N41,0.0016326530612244899,2
N19,N28,N31,0.0016326530612244899,2
N19,N28,N33,0.0016326530612244899,2
N19,N28,N36,0.0016326530612244899,2
N19,N28,N37,0.0016326530612244899,2
N19,N28,N45,0.0016326530612244899,2
N19,N29,N32,0.0016326530612244899,2
N19,N29,N35,0.0016326530612244899,2
N19,N29,N36,0.0016326530612244899,2
N19,N29,N42,0.0016326530612244899,2
N19,N30,N39,0.0016326530612244899,2
N19,N30,N43,0.0016326530612244899,2
N19,N30,N45,0.0016326530612244899,2
N19,N31,N35,0.0016326530612244899,2
N19,N31,N38,0.0016326530612244899,2
N19,N31,N39,0.0016326530612244899,2
N19,N31,N43,0.0016326530612244899,2
N19,N31,N44,0.0016326530612244899,2
N19,N32,N36,0.0016326530612244899,2
N19,N32,N38,0.0016326530612244899,2
N19,N32,N41,0.0016326530612244899,2
N19,N32,N45,0.0016326530612244899,2
N19,N33,N39,0.0016326530612244899,2
N19,N33,N40,0.0016326530612244899,2
N19,N33,N42,0.0016326530612244899,2
N19,N34,N35,0.0016326530612244899,2
N19,N34,N42,0.0016326530612244899,2
N19,N34,N43,0.0016326530612244899,2
N19,N34,N45,0.0016326530612244899,2
N19,N35,N38,0.0016326530612244899,2
N19,N35,N39,0.0016326530612244899,2
N19,N35,N42,0.0016326530612244899,2
N19,N36,N39,0.0016326530612244899,2
N19,N36,N45,0.0016326530612244899,2
N19,N37,N39,0.0016326530612244899,2
N19,N37,N40,0.0016326530612244899,2
N19,N37,N41,0.0016326530612244899,2
N19,N38,N41,0.0016326530612244899,2
N19,N39,N43,0.0016326530612244899,2
N19,N41,N42,0.0016326530612244899,2
N19,N41,N43,0.0016326530612244899,2
N19,N42,N44,0.0016326530612244899,2
N19,N42,N45,0.0016326530612244899,2
N19,N43,N45,0.0016326530612244899,2
N20,N21,N22,0.0016326530612244899,2
N20,N21,N29,0.0016326530612244899,2
N20,N21,N30,0.0016326530612244899,2
N20,N21,N32,0.0016326530612244899,2
N20,N21,N33,0.0016326530612244899,2
N20,N21,N37,0.0016326530612244899,2
N20,N21,N44,0.0016326530612244899,2
N20,N22,N23,0.0016326530612244899,2
N20,N22,N28,0.0016326530612244899,2
N20,N22,N29,0.0016326530612244899,2
N20,N22,N33,0.0016326530612244899,2
N20,N22,N36,0.0016326530612244899,2
N20,N22,N38,0.0016326530612244899,2
N20,N22,N40,0.0016326530612244899,2
N20,N22,N41,0.0016326530612244899,2
N20,N23,N24,0.0016326530612244899,2
N20,N23,N26,0.0016326530612244899,2
N20,N23,N31,0.0016326530612244899,2
N20,N23,N32,0.0016326530612244899,2
N20,N23,N40,0.0016326530612244899,2
N20,N23,N42,0.0016326530612244899,2
N20,N24,N28,0.0016326530612244899,2
N20,N24,N31,0.0016326530612244899,2
N20,N24,N32,0.0016326530612244899,2
N20,N24,N34,0.0016326530612244899,2
N20,N24,N37,0.0016326530612244899,2
N20,N24,N40,0.0016326530612244899,2
N20,N24,N41,0.0016326530612244899,2
N20,N24,N42,0.0016326530612244899,2
N20,N24,N44,0.0016326530612244899,2
N20,N24,N45,0.0016326530612244899,2
N20,N25,N29,0.0016326530612244899,2
N20,N25,N31,0.0016326530612244899,2
N20,N25,N33,0.0016326530612244899,2
N20,N25,N41,0.0016326530612244899,2
N20,N25,N43,0.0016326530612244899,2
N20,N25,N45,0.0016326530612244899,2
N20,N26,N27,0.0016326530612244899,2
N20,N26,N30,0.0016326530612244899,2
N20,N26,N33,0.0016326530612244899,2
N20,N26,N40,0.0016326530612244899,2
N20,N26,N42,0.0016326530612244899,2
N20,N26,N43,0.0016326530612244899,2
N20,N27,N28,0.0016326530612244899,2
N20,N27,N33,0.0016326530612244899,2
N20,N27,N37,0.0016326530612244899,2
N20,N27,N39,0.0016326530612244899,2
N20,N27,N43,0.0016326530612244899,2
N20,N27,N44,0.0016326530612244899,2
N20,N28,N29,0.0016326530612244899,2
N20,N28,N30,0.0016326530612244899,2
N20,N28,N37,0.0016326530612244899,2
N20,N29,N31,0.0016326530612244899,2
N20,N29,N42,0.0016326530612244899,2
N20,N30,N34,0.0016326530612244899,2
N20,N30,N36,0.0016326530612244899,2
N20,N30,N37,0.0016326530612244899,2
N20,N30,N38,0.0016326530612244899,2
N20,N30,N40,0.0016326530612244899,2
N20,N30,N44,0.0016326530612244899,2
N20,N31,N32,0.0016326530612244899,2
N20,N31,N33,0.0016326530612244899,2
N20,N31,N34,0.0016326530612244899,2
N20,N31,N35,0.0016326530612244899,2
N20,N31,N37,0.0016326530612244899,2
N20,N31,N41,0.0016326530612244899,2
N20,N32,N33,0.0016326530612244899,2
N20,N32,N36,0.0016326530612244899,2
N20,N32,N38,0.0016326530612244899,2
N20,N32,N39,0.0016326530612244899,2
N20,N32,N40,0.0016326530612244899,2
N20,N32,N41,0.0016326530612244899,2
N20,N32,N43,0.0016326530612244899,2
N20,N33,N34,0.0016326530612244899,2
N20,N33,N42,0.0016326530612244899,2
N20,N33,N43,0.0016326530612244899,2
N20,N33,N45,0.0016326530612244899,2
N20,N34,N35,0.0016326530612244899,2
N20,N34,N42,0.0016326530612244899,2
N20,N36,N38,0.0016326530612244899,2
N20,N36,N39,0.0016326530612244899,2
N20,N36,N42,0.0016326530612244899,2
N20,N37,N39,0.0016326530612244899,2
N20,N37,N40,0.0016326530612244899,2
N20,N37,N43,0.0016326530612244899,2
N20,N38,N43,0.0016326530612244899,2
N20,N39,N41,0.0016326530612244899,2
N20,N39,N42,0.0016326530612244899,2
N20,N40,N45,0.0016326530612244899,2
N20,N44,N45,0.0016326530612244899,2
N21,N22,N28,0.0016326530612244899,2
N21,N22,N31,0.0016326530612244899,2
N21,N22,N34,0.0016326530612244899,2
N21,N22,N35,0.0016326530612244899,2
N21,N22,N38,0.0016326530612244899,2
N21,N22,N41,0.0016326530612244899,2
N21,N22,N42,0.0016326530612244899,2
N21,N22,N44,0.0016326530612244899,2
N21,N23,N30,0.0016326530612244899,2
N21,N23,N32,0.0016326530612244899,2
N21,N23,N34,0.0016326530612244899,2
N21,N23,N39,0.0016326530612244899,2
N21,N23,N45,0.0016326530612244899,2
N21,N24,N29,0.0016326530612244899,2
N21,N24,N33,0.0016326530612244899,2
N21,N24,N36,0.0016326530612244899,2
N21,N24,N37,0.0016326530612244899,2
N21,N24,N41,0.0016326530612244899,2
N21,N24,N43,0.0016326530612244899,2
N21,N24,N44,0.0016326530612244899,2
N21,N25,N26,0.0016326530612244899,2
N21,N25,N29,0.0016326530612244899,2
N21,N25,N33,0.0016326530612244899,2
N21,N25,N40,0.0016326530612244899,2
N21,N25,N41,0.0016326530612244899,2
N21,N25,N42,0.0016326530612244899,2
N21,N26,N30,0.0016326530612244899,2
N21,N26,N31,0.0016326530612244899,2
N21,N26,N32,0.0016326530612244899,2
N21,N26,N37,0.0016326530612244899,2
N21,N27,N32,0.0016326530612244899,2
N21,N27,N38,0.0016326530612244899,2
N21,N27,N39,0.0016326530612244899,2
N21,N27,N43,0.0016326530612244899,2
N21,N28,N31,0.0016326530612244899,2
N21,N28,N35,0.0016326530612244899,2
N21,N28,N36,0.0016326530612244899,2
N21,N28,N42,0.0016326530612244899,2
N21,N28,N45,0.0016326530612244899,2
N21,N29,N32,0.0016326530612244899,2
N21,N29,N33,0.0016326530612244899,2
N21,N29,N34,0.0016326530612244899,2
N21,N29,N40,0.0016326530612244899,2
N21,N29,N43,0.0016326530612244899,2
N21,N29,N44,0.0016326530612244899,2
N21,N30,N32,0.0016326530612244899,2
N21,N30,N38,0.0016326530612244899,2
N21,N30,N44,0.0016326530612244899,2
N21,N31,N36,0.0016326530612244899,2
N21,N31,N38,0.0016326530612244899,2
N21,N31,N40,0.0016326530612244899,2
N21,N31,N43,0.0016326530612244899,2
N21,N32,N34,0.0016326530612244899,2
N21,N32,N36,0.0016326530612244899,2
N21,N32,N37,0.0016326530612244899,2
N21,N32,N38,0.0016326530612244899,2
N21,N32,N44,0.0016326530612244899,2
N21,N32,N45,0.0016326530612244899,2
N21,N33,N36,0.0016326530612244899,2
N21,N33,N38,0.0016326530612244899,2
N21,N33,N39,0.0016326530612244899,2
N21,N33,N40,0.0016326530612244899,2
N21,N33,N41,0.0016326530612244899,2
N21,N34,N36,0.0016326530612244899,2
N21,N34,N43,0.0016326530612244899,2
N21,N35,N40,0.0016326530612244899,2
N21,N35,N43,0.0016326530612244899,2
N21,N36,N39,0.0016326530612244899,2
N21,N36,N40,0.0016326530612244899,2
N21,N36,N44,0.0016326530612244899,2
N21,N37,N38,0.0016326530612244899,2
N21,N37,N40,0.0016326530612244899,2
N21,N38,N39,0.0016326530612244899,2
N21,N38,N42,0.0016326530612244899,2
N21,N38,N45,0.0016326530612244899,2
N21,N40,N42,0.0016326530612244899,2
N21,N41,N42,0.0016326530612244899,2
N21,N43,N44,0.0016326530612244899,2
N22,N23,N29,0.0016326530612244899,2
N22,N23,N34,0.0016326530612244899,2
N22,N23,N37,0.0016326530612244899,2
N22,N23,N38,0.0016326530612244899,2
N22,N23,N43,0.0016326530612244899,2
N22,N24,N26,0.0016326530612244899,2
N22,N24,N27,0.0016326530612244899,2
N22,N24,N31,0.0016326530612244899,2
N22,N24,N33,0.0016326530612244899,2
N22,N24,N34,0.0016326530612244899,2
N22,N24,N37,0.0016326530612244899,2
N22,N24,N40,0.0016326530612244899,2
N22,N24,N41,0.0016326530612244899,2
N22,N25,N29,0.0016326530612244899,2
N22,N25,N31,0.0016326530612244899,2
N22,N25,N32,0.0016326530612244899,2
N22,N25,N34,0.0016326530612244899,2
N22,N25,N40,0.0016326530612244899,2
N22,N25,N43,0.0016326530612244899,2
N22,N25,N45,0.0016326530612244899,2
N22,N26,N27,0.0016326530612244899,2
N22,N26,N34,0.0016326530612244899,2
N22,N26,N38,0.0016326530612244899,2
N22,N26,N40,0.0016326530612244899,2
N22,N26,N41,0.0016326530612244899,2
N22,N26,N44,0.0016326530612244899,2
N22,N27,N30,0.0016326530612244899,2
N22,N27,N33,0.0016326530612244899,2
N22,N27,N36,0.0016326530612244899,2
N22,N27,N43,0.0016326530612244899,2
N22,N28,N29,0.0016326530612244899,2
N22,N28,N32,0.0016326530612244899,2
N22,N28,N39,0.0016326530612244899,2
N22,N28,N43,0.0016326530612244899,2
N22,N29,N31,0.0016326530612244899,2
N22,N29,N32,0.0016326530612244899,2
N22,N29,N43,0.0016326530612244899,2
N22,N29,N44,0.0016326530612244899,2
N22,N29,N45,0.0016326530612244899,2
N22,N30,N35,0.0016326530612244899,2
N22,N30,N37,0.0016326530612244899,2
N22,N30,N39,0.0016326530612244899,2
N22,N30,N43,0.0016326530612244899,2
N22,N30,N44,0.0016326530612244899,2
N22,N31,N32,0.0016326530612244899,2
N22,N31,N35,0.0016326530612244899,2
N22,N31,N38,0.0016326530612244899,2
N22,N31,N39,0.0016326530612244899,2
N22,N31,N40,0.0016326530612244899,2
N22,N31,N43,0.0016326530612244899,2
N22,N32,N33,0.0016326530612244899,2
N22,N32,N34,0.0016326530612244899,2
N22,N32,N35,0.0016326530612244899,2
N22,N32,N38,0.0016326530612244899,2
N22,N32,N42,0.0016326530612244899,2
N22,N33,N34,0.0016326530612244899,2
N22,N33,N36,0.0016326530612244899,2
N22,N33,N41,0.0016326530612244899,2
N22,N34,N35,0.0016326530612244899,2
N22,N34,N37,0.0016326530612244899,2
N22,N35,N36,0.0016326530612244899,2
N22,N35,N37,0.0016326530612244899,2
N22,N36,N37,0.0016326530612244899,2
N22,N36,N38,0.0016326530612244899,2
N22,N36,N39,0.0016326530612244899,2
N22,N37,N43,0.0016326530612244899,2
N22,N38,N39,0.0016326530612244899,2
N22,N38,N40,0.0016326530612244899,2
N22,N38,N41,0.0016326530612244899,2
N22,N38,N45,0.0016326530612244899,2
N22,N39,N44,0.0016326530612244899,2
N22,N41,N42,0.0016326530612244899,2
N22,N42,N43,0.0016326530612244899,2
N23,N24,N30,0.0016326530612244899,2
N23,N24,N36,0.0016326530612244899,2
N23,N24,N38,0.0016326530612244899,2
N23,N24,N39,0.0016326530612244899,2
N23,N24,N45,0.0016326530612244899,2
N23,N25,N27,0.0016326530612244899,2
N23,N25,N29,0.0016326530612244899,2
N23,N25,N32,0.0016326530612244899,2
N23,N25,N39,0.0016326530612244899,2
N23,N25,N41,0.0016326530612244899,2
N23,N25,N45,0.0016326530612244899,2
N23,N26,N27,0.0016326530612244899,2
N23,N26,N29,0.0016326530612244899,2
N23,N26,N31,0.0016326530612244899,2
N23,N26,N35,0.0016326530612244899,2
N23,N26,N40,0.0016326530612244899,2
N23,N26,N43,0.0016326530612244899,2
N23,N27,N33,0.0016326530612244899,2
N23,N27,N36,0.0016326530612244899,2
N23,N27,N44,0.0016326530612244899,2
N23,N27,N45,0.0016326530612244899,2
N23,N28,N34,0.0016326530612244899,2
N23,N28,N35,0.0016326530612244899,2
N23,N28,N36,0.0016326530612244899,2
N23,N28,N37,0.0016326530612244899,2
N23,N28,N38,0.0016326530612244899,2
N23,N28,N44,0.0016326530612244899,2
N23,N28,N45,0.0016326530612244899,2
N23,N29,N31,0.0016326530612244899,2
N23,N29,N34,0.0016326530612244899,2
N23,N29,N39,0.0016326530612244899,2
N23,N29,N41,0.0016326530612244899,2
N23,N29,N43,0.0016326530612244899,2
N23,N29,N45,0.0016326530612244899,2
N23,N30,N32,0.0016326530612244899,2
N23,N30,N43,0.0016326530612244899,2
N23,N31,N33,0.0016326530612244899,2
N23,N31,N34,0.0016326530612244899,2
N23,N31,N38,0.0016326530612244899,2
N23,N31,N40,0.0016326530612244899,2
N23,N31,N44,0.0016326530612244899,2
N23,N31,N45,0.0016326530612244899,2
N23,N32,N34,0.0016326530612244899,2
N23,N32,N40,0.0016326530612244899,2
N23,N32,N45,0.0016326530612244899,2
N23,N33,N37,0.0016326530612244899,2
N23,N33,N39,0.0016326530612244899,2
N23,N33,N40,0.0016326530612244899,2
N23,N33,N44,0.0016326530612244899,2
N23,N34,N35,0.0016326530612244899,2
N23,N34,N40,0.0016326530612244899,2
N23,N34,N41,0.0016326530612244899,2
N23,N34,N43,0.0016326530612244899,2
N23,N35,N37,0.0016326530612244899,2
N23,N35,N44,0.0016326530612244899,2
N23,N35,N45,0.0016326530612244899,2
N23,N36,N37,0.0016326530612244899,2
N23,N36,N38,0.0016326530612244899,2
N23,N36,N40,0.0016326530612244899,2
N23,N37,N38,0.0016326530612244899,2
N23,N37,N40,0.0016326530612244899,2
N23,N38,N39,0.0016326530612244899,2
N23,N39,N40,0.0016326530612244899,2
N23,N39,N42,0.0016326530612244899,2
N23,N40,N45,0.0016326530612244899,2
N23,N41,N45,0.0016326530612244899,2
N23,N43,N44,0.0016326530612244899,2
N23,N43,N45,0.0016326530612244899,2
N24,N25,N30,0.0016326530612244899,2
N24,N25,N31,0.0016326530612244899,2
N24,N25,N32,0.0016326530612244899,2
N24,N25,N34,0.0016326530612244899,2
N24,N25,N35,0.0016326530612244899,2
N24,N26,N34,0.0016326530612244899,2
N24,N26,N38,0.0016326530612244899,2
N24,N26,N39,0.0016326530612244899,2
N24,N26,N40,0.0016326530612244899,2
N24,N26,N42,0.0016326530612244899,2
N24,N27,N29,0.0016326530612244899,2
N24,N27,N34,0.0016326530612244899,2
N24,N27,N39,0.0016326530612244899,2
N24,N27,N43,0.0016326530612244899,2
N24,N28,N35,0.0016326530612244899,2
N24,N28,N36,0.0016326530612244899,2
N24,N28,N39,0.0016326530612244899,2
N24,N28,N40,0.0016326530612244899,2
N24,N29,N31,0.0016326530612244899,2
N24,N29,N42,0.0016326530612244899,2
N24,N30,N33,0.0016326530612244899,2
N24,N30,N37,0.0016326530612244899,2
N24,N30,N39,0.0016326530612244899,2
N24,N31,N44,0.0016326530612244899,2
N24,N32,N33,0.0016326530612244899,2
N24,N32,N34,0.0016326530612244899,2
N24,N32,N36,0.0016326530612244899,2
N24,N32,N37,0.0016326530612244899,2
N24,N32,N38,0.0016326530612244899,2
N24,N32,N40,0.0016326530612244899,2
N24,N32,N44,0.0016326530612244899,2
N24,N33,N34,0.0016326530612244899,2
N24,N33,N35,0.0016326530612244899,2
N24,N33,N36,0.0016326530612244899,2
N24,N33,N42,0.0016326530612244899,2
N24,N33,N44,0.0016326530612244899,2
N24,N33,N45,0.0016326530612244899,2
N24,N34,N36,0.0016326530612244899,2
N24,N34,N39,0.0016326530612244899,2
N24,N34,N41,0.0016326530612244899,2
N24,N34,N44,0.0016326530612244899,2
N24,N36,N38,0.0016326530612244899,2
N24,N36,N41,0.0016326530612244899,2
N24,N36,N44,0.0016326530612244899,2
N24,N37,N38,0.0016326530612244899,2
N24,N37,N40,0.0016326530612244899,2
N24,N38,N39,0.0016326530612244899,2
N24,N39,N41,0.0016326530612244899,2
N24,N39,N42,0.0016326530612244899,2
N24,N44,N45,0.0016326530612244899,2
N25,N26,N30,0.0016326530612244899,2
N25,N26,N33,0.0016326530612244899,2
N25,N27,N32,0.0016326530612244899,2
N25,N27,N37,0.0016326530612244899,2
N25,N27,N40,0.0016326530612244899,2
N25,N27,N41,0.0016326530612244899,2
N25,N28,N30,0.0016326530612244899,2
N25,N28,N32,0.0016326530612244899,2
N25,N28,N36,0.0016326530612244899,2
N25,N28,N38,0.0016326530612244899,2
N25,N29,N32,0.0016326530612244899,2
N25,N29,N44,0.0016326530612244899,2
N25,N29,N45,0.0016326530612244899,2
N25,N30,N31,0.0016326530612244899,2
N25,N30,N33,0.0016326530612244899,2
N25,N30,N40,0.0016326530612244899,2
N25,N30,N42,0.0016326530612244899,2
N25,N31,N32,0.0016326530612244899,2
N25,N31,N37,0.0016326530612244899,2
N25,N31,N40,0.0016326530612244899,2
N25,N31,N43,0.0016326530612244899,2
N25,N31,N45,0.0016326530612244899,2
N25,N32,N36,0.0016326530612244899,2
N25,N32,N37,0.0016326530612244899,2
N25,N32,N40,0.0016326530612244899,2
N25,N32,N42,0.0016326530612244899,2
N25,N32,N44,0.0016326530612244899,2
N25,N32,N45,0.0016326530612244899,2
N25,N33,N34,0.0016326530612244899,2
N25,N33,N39,0.0016326530612244899,2
N25,N33,N43,0.0016326530612244899,2
N25,N34,N38,0.0016326530612244899,2
N25,N34,N39,0.0016326530612244899,2
N25,N34,N40,0.0016326530612244899,2
N25,N34,N44,0.0016326530612244899,2
N25,N35,N37,0.0016326530612244899,2
N25,N35,N43,0.0016326530612244899,2
N25,N35,N44,0.0016326530612244899,2
N25,N36,N37,0.0016326530612244899,2
N25,N36,N40,0.0016326530612244899,2
N25,N36,N44,0.0016326530612244899,2
N25,N37,N39,0.0016326530612244899,2
N25,N37,N42,0.0016326530612244899,2
N25,N37,N43,0.0016326530612244899,2
N25,N38,N41,0.0016326530612244899,2
N25,N38,N42,0.0016326530612244899,2
N25,N41,N44,0.0016326530612244899,2
N25,N41,N45,0.0016326530612244899,2
N26,N27,N28,0.0016326530612244899,2
N26,N27,N32,0.0016326530612244899,2
N26,N27,N34,0.0016326530612244899,2
N26,N27,N36,0.0016326530612244899,2
N26,N27,N37,0.0016326530612244899,2
N26,N27,N39,0.0016326530612244899,2
N26,N27,N43,0.0016326530612244899,2
N26,N28,N29,0.0016326530612244899,2
N26,N28,N33,0.0016326530612244899,2
N26,N28,N44,0.0016326530612244899,2
N26,N29,N31,0.0016326530612244899,2
N26,N29,N37,0.0016326530612244899,2
N26,N29,N42,0.0016326530612244899,2
N26,N29,N43,0.0016326530612244899,2
N26,N30,N34,0.0016326530612244899,2
N26,N30,N36,0.0016326530612244899,2
N26,N30,N38,0.0016326530612244899,2
N26,N30,N39,0.0016326530612244899,2
N26,N30,N45,0.0016326530612244899,2
N26,N31,N33,0.0016326530612244899,2
N26,N31,N35,0.0016326530612244899,2
N26,N31,N39,0.0016326530612244899,2
N26,N31,N45,0.0016326530612244899,2
N26,N32,N33,0.0016326530612244899,2
N26,N32,N34,0.0016326530612244899,2
N26,N32,N36,0.0016326530612244899,2
N26,N32,N38,0.0016326530612244899,2
N26,N32,N42,0.0016326530612244899,2
N26,N33,N34,0.0016326530612244899,2
N26,N33,N36,0.0016326530612244899,2
N26,N33,N39,0.0016326530612244899,2
N26,N33,N43,0.0016326530612244899,2
N26,N33,N45,0.0016326530612244899,2
N26,N34,N41,0.0016326530612244899,2
N26,N34,N43,0.0016326530612244899,2
N26,N34,N44,0.0016326530612244899,2
N26,N34,N45,0.0016326530612244899,2
N26,N35,N37,0.0016326530612244899,2
N26,N35,N39,0.0016326530612244899,2
N26,N35,N42,0.0016326530612244899,2
N26,N35,N43,0.0016326530612244899,2
N26,N36,N41,0.0016326530612244899,2
N26,N36,N42,0.0016326530612244899,2
N26,N36,N45,0.0016326530612244899,2
N26,N38,N40,0.0016326530612244899,2
N26,N38,N45,0.0016326530612244899,2
N26,N39,N41,0.0016326530612244899,2
N26,N39,N42,0.0016326530612244899,2
N26,N40,N42,0.0016326530612244899,2
N26,N42,N43,0.0016326530612244899,2
N26,N42,N45,0.0016326530612244899,2
N26,N43,N44,0.0016326530612244899,2
N27,N28,N30,0.0016326530612244899,2
N27,N28,N36,0.0016326530612244899,2
N27,N28,N37,0.0016326530612244899,2
N27,N28,N42,0.0016326530612244899,2
N27,N28,N43,0.0016326530612244899,2
N27,N29,N34,0.0016326530612244899,2
N27,N29,N37,0.0016326530612244899,2
N27,N29,N41,0.0016326530612244899,2
N27,N29,N42,0.0016326530612244899,2
N27,N29,N43,0.0016326530612244899,2
N27,N30,N33,0.0016326530612244899,2
N27,N30,N34,0.0016326530612244899,2
N27,N30,N39,0.0016326530612244899,2
N27,N31,N32,0.0016326530612244899,2
N27,N31,N35,0.0016326530612244899,2
N27,N31,N38,0.0016326530612244899,2
N27,N32,N38,0.0016326530612244899,2
N27,N32,N42,0.0016326530612244899,2
N27,N33,N36,0.0016326530612244899,2
N27,N33,N37,0.0016326530612244899,2
N27,N33,N39,0.0016326530612244899,2
N27,N33,N41,0.0016326530612244899,2
N27,N34,N35,0.0016326530612244899,2
N27,N34,N40,0.0016326530612244899,2
N27,N34,N41,0.0016326530612244899,2
N27,N34,N42,0.0016326530612244899,2
N27,N34,N44,0.0016326530612244899,2
N27,N34,N45,0.0016326530612244899,2
N27,N35,N36,0.0016326530612244899,2
N27,N36,N37,0.0016326530612244899,2
N27,N36,N41,0.0016326530612244899,2
N27,N36,N43,0.0016326530612244899,2
N27,N37,N38,0.0016326530612244899,2
N27,N37,N39,0.0016326530612244899,2
N27,N38,N39,0.0016326530612244899,2
N27,N38,N41,0.0016326530612244899,2
N27,N38,N42,0.0016326530612244899,2
N27,N38,N43,0.0016326530612244899,2
N27,N38,N44,0.0016326530612244899,2
N27,N39,N40,0.0016326530612244899,2
N27,N40,N41,0.0016326530612244899,2
N27,N40,N42,0.0016326530612244899,2
N27,N40,N44,0.0016326530612244899,2
N27,N40,N45,0.0016326530612244899,2
N27,N41,N43,0.0016326530612244899,2
N27,N41,N45,0.0016326530612244899,2
N27,N43,N44,0.0016326530612244899,2
N27,N44,N45,0.0016326530612244899,2
N28,N29,N30,0.0016326530612244899,2
N28,N29,N34,0.0016326530612244899,2
N28,N29,N39,0.0016326530612244899,2
N28,N29,N43,0.0016326530612244899,2
N28,N29,N44,0.0016326530612244899,2
N28,N30,N33,0.0016326530612244899,2
N28,N30,N34,0.0016326530612244899,2
N28,N30,N35,0.0016326530612244899,2
N28,N30,N38,0.0016326530612244899,2
N28,N30,N41,0.0016326530612244899,2
N28,N30,N42,0.0016326530612244899,2
N28,N30,N43,0.0016326530612244899,2
N28,N31,N32,0.0016326530612244899,2
N28,N31,N33,0.0016326530612244899,2
N28,N31,N34,0.0016326530612244899,2
N28,N31,N36,0.0016326530612244899,2
N28,N31,N41,0.0016326530612244899,2
N28,N31,N43,0.0016326530612244899,2
N28,N31,N45,0.0016326530612244899,2
N28,N32,N34,0.0016326530612244899,2
N28,N32,N40,0.0016326530612244899,2
N28,N32,N45,0.0016326530612244899,2
N28,N33,N36,0.0016326530612244899,2
N28,N33,N40,0.0016326530612244899,2
N28,N33,N45,0.0016326530612244899,2
N28,N34,N40,0.0016326530612244899,2
N28,N35,N39,0.0016326530612244899,2
N28,N35,N40,0.0016326530612244899,2
N28,N35,N41,0.0016326530612244899,2
N28,N35,N43,0.0016326530612244899,2
N28,N36,N45,0.0016326530612244899,2
N28,N37,N42,0.0016326530612244899,2
N28,N37,N45,0.0016326530612244899,2
N28,N38,N39,0.0016326530612244899,2
N28,N38,N45,0.0016326530612244899,2
N28,N39,N40,0.0016326530612244899,2
N28,N39,N42,0.0016326530612244899,2
N28,N39,N43,0.0016326530612244899,2
N28,N39,N45,0.0016326530612244899,2
N28,N40,N43,0.0016326530612244899,2
N28,N41,N42,0.0016326530612244899,2
N28,N42,N43,0.0016326530612244899,2
N28,N43,N45,0.0016326530612244899,2
N29,N30,N34,0.0016326530612244899,2
N29,N30,N35,0.0016326530612244899,2
N29,N30,N43,0.0016326530612244899,2
N29,N31,N33,0.0016326530612244899,2
N29,N31,N36,0.0016326530612244899,2
N29,N31,N38,0.0016326530612244899,2
N29,N31,N40,0.0016326530612244899,2
N29,N31,N42,0.0016326530612244899,2
N29,N32,N44,0.0016326530612244899,2
N29,N33,N34,0.0016326530612244899,2
N29,N33,N38,0.0016326530612244899,2
N29,N33,N41,0.0016326530612244899,2
N29,N33,N45,0.0016326530612244899,2
N29,N34,N36,0.0016326530612244899,2
N29,N34,N38,0.0016326530612244899,2
N29,N34,N44,0.0016326530612244899,2
N29,N35,N37,0.0016326530612244899,2
N29,N35,N43,0.0016326530612244899,2
N29,N36,N41,0.0016326530612244899,2
N29,N36,N45,0.0016326530612244899,2
N29,N37,N38,0.0016326530612244899,2
N29,N37,N43,0.0016326530612244899,2
N29,N38,N39,0.0016326530612244899,2
N29,N38,N42,0.0016326530612244899,2
N29,N39,N41,0.0016326530612244899,2
N29,N39,N42,0.0016326530612244899,2
N29,N39,N45,0.0016326530612244899,2
N29,N40,N41,0.0016326530612244899,2
N29,N41,N42,0.0016326530612244899,2
N29,N42,N43,0.0016326530612244899,2
N29,N42,N45,0.0016326530612244899,2
N29,N43,N44,0.0016326530612244899,2
N29,N43,N45,0.0016326530612244899,2
N30,N31,N32,0.0016326530612244899,2
N30,N31,N33,0.0016326530612244899,2
N30,N31,N34,0.0016326530612244899,2
N30,N31,N39,0.0016326530612244899,2
N30,N31,N43,0.0016326530612244899,2
N30,N31,N45,0.0016326530612244899,2
N30,N32,N35,0.0016326530612244899,2
N30,N32,N37,0.0016326530612244899,2
N30,N32,N38,0.0016326530612244899,2
N30,N32,N40,0.0016326530612244899,2
N30,N33,N38,0.0016326530612244899,2
N30,N33,N42,0.0016326530612244899,2
N30,N33,N43,0.0016326530612244899,2
N30,N33,N44,0.0016326530612244899,2
N30,N34,N36,0.0016326530612244899,2
N30,N34,N37,0.0016326530612244899,2
N30,N34,N38,0.0016326530612244899,2
N30,N34,N40,0.0016326530612244899,2
N30,N34,N42,0.0016326530612244899,2
N30,N35,N36,0.0016326530612244899,2
N30,N35,N37,0.0016326530612244899,2
N30,N35,N39,0.0016326530612244899,2
N30,N36,N37,0.0016326530612244899,2
N30,N36,N41,0.0016326530612244899,2
N30,N36,N42,0.0016326530612244899,2
N30,N36,N44,0.0016326530612244899,2
N30,N36,N45,0.0016326530612244899,2
N30,N37,N40,0.0016326530612244899,2
N30,N37,N41,0.0016326530612244899,2
N30,N37,N45,0.0016326530612244899,2
N30,N38,N40,0.0016326530612244899,2
N30,N39,N40,0.0016326530612244899,2
N30,N40,N41,0.0016326530612244899,2
N30,N40,N42,0.0016326530612244899,2
N30,N40,N43,0.0016326530612244899,2
N30,N41,N43,0.0016326530612244899,2
N30,N41,N44,0.0016326530612244899,2
N30,N42,N43,0.0016326530612244899,2
N31,N32,N34,0.0016326530612244899,2
N31,N32,N36,0.0016326530612244899,2
N31,N32,N43,0.0016326530612244899,2
N31,N33,N34,0.0016326530612244899,2
N31,N33,N36,0.0016326530612244899,2
N31,N33,N42,0.0016326530612244899,2
N31,N33,N45,0.0016326530612244899,2
N31,N34,N35,0.0016326530612244899,2
N31,N34,N36,0.0016326530612244899,2
N31,N34,N37,0.0016326530612244899,2
N31,N34,N38,0.0016326530612244899,2
N31,N34,N39,0.0016326530612244899,2
N31,N35,N37,0.0016326530612244899,2
N31,N35,N39,0.0016326530612244899,2
N31,N35,N44,0.0016326530612244899,2
N31,N36,N37,0.0016326530612244899,2
N31,N37,N38,0.0016326530612244899,2
N31,N37,N42,0.0016326530612244899,2
N31,N37,N44,0.0016326530612244899,2
N31,N38,N39,0.0016326530612244899,2
N31,N39,N40,0.0016326530612244899,2
N31,N40,N41,0.0016326530612244899,2
N31,N40,N42,0.0016326530612244899,2
N31,N40,N43,0.0016326530612244899,2
N31,N40,N45,0.0016326530612244899,2
N31,N41,N45,0.0016326530612244899,2
N32,N33,N38,0.0016326530612244899,2
N32,N33,N42,0.0016326530612244899,2
N32,N33,N44,0.0016326530612244899,2
N32,N33,N45,0.0016326530612244899,2
N32,N34,N40,0.0016326530612244899,2
N32,N34,N44,0.0016326530612244899,2
N32,N34,N45,0.0016326530612244899,2
N32,N35,N37,0.0016326530612244899,2
N32,N35,N40,0.0016326530612244899,2
N32,N35,N45,0.0016326530612244899,2
N32,N36,N42,0.0016326530612244899,2
N32,N37,N40,0.0016326530612244899,2
N32,N37,N41,0.0016326530612244899,2
N32,N37,N43,0.0016326530612244899,2
N32,N37,N45,0.0016326530612244899,2
N32,N38,N43,0.0016326530612244899,2
N32,N38,N44,0.0016326530612244899,2
N32,N39,N41,0.0016326530612244899,2
N32,N39,N42,0.0016326530612244899,2
N32,N40,N43,0.0016326530612244899,2
N32,N41,N43,0.0016326530612244899,2
N32,N41,N45,0.0016326530612244899,2
N32,N44,N45,0.0016326530612244899,2
N33,N34,N36,0.0016326530612244899,2
N33,N34,N38,0.0016326530612244899,2
N33,N34,N42,0.0016326530612244899,2
N33,N34,N43,0.0016326530612244899,2
N33,N34,N44,0.0016326530612244899,2
N33,N35,N38,0.0016326530612244899,2
N33,N35,N39,0.0016326530612244899,2
N33,N35,N44,0.0016326530612244899,2
N33,N36,N39,0.0016326530612244899,2
N33,N36,N42,0.0016326530612244899,2
N33,N36,N43,0.0016326530612244899,2
N33,N36,N44,0.0016326530612244899,2
N33,N36,N45,0.0016326530612244899,2
N33,N37,N41,0.0016326530612244899,2
N33,N37,N44,0.0016326530612244899,2
N33,N37,N45,0.0016326530612244899,2
N33,N39,N41,0.0016326530612244899,2
N33,N39,N44,0.0016326530612244899,2
N33,N41,N42,0.0016326530612244899,2
N34,N35,N41,0.0016326530612244899,2
N34,N35,N42,0.0016326530612244899,2
N34,N35,N44,0.0016326530612244899,2
N34,N36,N37,0.0016326530612244899,2
N34,N36,N41,0.0016326530612244899,2
N34,N37,N38,0.0016326530612244899,2
N34,N37,N40,0.0016326530612244899,2
N34,N38,N39,0.0016326530612244899,2
N34,N38,N41,0.0016326530612244899,2
N34,N38,N43,0.0016326530612244899,2
N34,N38,N45,0.0016326530612244899,2
N34,N39,N42,0.0016326530612244899,2
N34,N39,N43,0.0016326530612244899,2
N34,N39,N44,0.0016326530612244899,2
N34,N40,N43,0.0016326530612244899,2
N34,N42,N43,0.0016326530612244899,2
N34,N43,N44,0.0016326530612244899,2
N34,N43,N45,0.0016326530612244899,2
N34,N44,N45,0.0016326530612244899,2
N35,N36,N39,0.0016326530612244899,2
N35,N36,N40,0.0016326530612244899,2
N35,N37,N39,0.0016326530612244899,2
N35,N37,N42,0.0016326530612244899,2
N35,N38,N39,0.0016326530612244899,2
N35,N39,N41,0.0016326530612244899,2
N35,N39,N44,0.0016326530612244899,2
N35,N39,N45,0.0016326530612244899,2
N35,N40,N44,0.0016326530612244899,2
N35,N40,N45,0.0016326530612244899,2
N35,N41,N42,0.0016326530612244899,2
N35,N41,N43,0.0016326530612244899,2
N35,N41,N44,0.0016326530612244899,2
N35,N42,N44,0.0016326530612244899,2
N35,N44,N45,0.0016326530612244899,2
N36,N37,N43,0.0016326530612244899,2
N36,N38,N39,0.0016326530612244899,2
N36,N38,N40,0.0016326530612244899,2
N36,N39,N40,0.0016326530612244899,2
N36,N39,N44,0.0016326530612244899,2
N36,N40,N42,0.0016326530612244899,2
N36,N40,N43,0.0016326530612244899,2
N36,N41,N42,0.0016326530612244899,2
N36,N41,N43,0.0016326530612244899,2
N36,N42,N43,0.0016326530612244899,2
N36,N42,N44,0.0016326530612244899,2
N36,N43,N45,0.0016326530612244899,2
N37,N38,N39,0.0016326530612244899,2
N37,N38,N42,0.0016326530612244899,2
N37,N38,N44,0.0016326530612244899,2
N37,N38,N45,0.0016326530612244899,2
N37,N39,N43,0.0016326530612244899,2
N37,N40,N44,0.0016326530612244899,2
N37,N40,N45,0.0016326530612244899,2
N37,N41,N42,0.0016326530612244899,2
N38,N39,N40,0.0016326530612244899,2
N38,N40,N42,0.0016326530612244899,2
N38,N40,N45,0.0016326530612244899,2
N38,N42,N43,0.0016326530612244899,2
N38,N42,N45,0.0016326530612244899,2
N39,N40,N43,0.0016326530612244899,2
N39,N40,N44,0.0016326530612244899,2
N39,N42,N45,0.0016326530612244899,2
N39,N43,N45,0.0016326530612244899,2
N40,N41,N44,0.0016326530612244899,2
N42,N43,N45,0.0016326530612244899,2
N43,N44,N45,0.0016326530612244899,2
