w1,w2,w3,count,support
N01,N03,N27,8,0.006530612244897959
N03,N08,N27,8,0.006530612244897959
N03,N20,N44,8,0.006530612244897959
N33,N37,N40,8,0.006530612244897959
N02,N25,N28,7,0.005714285714285714
N03,N12,N13,7,0.005714285714285714
N03,N20,N24,7,0.005714285714285714
N03,N32,N45,7,0.005714285714285714
N06,N11,N17,7,0.005714285714285714
N06,N18,N38,7,0.005714285714285714
N06,N37,N38,7,0.005714285714285714
N08,N18,N45,7,0.005714285714285714
N08,N19,N21,7,0.005714285714285714
N12,N15,N24,7,0.005714285714285714
N12,N15,N34,7,0.005714285714285714
N12,N33,N40,7,0.005714285714285714
N12,N34,N42,7,0.005714285714285714
N14,N30,N38,7,0.005714285714285714
N15,N19,N21,7,0.005714285714285714
N15,N28,N34,7,0.005714285714285714
N17,N26,N36,7,0.005714285714285714
N18,N31,N34,7,0.005714285714285714
N19,N21,N45,7,0.005714285714285714
N21,N26,N36,7,0.005714285714285714
N23,N35,N43,7,0.005714285714285714
N24,N27,N35,7,0.005714285714285714
N30,N39,N41,7,0.005714285714285714
N01,N02,N38,6,0.004897959183673469
N01,N09,N12,6,0.004897959183673469
N01,N09,N28,6,0.004897959183673469
N01,N12,N23,6,0.004897959183673469
N01,N28,N41,6,0.004897959183673469
N02,N03,N27,6,0.004897959183673469
N02,N26,N43,6,0.004897959183673469
N03,N08,N42,6,0.004897959183673469
N03,N13,N24,6,0.004897959183673469
N03,N13,N33,6,0.004897959183673469
N03,N15,N22,6,0.004897959183673469
N03,N23,N24,6,0.004897959183673469
N03,N24,N33,6,0.004897959183673469
N03,N33,N36,6,0.004897959183673469
N03,N33,N37,6,0.004897959183673469
N04,N09,N33,6,0.004897959183673469
N04,N12,N24,6,0.004897959183673469
N04,N26,N33,6,0.004897959183673469
N04,N28,N40,6,0.004897959183673469
N04,N33,N40,6,0.004897959183673469
N05,N06,N11,6,0.004897959183673469
N05,N07,N20,6,0.004897959183673469
N05,N12,N26,6,0.004897959183673469
N06,N07,N15,6,0.004897959183673469
N06,N07,N38,6,0.004897959183673469
N06,N13,N28,6,0.004897959183673469
N06,N14,N21,6,0.004897959183673469
N06,N18,N31,6,0.004897959183673469
N06,N19,N21,6,0.004897959183673469
N06,N31,N38,6,0.004897959183673469
N07,N15,N43,6,0.004897959183673469
N07,N18,N23,6,0.004897959183673469
N07,N19,N26,6,0.004897959183673469
N07,N20,N25,6,0.004897959183673469
N07,N22,N40,6,0.004897959183673469
N07,N42,N45,6,0.004897959183673469
N08,N17,N27,6,0.004897959183673469
N08,N19,N25,6,0.004897959183673469
N08,N21,N31,6,0.004897959183673469
N10,N11,N39,6,0.004897959183673469
N10,N16,N41,6,0.004897959183673469
N11,N14,N21,6,0.004897959183673469
N11,N16,N21,6,0.004897959183673469
N11,N17,N21,6,0.004897959183673469
N11,N19,N21,6,0.004897959183673469
N11,N26,N44,6,0.004897959183673469
N11,N29,N44,6,0.004897959183673469
N12,N13,N32,6,0.004897959183673469
N12,N13,N33,6,0.004897959183673469
N12,N24,N27,6,0.004897959183673469
N12,N33,N42,6,0.004897959183673469
N13,N18,N45,6,0.004897959183673469
N13,N29,N39,6,0.004897959183673469
N13,N33,N37,6,0.004897959183673469
N13,N33,N43,6,0.004897959183673469
N13,N33,N45,6,0.004897959183673469
N14,N27,N30,6,0.004897959183673469
N14,N31,N37,6,0.004897959183673469
N14,N31,N40,6,0.004897959183673469
N14,N35,N39,6,0.004897959183673469
N15,N21,N34,6,0.004897959183673469
N16,N24,N44,6,0.004897959183673469
N16,N25,N31,6,0.004897959183673469
N16,N25,N36,6,0.004897959183673469
N16,N27,N35,6,0.004897959183673469
N16,N31,N36,6,0.004897959183673469
N16,N37,N38,6,0.004897959183673469
N17,N20,N35,6,0.004897959183673469
N17,N30,N31,6,0.004897959183673469
N17,N34,N45,6,0.004897959183673469
N18,N30,N34,6,0.004897959183673469
N18,N30,N41,6,0.004897959183673469
N18,N31,N38,6,0.004897959183673469
N19,N21,N34,6,0.004897959183673469
N19,N23,N45,6,0.004897959183673469
N19,N25,N28,6,0.004897959183673469
N20,N26,N35,6,0.004897959183673469
N21,N30,N35,6,0.004897959183673469
N21,N34,N44,6,0.004897959183673469
N23,N29,N44,6,0.004897959183673469
N23,N30,N34,6,0.004897959183673469
N26,N27,N42,6,0.004897959183673469
N27,N29,N40,6,0.004897959183673469
N27,N38,N40,6,0.004897959183673469
N28,N42,N45,6,0.004897959183673469
N30,N39,N43,6,0.004897959183673469
N32,N33,N40,6,0.004897959183673469
N32,N40,N41,6,0.004897959183673469
N34,N42,N45,6,0.004897959183673469
N35,N43,N45,6,0.004897959183673469
N01,N02,N16,5,0.004081632653061225
N01,N02,N19,5,0.004081632653061225
N01,N03,N24,5,0.004081632653061225
N01,N03,N42,5,0.004081632653061225
N01,N03,N45,5,0.004081632653061225
N01,N04,N29,5,0.004081632653061225
N01,N04,N45,5,0.004081632653061225
N01,N05,N34,5,0.004081632653061225
N01,N06,N28,5,0.004081632653061225
N01,N07,N42,5,0.004081632653061225
N01,N09,N17,5,0.004081632653061225
N01,N10,N13,5,0.004081632653061225
N01,N10,N35,5,0.004081632653061225
N01,N15,N42,5,0.004081632653061225
N01,N19,N42,5,0.004081632653061225
N01,N21,N29,5,0.004081632653061225
N01,N26,N28,5,0.004081632653061225
N01,N27,N35,5,0.004081632653061225
N01,N28,N34,5,0.004081632653061225
N01,N28,N45,5,0.004081632653061225
N01,N29,N37,5,0.004081632653061225
N02,N03,N20,5,0.004081632653061225
N02,N04,N20,5,0.004081632653061225
N02,N05,N32,5,0.004081632653061225
N02,N08,N33,5,0.004081632653061225
N02,N11,N39,5,0.004081632653061225
N02,N13,N28,5,0.004081632653061225
N02,N14,N22,5,0.004081632653061225
N02,N15,N22,5,0.004081632653061225
N02,N15,N23,5,0.004081632653061225
N02,N15,N34,5,0.004081632653061225
N02,N17,N24,5,0.004081632653061225
N02,N19,N42,5,0.004081632653061225
N02,N20,N33,5,0.004081632653061225
N02,N20,N34,5,0.004081632653061225
N02,N25,N36,5,0.004081632653061225
N02,N25,N45,5,0.004081632653061225
N02,N34,N45,5,0.004081632653061225
N03,N04,N20,5,0.004081632653061225
N03,N05,N20,5,0.004081632653061225
N03,N10,N31,5,0.004081632653061225
N03,N10,N36,5,0.004081632653061225
N03,N12,N43,5,0.004081632653061225
N03,N13,N37,5,0.004081632653061225
N03,N16,N44,5,0.004081632653061225
N03,N18,N32,5,0.004081632653061225
N03,N20,N27,5,0.004081632653061225
N03,N20,N35,5,0.004081632653061225
N03,N24,N27,5,0.004081632653061225
N03,N30,N33,5,0.004081632653061225
N03,N30,N34,5,0.004081632653061225
N03,N33,N45,5,0.004081632653061225
N04,N08,N19,5,0.004081632653061225
N04,N08,N27,5,0.004081632653061225
N04,N10,N19,5,0.004081632653061225
N04,N10,N32,5,0.004081632653061225
N04,N11,N20,5,0.004081632653061225
N04,N12,N33,5,0.004081632653061225
N04,N16,N20,5,0.004081632653061225
N04,N16,N40,5,0.004081632653061225
N04,N19,N20,5,0.004081632653061225
N04,N20,N32,5,0.004081632653061225
N04,N23,N29,5,0.004081632653061225
N04,N25,N37,5,0.004081632653061225
N04,N37,N45,5,0.004081632653061225
N04,N42,N45,5,0.004081632653061225
N05,N11,N27,5,0.004081632653061225
N05,N11,N29,5,0.004081632653061225
N05,N11,N33,5,0.004081632653061225
N05,N13,N20,5,0.004081632653061225
N05,N14,N20,5,0.004081632653061225
N05,N14,N32,5,0.004081632653061225
N05,N18,N20,5,0.004081632653061225
N05,N18,N23,5,0.004081632653061225
N05,N18,N42,5,0.004081632653061225
N05,N18,N45,5,0.004081632653061225
N05,N27,N35,5,0.004081632653061225
N05,N29,N34,5,0.004081632653061225
N05,N30,N43,5,0.004081632653061225
N05,N31,N32,5,0.004081632653061225
N05,N34,N44,5,0.004081632653061225
N05,N37,N40,5,0.004081632653061225
N05,N39,N43,5,0.004081632653061225
N06,N07,N19,5,0.004081632653061225
N06,N07,N28,5,0.004081632653061225
N06,N10,N34,5,0.004081632653061225
N06,N10,N38,5,0.004081632653061225
N06,N12,N17,5,0.004081632653061225
N06,N12,N34,5,0.004081632653061225
N06,N13,N16,5,0.004081632653061225
N06,N13,N40,5,0.004081632653061225
N06,N14,N41,5,0.004081632653061225
N06,N17,N18,5,0.004081632653061225
N06,N17,N28,5,0.004081632653061225
N06,N18,N35,5,0.004081632653061225
N06,N19,N34,5,0.004081632653061225
N06,N19,N41,5,0.004081632653061225
N06,N22,N32,5,0.004081632653061225
N06,N22,N35,5,0.004081632653061225
N06,N28,N30,5,0.004081632653061225
N06,N28,N38,5,0.004081632653061225
N06,N30,N38,5,0.004081632653061225
N06,N31,N32,5,0.004081632653061225
N06,N36,N38,5,0.004081632653061225
N06,N38,N39,5,0.004081632653061225
N07,N09,N24,5,0.004081632653061225
N07,N09,N27,5,0.004081632653061225
N07,N09,N35,5,0.004081632653061225
N07,N10,N38,5,0.004081632653061225
N07,N11,N33,5,0.004081632653061225
N07,N12,N15,5,0.004081632653061225
N07,N12,N23,5,0.004081632653061225
N07,N13,N18,5,0.004081632653061225
N07,N19,N23,5,0.004081632653061225
N07,N19,N45,5,0.004081632653061225
N07,N20,N22,5,0.004081632653061225
N07,N22,N34,5,0.004081632653061225
N07,N24,N27,5,0.004081632653061225
N07,N24,N34,5,0.004081632653061225
N07,N24,N36,5,0.004081632653061225
N07,N29,N38,5,0.004081632653061225
N07,N29,N44,5,0.004081632653061225
N07,N33,N40,5,0.004081632653061225
N07,N37,N42,5,0.004081632653061225
N08,N13,N28,5,0.004081632653061225
N08,N13,N36,5,0.004081632653061225
N08,N14,N39,5,0.004081632653061225
N08,N17,N39,5,0.004081632653061225
N08,N18,N39,5,0.004081632653061225
N08,N19,N39,5,0.004081632653061225
N08,N20,N33,5,0.004081632653061225
N08,N21,N39,5,0.004081632653061225
N08,N27,N40,5,0.004081632653061225
N08,N30,N43,5,0.004081632653061225
N08,N31,N36,5,0.004081632653061225
N08,N31,N44,5,0.004081632653061225
N08,N34,N39,5,0.004081632653061225
N08,N36,N39,5,0.004081632653061225
N08,N38,N39,5,0.004081632653061225
N09,N12,N39,5,0.004081632653061225
N09,N16,N28,5,0.004081632653061225
N09,N30,N33,5,0.004081632653061225
N09,N33,N36,5,0.004081632653061225
N09,N39,N43,5,0.004081632653061225
N10,N14,N15,5,0.004081632653061225
N10,N14,N18,5,0.004081632653061225
N10,N14,N36,5,0.004081632653061225
N10,N16,N38,5,0.004081632653061225
N10,N19,N40,5,0.004081632653061225
N10,N20,N41,5,0.004081632653061225
N10,N20,N44,5,0.004081632653061225
N10,N22,N31,5,0.004081632653061225
N10,N29,N31,5,0.004081632653061225
N10,N30,N37,5,0.004081632653061225
N10,N35,N43,5,0.004081632653061225
N10,N40,N43,5,0.004081632653061225
N11,N16,N19,5,0.004081632653061225
N11,N16,N44,5,0.004081632653061225
N11,N18,N21,5,0.004081632653061225
N11,N21,N30,5,0.004081632653061225
N11,N21,N36,5,0.004081632653061225
N11,N21,N45,5,0.004081632653061225
N11,N24,N39,5,0.004081632653061225
N11,N26,N27,5,0.004081632653061225
N11,N26,N28,5,0.004081632653061225
N11,N29,N33,5,0.004081632653061225
N11,N39,N44,5,0.004081632653061225
N12,N14,N39,5,0.004081632653061225
N12,N15,N40,5,0.004081632653061225
N12,N18,N31,5,0.004081632653061225
N12,N20,N26,5,0.004081632653061225
N12,N22,N33,5,0.004081632653061225
N12,N23,N34,5,0.004081632653061225
N12,N29,N33,5,0.004081632653061225
N12,N30,N34,5,0.004081632653061225
N12,N30,N39,5,0.004081632653061225
N12,N30,N43,5,0.004081632653061225
N12,N31,N38,5,0.004081632653061225
N12,N34,N36,5,0.004081632653061225
N12,N37,N40,5,0.004081632653061225
N12,N39,N43,5,0.004081632653061225
N13,N14,N26,5,0.004081632653061225
N13,N18,N31,5,0.004081632653061225
N13,N23,N35,5,0.004081632653061225
N13,N25,N33,5,0.004081632653061225
N13,N26,N34,5,0.004081632653061225
N13,N28,N36,5,0.004081632653061225
N13,N32,N42,5,0.004081632653061225
N13,N37,N38,5,0.004081632653061225
N14,N15,N19,5,0.004081632653061225
N14,N17,N45,5,0.004081632653061225
N14,N18,N21,5,0.004081632653061225
N14,N18,N26,5,0.004081632653061225
N14,N18,N44,5,0.004081632653061225
N14,N19,N43,5,0.004081632653061225
N14,N22,N44,5,0.004081632653061225
N14,N23,N31,5,0.004081632653061225
N14,N26,N36,5,0.004081632653061225
N14,N30,N31,5,0.004081632653061225
N14,N32,N42,5,0.004081632653061225
N14,N33,N40,5,0.004081632653061225
N15,N17,N19,5,0.004081632653061225
N15,N17,N25,5,0.004081632653061225
N15,N19,N34,5,0.004081632653061225
N15,N19,N43,5,0.004081632653061225
N15,N19,N44,5,0.004081632653061225
N15,N21,N41,5,0.004081632653061225
N15,N24,N30,5,0.004081632653061225
N15,N24,N41,5,0.004081632653061225
N15,N25,N43,5,0.004081632653061225
N15,N26,N42,5,0.004081632653061225
N15,N34,N42,5,0.004081632653061225
N16,N17,N36,5,0.004081632653061225
N16,N19,N33,5,0.004081632653061225
N16,N20,N33,5,0.004081632653061225
N16,N23,N24,5,0.004081632653061225
N16,N23,N25,5,0.004081632653061225
N16,N25,N35,5,0.004081632653061225
N16,N33,N40,5,0.004081632653061225
N17,N18,N21,5,0.004081632653061225
N17,N18,N23,5,0.004081632653061225
N17,N20,N31,5,0.004081632653061225
N17,N21,N27,5,0.004081632653061225
N17,N25,N39,5,0.004081632653061225
N17,N26,N27,5,0.004081632653061225
N17,N27,N36,5,0.004081632653061225
N17,N27,N43,5,0.004081632653061225
N17,N35,N39,5,0.004081632653061225
N17,N36,N39,5,0.004081632653061225
N18,N20,N23,5,0.004081632653061225
N18,N21,N26,5,0.004081632653061225
N18,N21,N34,5,0.004081632653061225
N18,N24,N42,5,0.004081632653061225
N18,N31,N32,5,0.004081632653061225
N18,N31,N45,5,0.004081632653061225
N18,N32,N43,5,0.004081632653061225
N18,N39,N45,5,0.004081632653061225
N18,N42,N43,5,0.004081632653061225
N19,N21,N32,5,0.004081632653061225
N19,N26,N27,5,0.004081632653061225
N19,N27,N30,5,0.004081632653061225
N19,N27,N45,5,0.004081632653061225
N19,N34,N41,5,0.004081632653061225
N19,N40,N43,5,0.004081632653061225
N20,N24,N30,5,0.004081632653061225
N20,N35,N40,5,0.004081632653061225
N20,N35,N44,5,0.004081632653061225
N21,N25,N36,5,0.004081632653061225
N21,N34,N41,5,0.004081632653061225
N21,N39,N43,5,0.004081632653061225
N22,N26,N37,5,0.004081632653061225
N22,N34,N36,5,0.004081632653061225
N23,N28,N42,5,0.004081632653061225
N23,N29,N33,5,0.004081632653061225
N24,N33,N38,5,0.004081632653061225
N24,N33,N40,5,0.004081632653061225
N25,N27,N36,5,0.004081632653061225
N25,N29,N36,5,0.004081632653061225
N25,N33,N36,5,0.004081632653061225
N26,N29,N33,5,0.004081632653061225
N26,N31,N36,5,0.004081632653061225
N26,N31,N43,5,0.004081632653061225
N26,N40,N43,5,0.004081632653061225
N27,N29,N36,5,0.004081632653061225
N27,N29,N38,5,0.004081632653061225
N27,N35,N37,5,0.004081632653061225
N28,N30,N45,5,0.004081632653061225
N28,N34,N42,5,0.004081632653061225
N28,N38,N43,5,0.004081632653061225
N29,N38,N44,5,0.004081632653061225
N30,N31,N37,5,0.004081632653061225
N30,N31,N41,5,0.004081632653061225
N30,N33,N34,5,0.004081632653061225
N30,N33,N35,5,0.004081632653061225
N30,N34,N35,5,0.004081632653061225
N31,N33,N40,5,0.004081632653061225
N31,N34,N44,5,0.004081632653061225
N31,N37,N40,5,0.004081632653061225
N31,N42,N43,5,0.004081632653061225
N32,N34,N42,5,0.004081632653061225
N34,N42,N44,5,0.004081632653061225
N35,N36,N44,5,0.004081632653061225
N35,N37,N45,5,0.004081632653061225
N37,N41,N45,5,0.004081632653061225
N37,N43,N45,5,0.004081632653061225
N39,N41,N45,5,0.004081632653061225
N01,N02,N06,4,0.0032653061224489797
N01,N02,N09,4,0.0032653061224489797
N01,N02,N15,4,0.0032653061224489797
N01,N02,N25,4,0.0032653061224489797
N01,N03,N08,4,0.0032653061224489797
N01,N03,N12,4,0.0032653061224489797
N01,N03,N14,4,0.0032653061224489797
N01,N03,N18,4,0.0032653061224489797
N01,N03,N20,4,0.0032653061224489797
N01,N03,N32,4,0.0032653061224489797
N01,N04,N16,4,0.0032653061224489797
N01,N04,N23,4,0.0032653061224489797
N01,N04,N31,4,0.0032653061224489797
N01,N04,N38,4,0.0032653061224489797
N01,N04,N39,4,0.0032653061224489797
N01,N04,N41,4,0.0032653061224489797
N01,N05,N18,4,0.0032653061224489797
N01,N05,N20,4,0.0032653061224489797
N01,N06,N42,4,0.0032653061224489797
N01,N07,N37,4,0.0032653061224489797
N01,N07,N38,4,0.0032653061224489797
N01,N08,N13,4,0.0032653061224489797
N01,N08,N18,4,0.0032653061224489797
N01,N08,N24,4,0.0032653061224489797
N01,N08,N29,4,0.0032653061224489797
N01,N08,N39,4,0.0032653061224489797
N01,N08,N42,4,0.0032653061224489797
N01,N09,N21,4,0.0032653061224489797
N01,N09,N38,4,0.0032653061224489797
N01,N10,N16,4,0.0032653061224489797
N01,N10,N20,4,0.0032653061224489797
N01,N10,N28,4,0.0032653061224489797
N01,N10,N40,4,0.0032653061224489797
N01,N11,N17,4,0.0032653061224489797
N01,N12,N16,4,0.0032653061224489797
N01,N12,N26,4,0.0032653061224489797
N01,N12,N41,4,0.0032653061224489797
N01,N12,N42,4,0.0032653061224489797
N01,N12,N43,4,0.0032653061224489797
N01,N13,N28,4,0.0032653061224489797
N01,N13,N34,4,0.0032653061224489797
N01,N13,N39,4,0.0032653061224489797
N01,N13,N45,4,0.0032653061224489797
N01,N14,N18,4,0.0032653061224489797
N01,N15,N25,4,0.0032653061224489797
N01,N16,N38,4,0.0032653061224489797
N01,N17,N27,4,0.0032653061224489797
N01,N17,N28,4,0.0032653061224489797
N01,N17,N29,4,0.0032653061224489797
N01,N17,N39,4,0.0032653061224489797
N01,N18,N29,4,0.0032653061224489797
N01,N20,N35,4,0.0032653061224489797
N01,N21,N35,4,0.0032653061224489797
N01,N23,N42,4,0.0032653061224489797
N01,N24,N27,4,0.0032653061224489797
N01,N24,N44,4,0.0032653061224489797
N01,N26,N27,4,0.0032653061224489797
N01,N26,N35,4,0.0032653061224489797
N01,N26,N40,4,0.0032653061224489797
N01,N26,N41,4,0.0032653061224489797
N01,N27,N28,4,0.0032653061224489797
N01,N28,N40,4,0.0032653061224489797
N01,N28,N43,4,0.0032653061224489797
N01,N29,N33,4,0.0032653061224489797
N01,N29,N45,4,0.0032653061224489797
N01,N30,N35,4,0.0032653061224489797
N01,N31,N34,4,0.0032653061224489797
N01,N34,N39,4,0.0032653061224489797
N01,N34,N43,4,0.0032653061224489797
N01,N37,N40,4,0.0032653061224489797
N01,N39,N45,4,0.0032653061224489797
N01,N40,N41,4,0.0032653061224489797
N02,N04,N15,4,0.0032653061224489797
N02,N04,N17,4,0.0032653061224489797
N02,N04,N34,4,0.0032653061224489797
N02,N04,N43,4,0.0032653061224489797
N02,N05,N11,4,0.0032653061224489797
N02,N05,N24,4,0.0032653061224489797
N02,N06,N12,4,0.0032653061224489797
N02,N06,N13,4,0.0032653061224489797
N02,N06,N16,4,0.0032653061224489797
N02,N08,N17,4,0.0032653061224489797
N02,N08,N25,4,0.0032653061224489797
N02,N08,N37,4,0.0032653061224489797
N02,N08,N41,4,0.0032653061224489797
N02,N10,N22,4,0.0032653061224489797
N02,N11,N17,4,0.0032653061224489797
N02,N11,N21,4,0.0032653061224489797
N02,N11,N28,4,0.0032653061224489797
N02,N11,N37,4,0.0032653061224489797
N02,N12,N24,4,0.0032653061224489797
N02,N12,N39,4,0.0032653061224489797
N02,N13,N16,4,0.0032653061224489797
N02,N15,N20,4,0.0032653061224489797
N02,N15,N28,4,0.0032653061224489797
N02,N15,N29,4,0.0032653061224489797
N02,N16,N19,4,0.0032653061224489797
N02,N16,N39,4,0.0032653061224489797
N02,N17,N19,4,0.0032653061224489797
N02,N17,N27,4,0.0032653061224489797
N02,N17,N39,4,0.0032653061224489797
N02,N20,N27,4,0.0032653061224489797
N02,N21,N34,4,0.0032653061224489797
N02,N25,N26,4,0.0032653061224489797
N02,N25,N37,4,0.0032653061224489797
N02,N26,N44,4,0.0032653061224489797
N02,N28,N45,4,0.0032653061224489797
N02,N30,N45,4,0.0032653061224489797
N02,N31,N34,4,0.0032653061224489797
N02,N33,N37,4,0.0032653061224489797
N02,N33,N40,4,0.0032653061224489797
N02,N34,N42,4,0.0032653061224489797
N02,N35,N37,4,0.0032653061224489797
N02,N37,N39,4,0.0032653061224489797
N02,N37,N41,4,0.0032653061224489797
N02,N39,N45,4,0.0032653061224489797
N02,N43,N44,4,0.0032653061224489797
N03,N04,N09,4,0.0032653061224489797
N03,N04,N12,4,0.0032653061224489797
N03,N04,N16,4,0.0032653061224489797
N03,N04,N22,4,0.0032653061224489797
N03,N04,N28,4,0.0032653061224489797
N03,N06,N22,4,0.0032653061224489797
N03,N06,N30,4,0.0032653061224489797
N03,N06,N35,4,0.0032653061224489797
N03,N06,N39,4,0.0032653061224489797
N03,N07,N14,4,0.0032653061224489797
N03,N07,N15,4,0.0032653061224489797
N03,N07,N36,4,0.0032653061224489797
N03,N07,N41,4,0.0032653061224489797
N03,N09,N33,4,0.0032653061224489797
N03,N10,N24,4,0.0032653061224489797
N03,N10,N38,4,0.0032653061224489797
N03,N11,N13,4,0.0032653061224489797
N03,N11,N14,4,0.0032653061224489797
N03,N11,N37,4,0.0032653061224489797
N03,N11,N39,4,0.0032653061224489797
N03,N11,N44,4,0.0032653061224489797
N03,N12,N20,4,0.0032653061224489797
N03,N12,N31,4,0.0032653061224489797
N03,N12,N32,4,0.0032653061224489797
N03,N12,N34,4,0.0032653061224489797
N03,N13,N15,4,0.0032653061224489797
N03,N13,N19,4,0.0032653061224489797
N03,N13,N32,4,0.0032653061224489797
N03,N14,N42,4,0.0032653061224489797
N03,N15,N27,4,0.0032653061224489797
N03,N15,N36,4,0.0032653061224489797
N03,N17,N20,4,0.0032653061224489797
N03,N17,N23,4,0.0032653061224489797
N03,N21,N37,4,0.0032653061224489797
N03,N22,N31,4,0.0032653061224489797
N03,N22,N41,4,0.0032653061224489797
N03,N23,N35,4,0.0032653061224489797
N03,N24,N32,4,0.0032653061224489797
N03,N24,N35,4,0.0032653061224489797
N03,N24,N45,4,0.0032653061224489797
N03,N26,N34,4,0.0032653061224489797
N03,N27,N29,4,0.0032653061224489797
N03,N27,N30,4,0.0032653061224489797
N03,N27,N40,4,0.0032653061224489797
N03,N31,N32,4,0.0032653061224489797
N03,N33,N34,4,0.0032653061224489797
N03,N38,N42,4,0.0032653061224489797
N03,N40,N41,4,0.0032653061224489797
N03,N42,N43,4,0.0032653061224489797
N04,N05,N06,4,0.0032653061224489797
N04,N05,N09,4,0.0032653061224489797
N04,N05,N14,4,0.0032653061224489797
N04,N06,N10,4,0.0032653061224489797
N04,N06,N25,4,0.0032653061224489797
N04,N07,N33,4,0.0032653061224489797
N04,N08,N18,4,0.0032653061224489797
N04,N08,N37,4,0.0032653061224489797
N04,N08,N39,4,0.0032653061224489797
N04,N09,N26,4,0.0032653061224489797
N04,N10,N14,4,0.0032653061224489797
N04,N10,N20,4,0.0032653061224489797
N04,N10,N31,4,0.0032653061224489797
N04,N10,N40,4,0.0032653061224489797
N04,N10,N44,4,0.0032653061224489797
N04,N11,N17,4,0.0032653061224489797
N04,N11,N37,4,0.0032653061224489797
N04,N12,N14,4,0.0032653061224489797
N04,N12,N22,4,0.0032653061224489797
N04,N12,N27,4,0.0032653061224489797
N04,N13,N39,4,0.0032653061224489797
N04,N14,N37,4,0.0032653061224489797
N04,N15,N22,4,0.0032653061224489797
N04,N15,N26,4,0.0032653061224489797
N04,N15,N33,4,0.0032653061224489797
N04,N16,N23,4,0.0032653061224489797
N04,N16,N29,4,0.0032653061224489797
N04,N17,N27,4,0.0032653061224489797
N04,N17,N32,4,0.0032653061224489797
N04,N17,N39,4,0.0032653061224489797
N04,N18,N26,4,0.0032653061224489797
N04,N18,N27,4,0.0032653061224489797
N04,N18,N37,4,0.0032653061224489797
N04,N18,N45,4,0.0032653061224489797
N04,N19,N26,4,0.0032653061224489797
N04,N20,N26,4,0.0032653061224489797
N04,N20,N35,4,0.0032653061224489797
N04,N20,N43,4,0.0032653061224489797
N04,N20,N44,4,0.0032653061224489797
N04,N22,N38,4,0.0032653061224489797
N04,N24,N27,4,0.0032653061224489797
N04,N24,N33,4,0.0032653061224489797
N04,N24,N45,4,0.0032653061224489797
N04,N25,N27,4,0.0032653061224489797
N04,N25,N33,4,0.0032653061224489797
N04,N25,N35,4,0.0032653061224489797
N04,N26,N27,4,0.0032653061224489797
N04,N26,N35,4,0.0032653061224489797
N04,N27,N32,4,0.0032653061224489797
N04,N27,N40,4,0.0032653061224489797
N04,N28,N45,4,0.0032653061224489797
N04,N31,N34,4,0.0032653061224489797
N04,N33,N36,4,0.0032653061224489797
N04,N33,N41,4,0.0032653061224489797
N04,N33,N45,4,0.0032653061224489797
N05,N06,N26,4,0.0032653061224489797
N05,N06,N27,4,0.0032653061224489797
N05,N06,N37,4,0.0032653061224489797
N05,N07,N28,4,0.0032653061224489797
N05,N08,N33,4,0.0032653061224489797
N05,N09,N11,4,0.0032653061224489797
N05,N09,N26,4,0.0032653061224489797
N05,N09,N37,4,0.0032653061224489797
N05,N10,N31,4,0.0032653061224489797
N05,N11,N14,4,0.0032653061224489797
N05,N11,N36,4,0.0032653061224489797
N05,N11,N38,4,0.0032653061224489797
N05,N12,N20,4,0.0032653061224489797
N05,N12,N39,4,0.0032653061224489797
N05,N13,N14,4,0.0032653061224489797
N05,N13,N17,4,0.0032653061224489797
N05,N13,N18,4,0.0032653061224489797
N05,N13,N37,4,0.0032653061224489797
N05,N13,N39,4,0.0032653061224489797
N05,N14,N30,4,0.0032653061224489797
N05,N14,N39,4,0.0032653061224489797
N05,N14,N42,4,0.0032653061224489797
N05,N14,N43,4,0.0032653061224489797
N05,N15,N23,4,0.0032653061224489797
N05,N15,N30,4,0.0032653061224489797
N05,N17,N39,4,0.0032653061224489797
N05,N18,N30,4,0.0032653061224489797
N05,N20,N21,4,0.0032653061224489797
N05,N20,N24,4,0.0032653061224489797
N05,N20,N25,4,0.0032653061224489797
N05,N20,N35,4,0.0032653061224489797
N05,N20,N42,4,0.0032653061224489797
N05,N21,N25,4,0.0032653061224489797
N05,N22,N34,4,0.0032653061224489797
N05,N22,N42,4,0.0032653061224489797
N05,N25,N26,4,0.0032653061224489797
N05,N26,N27,4,0.0032653061224489797
N05,N27,N34,4,0.0032653061224489797
N05,N27,N36,4,0.0032653061224489797
N05,N32,N34,4,0.0032653061224489797
N05,N34,N35,4,0.0032653061224489797
N05,N34,N36,4,0.0032653061224489797
N05,N34,N39,4,0.0032653061224489797
N05,N34,N42,4,0.0032653061224489797
N05,N41,N45,4,0.0032653061224489797
N05,N42,N45,4,0.0032653061224489797
N06,N07,N12,4,0.0032653061224489797
N06,N07,N22,4,0.0032653061224489797
N06,N07,N36,4,0.0032653061224489797
N06,N09,N11,4,0.0032653061224489797
N06,N10,N18,4,0.0032653061224489797
N06,N10,N37,4,0.0032653061224489797
N06,N11,N28,4,0.0032653061224489797
N06,N11,N32,4,0.0032653061224489797
N06,N11,N44,4,0.0032653061224489797
N06,N12,N19,4,0.0032653061224489797
N06,N12,N31,4,0.0032653061224489797
N06,N12,N37,4,0.0032653061224489797
N06,N12,N38,4,0.0032653061224489797
N06,N12,N42,4,0.0032653061224489797
N06,N13,N17,4,0.0032653061224489797
N06,N13,N27,4,0.0032653061224489797
N06,N13,N30,4,0.0032653061224489797
N06,N13,N37,4,0.0032653061224489797
N06,N14,N20,4,0.0032653061224489797
N06,N14,N22,4,0.0032653061224489797
N06,N15,N22,4,0.0032653061224489797
N06,N16,N24,4,0.0032653061224489797
N06,N16,N28,4,0.0032653061224489797
N06,N16,N37,4,0.0032653061224489797
N06,N16,N38,4,0.0032653061224489797
N06,N17,N21,4,0.0032653061224489797
N06,N17,N32,4,0.0032653061224489797
N06,N17,N40,4,0.0032653061224489797
N06,N18,N34,4,0.0032653061224489797
N06,N19,N28,4,0.0032653061224489797
N06,N20,N27,4,0.0032653061224489797
N06,N20,N28,4,0.0032653061224489797
N06,N21,N32,4,0.0032653061224489797
N06,N21,N35,4,0.0032653061224489797
N06,N21,N37,4,0.0032653061224489797
N06,N21,N41,4,0.0032653061224489797
N06,N22,N26,4,0.0032653061224489797
N06,N22,N28,4,0.0032653061224489797
N06,N22,N36,4,0.0032653061224489797
N06,N23,N24,4,0.0032653061224489797
N06,N24,N32,4,0.0032653061224489797
N06,N24,N38,4,0.0032653061224489797
N06,N27,N28,4,0.0032653061224489797
N06,N27,N37,4,0.0032653061224489797
N06,N27,N38,4,0.0032653061224489797
N06,N28,N32,4,0.0032653061224489797
N06,N28,N34,4,0.0032653061224489797
N06,N28,N40,4,0.0032653061224489797
N06,N29,N45,4,0.0032653061224489797
N06,N31,N40,4,0.0032653061224489797
N06,N35,N40,4,0.0032653061224489797
N06,N36,N39,4,0.0032653061224489797
N06,N37,N39,4,0.0032653061224489797
N06,N37,N40,4,0.0032653061224489797
N06,N37,N41,4,0.0032653061224489797
N06,N38,N40,4,0.0032653061224489797
N06,N38,N43,4,0.0032653061224489797
N06,N38,N44,4,0.0032653061224489797
N06,N38,N45,4,0.0032653061224489797
N07,N08,N33,4,0.0032653061224489797
N07,N09,N12,4,0.0032653061224489797
N07,N09,N17,4,0.0032653061224489797
N07,N09,N23,4,0.0032653061224489797
N07,N09,N38,4,0.0032653061224489797
N07,N10,N19,4,0.0032653061224489797
N07,N10,N31,4,0.0032653061224489797
N07,N11,N17,4,0.0032653061224489797
N07,N11,N41,4,0.0032653061224489797
N07,N12,N21,4,0.0032653061224489797
N07,N12,N26,4,0.0032653061224489797
N07,N12,N34,4,0.0032653061224489797
N07,N12,N38,4,0.0032653061224489797
N07,N13,N25,4,0.0032653061224489797
N07,N13,N45,4,0.0032653061224489797
N07,N15,N24,4,0.0032653061224489797
N07,N15,N30,4,0.0032653061224489797
N07,N16,N38,4,0.0032653061224489797
N07,N16,N40,4,0.0032653061224489797
N07,N16,N41,4,0.0032653061224489797
N07,N16,N44,4,0.0032653061224489797
N07,N17,N18,4,0.0032653061224489797
N07,N17,N33,4,0.0032653061224489797
N07,N17,N44,4,0.0032653061224489797
N07,N18,N19,4,0.0032653061224489797
N07,N18,N20,4,0.0032653061224489797
N07,N18,N26,4,0.0032653061224489797
N07,N18,N29,4,0.0032653061224489797
N07,N18,N38,4,0.0032653061224489797
N07,N18,N45,4,0.0032653061224489797
N07,N19,N24,4,0.0032653061224489797
N07,N19,N33,4,0.0032653061224489797
N07,N20,N33,4,0.0032653061224489797
N07,N22,N24,4,0.0032653061224489797
N07,N22,N29,4,0.0032653061224489797
N07,N23,N26,4,0.0032653061224489797
N07,N24,N37,4,0.0032653061224489797
N07,N24,N42,4,0.0032653061224489797
N07,N24,N45,4,0.0032653061224489797
N07,N25,N36,4,0.0032653061224489797
N07,N27,N29,4,0.0032653061224489797
N07,N27,N37,4,0.0032653061224489797
N07,N27,N42,4,0.0032653061224489797
N07,N29,N36,4,0.0032653061224489797
N07,N29,N43,4,0.0032653061224489797
N07,N30,N35,4,0.0032653061224489797
N07,N30,N38,4,0.0032653061224489797
N07,N31,N38,4,0.0032653061224489797
N07,N33,N37,4,0.0032653061224489797
N07,N37,N40,4,0.0032653061224489797
N07,N37,N44,4,0.0032653061224489797
N07,N38,N40,4,0.0032653061224489797
N07,N39,N41,4,0.0032653061224489797
N08,N09,N17,4,0.0032653061224489797
N08,N11,N16,4,0.0032653061224489797
N08,N11,N21,4,0.0032653061224489797
N08,N11,N45,4,0.0032653061224489797
N08,N13,N23,4,0.0032653061224489797
N08,N13,N37,4,0.0032653061224489797
N08,N13,N45,4,0.0032653061224489797
N08,N14,N21,4,0.0032653061224489797
N08,N15,N19,4,0.0032653061224489797
N08,N15,N21,4,0.0032653061224489797
N08,N15,N45,4,0.0032653061224489797
N08,N16,N30,4,0.0032653061224489797
N08,N17,N24,4,0.0032653061224489797
N08,N17,N31,4,0.0032653061224489797
N08,N17,N36,4,0.0032653061224489797
N08,N17,N43,4,0.0032653061224489797
N08,N17,N45,4,0.0032653061224489797
N08,N18,N21,4,0.0032653061224489797
N08,N18,N24,4,0.0032653061224489797
N08,N18,N29,4,0.0032653061224489797
N08,N18,N32,4,0.0032653061224489797
N08,N19,N34,4,0.0032653061224489797
N08,N19,N36,4,0.0032653061224489797
N08,N21,N36,4,0.0032653061224489797
N08,N22,N38,4,0.0032653061224489797
N08,N23,N27,4,0.0032653061224489797
N08,N25,N27,4,0.0032653061224489797
N08,N25,N39,4,0.0032653061224489797
N08,N25,N41,4,0.0032653061224489797
N08,N25,N44,4,0.0032653061224489797
N08,N27,N29,4,0.0032653061224489797
N08,N27,N35,4,0.0032653061224489797
N08,N27,N44,4,0.0032653061224489797
N08,N27,N45,4,0.0032653061224489797
N08,N29,N31,4,0.0032653061224489797
N08,N29,N33,4,0.0032653061224489797
N08,N31,N38,4,0.0032653061224489797
N08,N33,N38,4,0.0032653061224489797
N08,N33,N39,4,0.0032653061224489797
N08,N35,N39,4,0.0032653061224489797
N08,N36,N45,4,0.0032653061224489797
N08,N39,N45,4,0.0032653061224489797
N08,N41,N44,4,0.0032653061224489797
N08,N42,N43,4,0.0032653061224489797
N09,N10,N13,4,0.0032653061224489797
N09,N10,N38,4,0.0032653061224489797
N09,N12,N13,4,0.0032653061224489797
N09,N12,N15,4,0.0032653061224489797
N09,N12,N23,4,0.0032653061224489797
N09,N12,N43,4,0.0032653061224489797
N09,N13,N38,4,0.0032653061224489797
N09,N15,N34,4,0.0032653061224489797
N09,N15,N37,4,0.0032653061224489797
N09,N17,N33,4,0.0032653061224489797
N09,N17,N42,4,0.0032653061224489797
N09,N18,N35,4,0.0032653061224489797
N09,N18,N44,4,0.0032653061224489797
N09,N24,N33,4,0.0032653061224489797
N09,N25,N33,4,0.0032653061224489797
N09,N27,N36,4,0.0032653061224489797
N09,N28,N41,4,0.0032653061224489797
N09,N30,N41,4,0.0032653061224489797
N09,N33,N37,4,0.0032653061224489797
N09,N35,N37,4,0.0032653061224489797
N09,N39,N41,4,0.0032653061224489797
N10,N11,N41,4,0.0032653061224489797
N10,N12,N42,4,0.0032653061224489797
N10,N14,N22,4,0.0032653061224489797
N10,N16,N19,4,0.0032653061224489797
N10,N16,N27,4,0.0032653061224489797
N10,N16,N28,4,0.0032653061224489797
N10,N16,N31,4,0.0032653061224489797
N10,N16,N35,4,0.0032653061224489797
N10,N16,N36,4,0.0032653061224489797
N10,N16,N39,4,0.0032653061224489797
N10,N17,N31,4,0.0032653061224489797
N10,N18,N27,4,0.0032653061224489797
N10,N18,N31,4,0.0032653061224489797
N10,N18,N34,4,0.0032653061224489797
N10,N19,N31,4,0.0032653061224489797
N10,N19,N33,4,0.0032653061224489797
N10,N19,N45,4,0.0032653061224489797
N10,N22,N24,4,0.0032653061224489797
N10,N22,N28,4,0.0032653061224489797
N10,N22,N35,4,0.0032653061224489797
N10,N22,N36,4,0.0032653061224489797
N10,N22,N40,4,0.0032653061224489797
N10,N22,N44,4,0.0032653061224489797
N10,N23,N24,4,0.0032653061224489797
N10,N23,N37,4,0.0032653061224489797
N10,N23,N40,4,0.0032653061224489797
N10,N24,N33,4,0.0032653061224489797
N10,N24,N37,4,0.0032653061224489797
N10,N24,N38,4,0.0032653061224489797
N10,N25,N35,4,0.0032653061224489797
N10,N26,N38,4,0.0032653061224489797
N10,N27,N37,4,0.0032653061224489797
N10,N29,N40,4,0.0032653061224489797
N10,N31,N32,4,0.0032653061224489797
N10,N31,N40,4,0.0032653061224489797
N10,N31,N42,4,0.0032653061224489797
N10,N31,N44,4,0.0032653061224489797
N10,N32,N36,4,0.0032653061224489797
N10,N33,N38,4,0.0032653061224489797
N10,N33,N41,4,0.0032653061224489797
N10,N33,N44,4,0.0032653061224489797
N10,N36,N37,4,0.0032653061224489797
N10,N36,N44,4,0.0032653061224489797
N10,N37,N38,4,0.0032653061224489797
N10,N38,N45,4,0.0032653061224489797
N10,N42,N43,4,0.0032653061224489797
N11,N12,N18,4,0.0032653061224489797
N11,N12,N38,4,0.0032653061224489797
N11,N13,N15,4,0.0032653061224489797
N11,N13,N17,4,0.0032653061224489797
N11,N13,N33,4,0.0032653061224489797
N11,N14,N15,4,0.0032653061224489797
N11,N14,N26,4,0.0032653061224489797
N11,N14,N32,4,0.0032653061224489797
N11,N14,N36,4,0.0032653061224489797
N11,N15,N17,4,0.0032653061224489797
N11,N15,N35,4,0.0032653061224489797
N11,N15,N37,4,0.0032653061224489797
N11,N15,N39,4,0.0032653061224489797
N11,N16,N36,4,0.0032653061224489797
N11,N17,N36,4,0.0032653061224489797
N11,N18,N26,4,0.0032653061224489797
N11,N20,N35,4,0.0032653061224489797
N11,N21,N25,4,0.0032653061224489797
N11,N21,N26,4,0.0032653061224489797
N11,N21,N27,4,0.0032653061224489797
N11,N21,N38,4,0.0032653061224489797
N11,N21,N39,4,0.0032653061224489797
N11,N21,N43,4,0.0032653061224489797
N11,N21,N44,4,0.0032653061224489797
N11,N22,N39,4,0.0032653061224489797
N11,N24,N32,4,0.0032653061224489797
N11,N26,N29,4,0.0032653061224489797
N11,N26,N35,4,0.0032653061224489797
N11,N26,N37,4,0.0032653061224489797
N11,N27,N39,4,0.0032653061224489797
N11,N28,N30,4,0.0032653061224489797
N11,N30,N35,4,0.0032653061224489797
N11,N30,N44,4,0.0032653061224489797
N11,N34,N42,4,0.0032653061224489797
N11,N34,N44,4,0.0032653061224489797
N11,N37,N43,4,0.0032653061224489797
N11,N41,N44,4,0.0032653061224489797
N12,N14,N24,4,0.0032653061224489797
N12,N14,N32,4,0.0032653061224489797
N12,N14,N40,4,0.0032653061224489797
N12,N15,N36,4,0.0032653061224489797
N12,N15,N37,4,0.0032653061224489797
N12,N16,N43,4,0.0032653061224489797
N12,N17,N28,4,0.0032653061224489797
N12,N18,N39,4,0.0032653061224489797
N12,N18,N42,4,0.0032653061224489797
N12,N19,N40,4,0.0032653061224489797
N12,N20,N24,4,0.0032653061224489797
N12,N20,N41,4,0.0032653061224489797
N12,N21,N32,4,0.0032653061224489797
N12,N23,N43,4,0.0032653061224489797
N12,N24,N33,4,0.0032653061224489797
N12,N24,N34,4,0.0032653061224489797
N12,N24,N39,4,0.0032653061224489797
N12,N24,N40,4,0.0032653061224489797
N12,N24,N41,4,0.0032653061224489797
N12,N24,N42,4,0.0032653061224489797
N12,N24,N44,4,0.0032653061224489797
N12,N25,N43,4,0.0032653061224489797
N12,N26,N38,4,0.0032653061224489797
N12,N27,N39,4,0.0032653061224489797
N12,N28,N41,4,0.0032653061224489797
N12,N29,N31,4,0.0032653061224489797
N12,N29,N40,4,0.0032653061224489797
N12,N29,N42,4,0.0032653061224489797
N12,N29,N44,4,0.0032653061224489797
N12,N29,N45,4,0.0032653061224489797
N12,N31,N43,4,0.0032653061224489797
N12,N33,N38,4,0.0032653061224489797
N12,N33,N41,4,0.0032653061224489797
N12,N33,N45,4,0.0032653061224489797
N12,N34,N45,4,0.0032653061224489797
N12,N39,N40,4,0.0032653061224489797
N12,N39,N41,4,0.0032653061224489797
N12,N42,N43,4,0.0032653061224489797
N13,N14,N22,4,0.0032653061224489797
N13,N14,N30,4,0.0032653061224489797
N13,N14,N39,4,0.0032653061224489797
N13,N15,N34,4,0.0032653061224489797
N13,N15,N43,4,0.0032653061224489797
N13,N16,N24,4,0.0032653061224489797
N13,N17,N18,4,0.0032653061224489797
N13,N17,N20,4,0.0032653061224489797
N13,N18,N19,4,0.0032653061224489797
N13,N18,N33,4,0.0032653061224489797
N13,N18,N39,4,0.0032653061224489797
N13,N20,N21,4,0.0032653061224489797
N13,N20,N45,4,0.0032653061224489797
N13,N21,N39,4,0.0032653061224489797
N13,N21,N44,4,0.0032653061224489797
N13,N23,N31,4,0.0032653061224489797
N13,N23,N36,4,0.0032653061224489797
N13,N24,N33,4,0.0032653061224489797
N13,N25,N28,4,0.0032653061224489797
N13,N25,N29,4,0.0032653061224489797
N13,N25,N36,4,0.0032653061224489797
N13,N26,N29,4,0.0032653061224489797
N13,N27,N40,4,0.0032653061224489797
N13,N27,N41,4,0.0032653061224489797
N13,N28,N34,4,0.0032653061224489797
N13,N29,N34,4,0.0032653061224489797
N13,N31,N32,4,0.0032653061224489797
N13,N31,N41,4,0.0032653061224489797
N13,N32,N39,4,0.0032653061224489797
N13,N32,N41,4,0.0032653061224489797
N13,N33,N40,4,0.0032653061224489797
N13,N34,N38,4,0.0032653061224489797
N13,N34,N39,4,0.0032653061224489797
N13,N35,N43,4,0.0032653061224489797
N13,N37,N40,4,0.0032653061224489797
N13,N37,N41,4,0.0032653061224489797
N13,N37,N43,4,0.0032653061224489797
N13,N38,N39,4,0.0032653061224489797
N13,N38,N42,4,0.0032653061224489797
N13,N39,N41,4,0.0032653061224489797
N13,N39,N45,4,0.0032653061224489797
N13,N40,N41,4,0.0032653061224489797
N14,N15,N18,4,0.0032653061224489797
N14,N15,N21,4,0.0032653061224489797
N14,N15,N22,4,0.0032653061224489797
N14,N15,N23,4,0.0032653061224489797
N14,N15,N26,4,0.0032653061224489797
N14,N15,N27,4,0.0032653061224489797
N14,N15,N35,4,0.0032653061224489797
N14,N15,N36,4,0.0032653061224489797
N14,N15,N43,4,0.0032653061224489797
N14,N15,N45,4,0.0032653061224489797
N14,N16,N18,4,0.0032653061224489797
N14,N17,N36,4,0.0032653061224489797
N14,N18,N36,4,0.0032653061224489797
N14,N19,N40,4,0.0032653061224489797
N14,N19,N45,4,0.0032653061224489797
N14,N20,N34,4,0.0032653061224489797
N14,N21,N36,4,0.0032653061224489797
N14,N21,N37,4,0.0032653061224489797
N14,N23,N37,4,0.0032653061224489797
N14,N25,N27,4,0.0032653061224489797
N14,N25,N29,4,0.0032653061224489797
N14,N25,N40,4,0.0032653061224489797
N14,N26,N31,4,0.0032653061224489797
N14,N26,N39,4,0.0032653061224489797
N14,N26,N43,4,0.0032653061224489797
N14,N27,N38,4,0.0032653061224489797
N14,N27,N39,4,0.0032653061224489797
N14,N27,N40,4,0.0032653061224489797
N14,N27,N42,4,0.0032653061224489797
N14,N27,N45,4,0.0032653061224489797
N14,N28,N30,4,0.0032653061224489797
N14,N30,N43,4,0.0032653061224489797
N14,N31,N44,4,0.0032653061224489797
N14,N32,N36,4,0.0032653061224489797
N14,N32,N37,4,0.0032653061224489797
N14,N33,N37,4,0.0032653061224489797
N14,N33,N38,4,0.0032653061224489797
N14,N35,N37,4,0.0032653061224489797
N14,N35,N40,4,0.0032653061224489797
N14,N35,N45,4,0.0032653061224489797
N14,N36,N38,4,0.0032653061224489797
N14,N36,N39,4,0.0032653061224489797
N15,N17,N37,4,0.0032653061224489797
N15,N17,N45,4,0.0032653061224489797
N15,N18,N21,4,0.0032653061224489797
N15,N20,N29,4,0.0032653061224489797
N15,N20,N31,4,0.0032653061224489797
N15,N20,N42,4,0.0032653061224489797
N15,N21,N43,4,0.0032653061224489797
N15,N21,N44,4,0.0032653061224489797
N15,N23,N25,4,0.0032653061224489797
N15,N23,N34,4,0.0032653061224489797
N15,N23,N42,4,0.0032653061224489797
N15,N23,N44,4,0.0032653061224489797
N15,N24,N37,4,0.0032653061224489797
N15,N24,N40,4,0.0032653061224489797
N15,N26,N35,4,0.0032653061224489797
N15,N27,N33,4,0.0032653061224489797
N15,N27,N45,4,0.0032653061224489797
N15,N29,N34,4,0.0032653061224489797
N15,N30,N37,4,0.0032653061224489797
N15,N33,N45,4,0.0032653061224489797
N15,N34,N41,4,0.0032653061224489797
N15,N34,N44,4,0.0032653061224489797
N15,N41,N44,4,0.0032653061224489797
N16,N17,N37,4,0.0032653061224489797
N16,N18,N20,4,0.0032653061224489797
N16,N18,N24,4,0.0032653061224489797
N16,N18,N38,4,0.0032653061224489797
N16,N19,N32,4,0.0032653061224489797
N16,N20,N32,4,0.0032653061224489797
N16,N20,N39,4,0.0032653061224489797
N16,N21,N28,4,0.0032653061224489797
N16,N22,N37,4,0.0032653061224489797
N16,N24,N25,4,0.0032653061224489797
N16,N24,N35,4,0.0032653061224489797
N16,N24,N42,4,0.0032653061224489797
N16,N25,N29,4,0.0032653061224489797
N16,N26,N31,4,0.0032653061224489797
N16,N26,N36,4,0.0032653061224489797
N16,N26,N41,4,0.0032653061224489797
N16,N27,N28,4,0.0032653061224489797
N16,N27,N37,4,0.0032653061224489797
N16,N29,N41,4,0.0032653061224489797
N16,N29,N44,4,0.0032653061224489797
N16,N30,N31,4,0.0032653061224489797
N16,N31,N37,4,0.0032653061224489797
N16,N32,N33,4,0.0032653061224489797
N16,N34,N42,4,0.0032653061224489797
N16,N34,N45,4,0.0032653061224489797
N16,N36,N39,4,0.0032653061224489797
N16,N38,N41,4,0.0032653061224489797
N16,N38,N45,4,0.0032653061224489797
N16,N40,N41,4,0.0032653061224489797
N16,N41,N42,4,0.0032653061224489797
N16,N42,N45,4,0.0032653061224489797
N17,N18,N27,4,0.0032653061224489797
N17,N18,N42,4,0.0032653061224489797
N17,N19,N45,4,0.0032653061224489797
N17,N20,N30,4,0.0032653061224489797
N17,N20,N41,4,0.0032653061224489797
N17,N20,N44,4,0.0032653061224489797
N17,N20,N45,4,0.0032653061224489797
N17,N21,N26,4,0.0032653061224489797
N17,N21,N36,4,0.0032653061224489797
N17,N21,N44,4,0.0032653061224489797
N17,N22,N24,4,0.0032653061224489797
N17,N23,N45,4,0.0032653061224489797
N17,N24,N29,4,0.0032653061224489797
N17,N27,N35,4,0.0032653061224489797
N17,N30,N33,4,0.0032653061224489797
N17,N30,N38,4,0.0032653061224489797
N17,N30,N43,4,0.0032653061224489797
N17,N33,N34,4,0.0032653061224489797
N17,N33,N44,4,0.0032653061224489797
N17,N35,N36,4,0.0032653061224489797
N17,N35,N38,4,0.0032653061224489797
N17,N35,N43,4,0.0032653061224489797
N17,N36,N45,4,0.0032653061224489797
N17,N37,N43,4,0.0032653061224489797
N17,N38,N45,4,0.0032653061224489797
N18,N19,N23,4,0.0032653061224489797
N18,N20,N27,4,0.0032653061224489797
N18,N20,N42,4,0.0032653061224489797
N18,N22,N31,4,0.0032653061224489797
N18,N23,N30,4,0.0032653061224489797
N18,N24,N27,4,0.0032653061224489797
N18,N24,N45,4,0.0032653061224489797
N18,N26,N27,4,0.0032653061224489797
N18,N26,N38,4,0.0032653061224489797
N18,N28,N30,4,0.0032653061224489797
N18,N30,N39,4,0.0032653061224489797
N18,N30,N45,4,0.0032653061224489797
N18,N31,N33,4,0.0032653061224489797
N18,N31,N43,4,0.0032653061224489797
N18,N31,N44,4,0.0032653061224489797
N18,N34,N38,4,0.0032653061224489797
N18,N37,N43,4,0.0032653061224489797
N18,N37,N45,4,0.0032653061224489797
N18,N40,N41,4,0.0032653061224489797
N18,N42,N45,4,0.0032653061224489797
N19,N20,N32,4,0.0032653061224489797
N19,N21,N25,4,0.0032653061224489797
N19,N21,N31,4,0.0032653061224489797
N19,N21,N41,4,0.0032653061224489797
N19,N23,N28,4,0.0032653061224489797
N19,N23,N42,4,0.0032653061224489797
N19,N23,N43,4,0.0032653061224489797
N19,N25,N27,4,0.0032653061224489797
N19,N25,N34,4,0.0032653061224489797
N19,N25,N45,4,0.0032653061224489797
N19,N26,N33,4,0.0032653061224489797
N19,N26,N35,4,0.0032653061224489797
N19,N26,N41,4,0.0032653061224489797
N19,N27,N42,4,0.0032653061224489797
N19,N28,N38,4,0.0032653061224489797
N19,N28,N42,4,0.0032653061224489797
N19,N30,N34,4,0.0032653061224489797
N19,N34,N44,4,0.0032653061224489797
N19,N37,N45,4,0.0032653061224489797
N19,N39,N44,4,0.0032653061224489797
N19,N43,N44,4,0.0032653061224489797
N20,N23,N30,4,0.0032653061224489797
N20,N23,N43,4,0.0032653061224489797
N20,N23,N44,4,0.0032653061224489797
N20,N27,N35,4,0.0032653061224489797
N20,N32,N45,4,0.0032653061224489797
N20,N33,N35,4,0.0032653061224489797
N20,N33,N40,4,0.0032653061224489797
N20,N33,N41,4,0.0032653061224489797
N20,N33,N44,4,0.0032653061224489797
N20,N35,N43,4,0.0032653061224489797
N20,N36,N41,4,0.0032653061224489797
N20,N36,N44,4,0.0032653061224489797
N20,N38,N40,4,0.0032653061224489797
N20,N41,N45,4,0.0032653061224489797
N20,N42,N44,4,0.0032653061224489797
N21,N22,N30,4,0.0032653061224489797
N21,N22,N37,4,0.0032653061224489797
N21,N24,N26,4,0.0032653061224489797
N21,N26,N41,4,0.0032653061224489797
N21,N27,N31,4,0.0032653061224489797
N21,N27,N44,4,0.0032653061224489797
N21,N30,N39,4,0.0032653061224489797
N21,N34,N42,4,0.0032653061224489797
N21,N35,N36,4,0.0032653061224489797
N21,N40,N44,4,0.0032653061224489797
N21,N41,N43,4,0.0032653061224489797
N22,N24,N38,4,0.0032653061224489797
N22,N25,N28,4,0.0032653061224489797
N22,N26,N31,4,0.0032653061224489797
N22,N26,N36,4,0.0032653061224489797
N22,N27,N37,4,0.0032653061224489797
N22,N27,N40,4,0.0032653061224489797
N22,N28,N34,4,0.0032653061224489797
N22,N31,N34,4,0.0032653061224489797
N22,N31,N37,4,0.0032653061224489797
N22,N32,N36,4,0.0032653061224489797
N22,N34,N44,4,0.0032653061224489797
N22,N35,N39,4,0.0032653061224489797
N22,N35,N40,4,0.0032653061224489797
N22,N37,N38,4,0.0032653061224489797
N22,N37,N42,4,0.0032653061224489797
N23,N24,N35,4,0.0032653061224489797
N23,N25,N35,4,0.0032653061224489797
N23,N25,N37,4,0.0032653061224489797
N23,N25,N38,4,0.0032653061224489797
N23,N25,N42,4,0.0032653061224489797
N23,N26,N39,4,0.0032653061224489797
N23,N27,N35,4,0.0032653061224489797
N23,N28,N30,4,0.0032653061224489797
N23,N34,N42,4,0.0032653061224489797
N23,N34,N44,4,0.0032653061224489797
N23,N35,N40,4,0.0032653061224489797
N23,N36,N39,4,0.0032653061224489797
N24,N25,N33,4,0.0032653061224489797
N24,N26,N29,4,0.0032653061224489797
N24,N27,N36,4,0.0032653061224489797
N24,N27,N37,4,0.0032653061224489797
N24,N27,N42,4,0.0032653061224489797
N24,N27,N45,4,0.0032653061224489797
N24,N30,N32,4,0.0032653061224489797
N24,N31,N34,4,0.0032653061224489797
N24,N32,N45,4,0.0032653061224489797
N24,N35,N40,4,0.0032653061224489797
N24,N37,N45,4,0.0032653061224489797
N24,N40,N42,4,0.0032653061224489797
N24,N40,N44,4,0.0032653061224489797
N25,N27,N34,4,0.0032653061224489797
N25,N27,N38,4,0.0032653061224489797
N25,N28,N37,4,0.0032653061224489797
N25,N29,N33,4,0.0032653061224489797
N25,N29,N35,4,0.0032653061224489797
N25,N33,N40,4,0.0032653061224489797
N25,N33,N44,4,0.0032653061224489797
N25,N33,N45,4,0.0032653061224489797
N25,N34,N35,4,0.0032653061224489797
N25,N34,N36,4,0.0032653061224489797
N25,N35,N36,4,0.0032653061224489797
N25,N36,N39,4,0.0032653061224489797
N25,N38,N40,4,0.0032653061224489797
N25,N38,N45,4,0.0032653061224489797
N25,N40,N44,4,0.0032653061224489797
N26,N30,N33,4,0.0032653061224489797
N26,N31,N44,4,0.0032653061224489797
N26,N35,N40,4,0.0032653061224489797
N27,N28,N40,4,0.0032653061224489797
N27,N30,N38,4,0.0032653061224489797
N27,N33,N35,4,0.0032653061224489797
N27,N35,N43,4,0.0032653061224489797
N27,N35,N45,4,0.0032653061224489797
N27,N36,N39,4,0.0032653061224489797
N27,N36,N45,4,0.0032653061224489797
N27,N43,N45,4,0.0032653061224489797
N28,N37,N43,4,0.0032653061224489797
N28,N38,N40,4,0.0032653061224489797
N28,N38,N42,4,0.0032653061224489797
N28,N43,N44,4,0.0032653061224489797
N29,N33,N40,4,0.0032653061224489797
N29,N33,N42,4,0.0032653061224489797
N29,N34,N35,4,0.0032653061224489797
N29,N39,N43,4,0.0032653061224489797
N29,N40,N44,4,0.0032653061224489797
N29,N40,N45,4,0.0032653061224489797
N30,N31,N40,4,0.0032653061224489797
N30,N33,N37,4,0.0032653061224489797
N30,N34,N44,4,0.0032653061224489797
N30,N38,N45,4,0.0032653061224489797
N30,N39,N44,4,0.0032653061224489797
N30,N39,N45,4,0.0032653061224489797
N30,N41,N42,4,0.0032653061224489797
N30,N41,N45,4,0.0032653061224489797
N30,N43,N45,4,0.0032653061224489797
N31,N32,N37,4,0.0032653061224489797
N31,N32,N40,4,0.0032653061224489797
N31,N33,N44,4,0.0032653061224489797
N31,N34,N43,4,0.0032653061224489797
N31,N35,N40,4,0.0032653061224489797
N31,N35,N43,4,0.0032653061224489797
N31,N38,N44,4,0.0032653061224489797
N31,N40,N44,4,0.0032653061224489797
N31,N41,N44,4,0.0032653061224489797
N32,N35,N36,4,0.0032653061224489797
N33,N35,N36,4,0.0032653061224489797
N33,N35,N37,4,0.0032653061224489797
N33,N36,N40,4,0.0032653061224489797
N33,N38,N42,4,0.0032653061224489797
N33,N38,N45,4,0.0032653061224489797
N33,N40,N41,4,0.0032653061224489797
N33,N40,N43,4,0.0032653061224489797
N33,N40,N44,4,0.0032653061224489797
N33,N41,N44,4,0.0032653061224489797
N33,N42,N44,4,0.0032653061224489797
N34,N37,N39,4,0.0032653061224489797
N34,N41,N45,4,0.0032653061224489797
N35,N36,N37,4,0.0032653061224489797
N35,N37,N40,4,0.0032653061224489797
N35,N38,N40,4,0.0032653061224489797
N35,N38,N43,4,0.0032653061224489797
N35,N38,N44,4,0.0032653061224489797
N36,N37,N41,4,0.0032653061224489797
N36,N41,N44,4,0.0032653061224489797
N36,N41,N45,4,0.0032653061224489797
N37,N38,N40,4,0.0032653061224489797
N37,N39,N41,4,0.0032653061224489797
N38,N39,N44,4,0.0032653061224489797
N38,N41,N45,4,0.0032653061224489797
N40,N41,N43,4,0.0032653061224489797
N41,N43,N44,4,0.0032653061224489797
N01,N02,N03,3,0.0024489795918367346
N01,N02,N04,3,0.0024489795918367346
N01,N02,N08,3,0.0024489795918367346
N01,N02,N10,3,0.0024489795918367346
N01,N02,N11,3,0.0024489795918367346
N01,N02,N18,3,0.0024489795918367346
N01,N02,N20,3,0.0024489795918367346
N01,N02,N23,3,0.0024489795918367346
N01,N02,N28,3,0.0024489795918367346
N01,N02,N39,3,0.0024489795918367346
N01,N02,N42,3,0.0024489795918367346
N01,N03,N17,3,0.0024489795918367346
N01,N03,N21,3,0.0024489795918367346
N01,N03,N25,3,0.0024489795918367346
N01,N03,N26,3,0.0024489795918367346
N01,N03,N29,3,0.0024489795918367346
N01,N03,N30,3,0.0024489795918367346
N01,N03,N35,3,0.0024489795918367346
N01,N03,N37,3,0.0024489795918367346
N01,N03,N41,3,0.0024489795918367346
N01,N03,N43,3,0.0024489795918367346
N01,N04,N08,3,0.0024489795918367346
N01,N04,N10,3,0.0024489795918367346
N01,N04,N12,3,0.0024489795918367346
N01,N04,N13,3,0.0024489795918367346
N01,N04,N14,3,0.0024489795918367346
N01,N04,N20,3,0.0024489795918367346
N01,N04,N37,3,0.0024489795918367346
N01,N04,N42,3,0.0024489795918367346
N01,N05,N06,3,0.0024489795918367346
N01,N05,N27,3,0.0024489795918367346
N01,N05,N28,3,0.0024489795918367346
N01,N05,N30,3,0.0024489795918367346
N01,N05,N36,3,0.0024489795918367346
N01,N06,N09,3,0.0024489795918367346
N01,N06,N14,3,0.0024489795918367346
N01,N06,N16,3,0.0024489795918367346
N01,N06,N19,3,0.0024489795918367346
N01,N06,N20,3,0.0024489795918367346
N01,N06,N27,3,0.0024489795918367346
N01,N06,N38,3,0.0024489795918367346
N01,N07,N23,3,0.0024489795918367346
N01,N07,N27,3,0.0024489795918367346
N01,N07,N34,3,0.0024489795918367346
N01,N08,N17,3,0.0024489795918367346
N01,N08,N33,3,0.0024489795918367346
N01,N08,N34,3,0.0024489795918367346
N01,N08,N38,3,0.0024489795918367346
N01,N08,N44,3,0.0024489795918367346
N01,N08,N45,3,0.0024489795918367346
N01,N09,N10,3,0.0024489795918367346
N01,N09,N14,3,0.0024489795918367346
N01,N09,N16,3,0.0024489795918367346
N01,N09,N23,3,0.0024489795918367346
N01,N09,N26,3,0.0024489795918367346
N01,N09,N29,3,0.0024489795918367346
N01,N09,N35,3,0.0024489795918367346
N01,N10,N12,3,0.0024489795918367346
N01,N10,N26,3,0.0024489795918367346
N01,N10,N31,3,0.0024489795918367346
N01,N10,N32,3,0.0024489795918367346
N01,N11,N12,3,0.0024489795918367346
N01,N11,N18,3,0.0024489795918367346
N01,N11,N21,3,0.0024489795918367346
N01,N11,N23,3,0.0024489795918367346
N01,N11,N24,3,0.0024489795918367346
N01,N11,N28,3,0.0024489795918367346
N01,N11,N35,3,0.0024489795918367346
N01,N11,N39,3,0.0024489795918367346
N01,N11,N44,3,0.0024489795918367346
N01,N12,N13,3,0.0024489795918367346
N01,N12,N18,3,0.0024489795918367346
N01,N12,N20,3,0.0024489795918367346
N01,N12,N21,3,0.0024489795918367346
N01,N12,N28,3,0.0024489795918367346
N01,N12,N29,3,0.0024489795918367346
N01,N12,N35,3,0.0024489795918367346
N01,N12,N36,3,0.0024489795918367346
N01,N12,N45,3,0.0024489795918367346
N01,N13,N21,3,0.0024489795918367346
N01,N13,N29,3,0.0024489795918367346
N01,N13,N33,3,0.0024489795918367346
N01,N13,N37,3,0.0024489795918367346
N01,N13,N38,3,0.0024489795918367346
N01,N13,N40,3,0.0024489795918367346
N01,N13,N43,3,0.0024489795918367346
N01,N13,N44,3,0.0024489795918367346
N01,N14,N29,3,0.0024489795918367346
N01,N14,N37,3,0.0024489795918367346
N01,N15,N19,3,0.0024489795918367346
N01,N15,N23,3,0.0024489795918367346
N01,N15,N28,3,0.0024489795918367346
N01,N15,N41,3,0.0024489795918367346
N01,N15,N45,3,0.0024489795918367346
N01,N16,N18,3,0.0024489795918367346
N01,N16,N20,3,0.0024489795918367346
N01,N16,N23,3,0.0024489795918367346
N01,N16,N33,3,0.0024489795918367346
N01,N16,N40,3,0.0024489795918367346
N01,N16,N41,3,0.0024489795918367346
N01,N16,N43,3,0.0024489795918367346
N01,N17,N31,3,0.0024489795918367346
N01,N17,N35,3,0.0024489795918367346
N01,N17,N41,3,0.0024489795918367346
N01,N17,N42,3,0.0024489795918367346
N01,N17,N45,3,0.0024489795918367346
N01,N18,N28,3,0.0024489795918367346
N01,N18,N30,3,0.0024489795918367346
N01,N18,N34,3,0.0024489795918367346
N01,N18,N38,3,0.0024489795918367346
N01,N19,N24,3,0.0024489795918367346
N01,N20,N24,3,0.0024489795918367346
N01,N20,N25,3,0.0024489795918367346
N01,N20,N26,3,0.0024489795918367346
N01,N20,N27,3,0.0024489795918367346
N01,N20,N28,3,0.0024489795918367346
N01,N20,N30,3,0.0024489795918367346
N01,N20,N41,3,0.0024489795918367346
N01,N20,N45,3,0.0024489795918367346
N01,N21,N25,3,0.0024489795918367346
N01,N21,N26,3,0.0024489795918367346
N01,N21,N41,3,0.0024489795918367346
N01,N22,N28,3,0.0024489795918367346
N01,N23,N24,3,0.0024489795918367346
N01,N23,N28,3,0.0024489795918367346
N01,N23,N34,3,0.0024489795918367346
N01,N23,N43,3,0.0024489795918367346
N01,N24,N29,3,0.0024489795918367346
N01,N24,N30,3,0.0024489795918367346
N01,N24,N35,3,0.0024489795918367346
N01,N24,N40,3,0.0024489795918367346
N01,N24,N42,3,0.0024489795918367346
N01,N25,N28,3,0.0024489795918367346
N01,N26,N29,3,0.0024489795918367346
N01,N26,N42,3,0.0024489795918367346
N01,N26,N43,3,0.0024489795918367346
N01,N27,N29,3,0.0024489795918367346
N01,N27,N39,3,0.0024489795918367346
N01,N27,N42,3,0.0024489795918367346
N01,N28,N31,3,0.0024489795918367346
N01,N28,N35,3,0.0024489795918367346
N01,N28,N42,3,0.0024489795918367346
N01,N29,N34,3,0.0024489795918367346
N01,N30,N34,3,0.0024489795918367346
N01,N30,N41,3,0.0024489795918367346
N01,N31,N43,3,0.0024489795918367346
N01,N32,N40,3,0.0024489795918367346
N01,N32,N45,3,0.0024489795918367346
N01,N34,N36,3,0.0024489795918367346
N01,N34,N37,3,0.0024489795918367346
N01,N34,N42,3,0.0024489795918367346
N01,N34,N44,3,0.0024489795918367346
N01,N35,N44,3,0.0024489795918367346
N01,N35,N45,3,0.0024489795918367346
N01,N36,N37,3,0.0024489795918367346
N01,N36,N41,3,0.0024489795918367346
N01,N36,N42,3,0.0024489795918367346
N01,N37,N38,3,0.0024489795918367346
N01,N38,N40,3,0.0024489795918367346
N01,N39,N43,3,0.0024489795918367346
N02,N03,N05,3,0.0024489795918367346
N02,N03,N11,3,0.0024489795918367346
N02,N03,N12,3,0.0024489795918367346
N02,N03,N15,3,0.0024489795918367346
N02,N03,N26,3,0.0024489795918367346
N02,N03,N43,3,0.0024489795918367346
N02,N03,N44,3,0.0024489795918367346
N02,N04,N11,3,0.0024489795918367346
N02,N04,N16,3,0.0024489795918367346
N02,N04,N25,3,0.0024489795918367346
N02,N04,N26,3,0.0024489795918367346
N02,N04,N27,3,0.0024489795918367346
N02,N04,N28,3,0.0024489795918367346
N02,N04,N29,3,0.0024489795918367346
N02,N04,N31,3,0.0024489795918367346
N02,N04,N32,3,0.0024489795918367346
N02,N04,N36,3,0.0024489795918367346
N02,N05,N14,3,0.0024489795918367346
N02,N05,N18,3,0.0024489795918367346
N02,N05,N39,3,0.0024489795918367346
N02,N06,N11,3,0.0024489795918367346
N02,N06,N17,3,0.0024489795918367346
N02,N06,N19,3,0.0024489795918367346
N02,N06,N20,3,0.0024489795918367346
N02,N06,N21,3,0.0024489795918367346
N02,N06,N26,3,0.0024489795918367346
N02,N06,N27,3,0.0024489795918367346
N02,N06,N28,3,0.0024489795918367346
N02,N06,N33,3,0.0024489795918367346
N02,N07,N15,3,0.0024489795918367346
N02,N07,N17,3,0.0024489795918367346
N02,N07,N24,3,0.0024489795918367346
N02,N07,N29,3,0.0024489795918367346
N02,N07,N33,3,0.0024489795918367346
N02,N07,N45,3,0.0024489795918367346
N02,N08,N22,3,0.0024489795918367346
N02,N08,N23,3,0.0024489795918367346
N02,N08,N26,3,0.0024489795918367346
N02,N08,N28,3,0.0024489795918367346
N02,N08,N29,3,0.0024489795918367346
N02,N08,N30,3,0.0024489795918367346
N02,N08,N38,3,0.0024489795918367346
N02,N09,N10,3,0.0024489795918367346
N02,N09,N25,3,0.0024489795918367346
N02,N10,N19,3,0.0024489795918367346
N02,N10,N44,3,0.0024489795918367346
N02,N11,N13,3,0.0024489795918367346
N02,N11,N16,3,0.0024489795918367346
N02,N11,N25,3,0.0024489795918367346
N02,N11,N26,3,0.0024489795918367346
N02,N11,N27,3,0.0024489795918367346
N02,N11,N31,3,0.0024489795918367346
N02,N11,N44,3,0.0024489795918367346
N02,N12,N14,3,0.0024489795918367346
N02,N12,N15,3,0.0024489795918367346
N02,N12,N19,3,0.0024489795918367346
N02,N12,N20,3,0.0024489795918367346
N02,N12,N31,3,0.0024489795918367346
N02,N12,N33,3,0.0024489795918367346
N02,N12,N34,3,0.0024489795918367346
N02,N12,N40,3,0.0024489795918367346
N02,N12,N42,3,0.0024489795918367346
N02,N13,N25,3,0.0024489795918367346
N02,N13,N29,3,0.0024489795918367346
N02,N13,N30,3,0.0024489795918367346
N02,N13,N42,3,0.0024489795918367346
N02,N14,N27,3,0.0024489795918367346
N02,N14,N40,3,0.0024489795918367346
N02,N15,N16,3,0.0024489795918367346
N02,N15,N21,3,0.0024489795918367346
N02,N15,N27,3,0.0024489795918367346
N02,N15,N44,3,0.0024489795918367346
N02,N15,N45,3,0.0024489795918367346
N02,N16,N20,3,0.0024489795918367346
N02,N16,N28,3,0.0024489795918367346
N02,N16,N32,3,0.0024489795918367346
N02,N16,N33,3,0.0024489795918367346
N02,N16,N35,3,0.0024489795918367346
N02,N17,N26,3,0.0024489795918367346
N02,N17,N28,3,0.0024489795918367346
N02,N17,N29,3,0.0024489795918367346
N02,N17,N37,3,0.0024489795918367346
N02,N17,N45,3,0.0024489795918367346
N02,N18,N21,3,0.0024489795918367346
N02,N18,N24,3,0.0024489795918367346
N02,N18,N32,3,0.0024489795918367346
N02,N19,N24,3,0.0024489795918367346
N02,N19,N25,3,0.0024489795918367346
N02,N19,N32,3,0.0024489795918367346
N02,N19,N34,3,0.0024489795918367346
N02,N19,N35,3,0.0024489795918367346
N02,N19,N36,3,0.0024489795918367346
N02,N19,N39,3,0.0024489795918367346
N02,N19,N41,3,0.0024489795918367346
N02,N19,N45,3,0.0024489795918367346
N02,N20,N24,3,0.0024489795918367346
N02,N20,N35,3,0.0024489795918367346
N02,N20,N37,3,0.0024489795918367346
N02,N22,N25,3,0.0024489795918367346
N02,N22,N27,3,0.0024489795918367346
N02,N22,N32,3,0.0024489795918367346
N02,N22,N44,3,0.0024489795918367346
N02,N23,N44,3,0.0024489795918367346
N02,N24,N34,3,0.0024489795918367346
N02,N24,N45,3,0.0024489795918367346
N02,N25,N29,3,0.0024489795918367346
N02,N25,N31,3,0.0024489795918367346
N02,N25,N39,3,0.0024489795918367346
N02,N26,N27,3,0.0024489795918367346
N02,N26,N37,3,0.0024489795918367346
N02,N27,N33,3,0.0024489795918367346
N02,N27,N44,3,0.0024489795918367346
N02,N28,N29,3,0.0024489795918367346
N02,N28,N30,3,0.0024489795918367346
N02,N28,N34,3,0.0024489795918367346
N02,N28,N37,3,0.0024489795918367346
N02,N28,N39,3,0.0024489795918367346
N02,N29,N43,3,0.0024489795918367346
N02,N30,N31,3,0.0024489795918367346
N02,N30,N33,3,0.0024489795918367346
N02,N30,N41,3,0.0024489795918367346
N02,N31,N33,3,0.0024489795918367346
N02,N32,N33,3,0.0024489795918367346
N02,N32,N45,3,0.0024489795918367346
N02,N33,N34,3,0.0024489795918367346
N02,N33,N35,3,0.0024489795918367346
N02,N33,N36,3,0.0024489795918367346
N02,N33,N41,3,0.0024489795918367346
N02,N33,N43,3,0.0024489795918367346
N02,N33,N44,3,0.0024489795918367346
N02,N34,N43,3,0.0024489795918367346
N02,N36,N39,3,0.0024489795918367346
N02,N38,N45,3,0.0024489795918367346
N02,N41,N42,3,0.0024489795918367346
N02,N42,N45,3,0.0024489795918367346
N03,N04,N06,3,0.0024489795918367346
N03,N04,N10,3,0.0024489795918367346
N03,N04,N17,3,0.0024489795918367346
N03,N04,N19,3,0.0024489795918367346
N03,N04,N24,3,0.0024489795918367346
N03,N04,N30,3,0.0024489795918367346
N03,N04,N40,3,0.0024489795918367346
N03,N04,N41,3,0.0024489795918367346
N03,N04,N42,3,0.0024489795918367346
N03,N05,N12,3,0.0024489795918367346
N03,N06,N20,3,0.0024489795918367346
N03,N06,N23,3,0.0024489795918367346
N03,N06,N24,3,0.0024489795918367346
N03,N07,N08,3,0.0024489795918367346
N03,N07,N11,3,0.0024489795918367346
N03,N07,N13,3,0.0024489795918367346
N03,N07,N20,3,0.0024489795918367346
N03,N07,N22,3,0.0024489795918367346
N03,N07,N24,3,0.0024489795918367346
N03,N07,N31,3,0.0024489795918367346
N03,N07,N34,3,0.0024489795918367346
N03,N07,N38,3,0.0024489795918367346
N03,N07,N42,3,0.0024489795918367346
N03,N08,N17,3,0.0024489795918367346
N03,N08,N30,3,0.0024489795918367346
N03,N08,N32,3,0.0024489795918367346
N03,N08,N34,3,0.0024489795918367346
N03,N08,N35,3,0.0024489795918367346
N03,N08,N41,3,0.0024489795918367346
N03,N09,N12,3,0.0024489795918367346
N03,N09,N13,3,0.0024489795918367346
N03,N09,N24,3,0.0024489795918367346
N03,N09,N27,3,0.0024489795918367346
N03,N09,N29,3,0.0024489795918367346
N03,N10,N13,3,0.0024489795918367346
N03,N10,N19,3,0.0024489795918367346
N03,N10,N22,3,0.0024489795918367346
N03,N10,N23,3,0.0024489795918367346
N03,N10,N29,3,0.0024489795918367346
N03,N10,N30,3,0.0024489795918367346
N03,N10,N32,3,0.0024489795918367346
N03,N10,N37,3,0.0024489795918367346
N03,N10,N39,3,0.0024489795918367346
N03,N10,N43,3,0.0024489795918367346
N03,N10,N45,3,0.0024489795918367346
N03,N11,N12,3,0.0024489795918367346
N03,N11,N21,3,0.0024489795918367346
N03,N11,N22,3,0.0024489795918367346
N03,N11,N26,3,0.0024489795918367346
N03,N11,N32,3,0.0024489795918367346
N03,N11,N36,3,0.0024489795918367346
N03,N11,N41,3,0.0024489795918367346
N03,N11,N43,3,0.0024489795918367346
N03,N12,N14,3,0.0024489795918367346
N03,N12,N19,3,0.0024489795918367346
N03,N12,N26,3,0.0024489795918367346
N03,N12,N27,3,0.0024489795918367346
N03,N12,N35,3,0.0024489795918367346
N03,N12,N36,3,0.0024489795918367346
N03,N13,N16,3,0.0024489795918367346
N03,N13,N18,3,0.0024489795918367346
N03,N13,N20,3,0.0024489795918367346
N03,N13,N21,3,0.0024489795918367346
N03,N13,N27,3,0.0024489795918367346
N03,N13,N34,3,0.0024489795918367346
N03,N13,N35,3,0.0024489795918367346
N03,N13,N36,3,0.0024489795918367346
N03,N13,N38,3,0.0024489795918367346
N03,N13,N42,3,0.0024489795918367346
N03,N14,N15,3,0.0024489795918367346
N03,N14,N16,3,0.0024489795918367346
N03,N14,N24,3,0.0024489795918367346
N03,N14,N26,3,0.0024489795918367346
N03,N14,N31,3,0.0024489795918367346
N03,N14,N36,3,0.0024489795918367346
N03,N14,N38,3,0.0024489795918367346
N03,N15,N20,3,0.0024489795918367346
N03,N15,N24,3,0.0024489795918367346
N03,N15,N33,3,0.0024489795918367346
N03,N15,N34,3,0.0024489795918367346
N03,N15,N44,3,0.0024489795918367346
N03,N16,N19,3,0.0024489795918367346
N03,N16,N22,3,0.0024489795918367346
N03,N16,N24,3,0.0024489795918367346
N03,N16,N31,3,0.0024489795918367346
N03,N16,N38,3,0.0024489795918367346
N03,N16,N40,3,0.0024489795918367346
N03,N16,N43,3,0.0024489795918367346
N03,N17,N19,3,0.0024489795918367346
N03,N17,N31,3,0.0024489795918367346
N03,N17,N45,3,0.0024489795918367346
N03,N18,N40,3,0.0024489795918367346
N03,N19,N22,3,0.0024489795918367346
N03,N19,N32,3,0.0024489795918367346
N03,N19,N45,3,0.0024489795918367346
N03,N20,N28,3,0.0024489795918367346
N03,N20,N31,3,0.0024489795918367346
N03,N20,N37,3,0.0024489795918367346
N03,N20,N38,3,0.0024489795918367346
N03,N21,N22,3,0.0024489795918367346
N03,N22,N24,3,0.0024489795918367346
N03,N22,N32,3,0.0024489795918367346
N03,N22,N38,3,0.0024489795918367346
N03,N22,N42,3,0.0024489795918367346
N03,N22,N44,3,0.0024489795918367346
N03,N23,N36,3,0.0024489795918367346
N03,N23,N38,3,0.0024489795918367346
N03,N23,N39,3,0.0024489795918367346
N03,N23,N41,3,0.0024489795918367346
N03,N23,N45,3,0.0024489795918367346
N03,N24,N30,3,0.0024489795918367346
N03,N24,N37,3,0.0024489795918367346
N03,N24,N38,3,0.0024489795918367346
N03,N24,N39,3,0.0024489795918367346
N03,N24,N44,3,0.0024489795918367346
N03,N26,N27,3,0.0024489795918367346
N03,N26,N43,3,0.0024489795918367346
N03,N27,N32,3,0.0024489795918367346
N03,N27,N35,3,0.0024489795918367346
N03,N27,N38,3,0.0024489795918367346
N03,N27,N39,3,0.0024489795918367346
N03,N27,N41,3,0.0024489795918367346
N03,N27,N42,3,0.0024489795918367346
N03,N27,N44,3,0.0024489795918367346
N03,N27,N45,3,0.0024489795918367346
N03,N28,N38,3,0.0024489795918367346
N03,N28,N42,3,0.0024489795918367346
N03,N29,N32,3,0.0024489795918367346
N03,N29,N35,3,0.0024489795918367346
N03,N29,N40,3,0.0024489795918367346
N03,N30,N45,3,0.0024489795918367346
N03,N31,N42,3,0.0024489795918367346
N03,N32,N37,3,0.0024489795918367346
N03,N32,N42,3,0.0024489795918367346
N03,N32,N43,3,0.0024489795918367346
N03,N33,N42,3,0.0024489795918367346
N03,N34,N38,3,0.0024489795918367346
N03,N34,N42,3,0.0024489795918367346
N03,N34,N43,3,0.0024489795918367346
N03,N36,N38,3,0.0024489795918367346
N03,N36,N39,3,0.0024489795918367346
N03,N37,N45,3,0.0024489795918367346
N03,N38,N39,3,0.0024489795918367346
N03,N38,N40,3,0.0024489795918367346
N03,N38,N45,3,0.0024489795918367346
N03,N40,N43,3,0.0024489795918367346
N03,N42,N45,3,0.0024489795918367346
N04,N05,N11,3,0.0024489795918367346
N04,N05,N12,3,0.0024489795918367346
N04,N05,N20,3,0.0024489795918367346
N04,N05,N25,3,0.0024489795918367346
N04,N05,N27,3,0.0024489795918367346
N04,N05,N37,3,0.0024489795918367346
N04,N05,N42,3,0.0024489795918367346
N04,N05,N43,3,0.0024489795918367346
N04,N06,N17,3,0.0024489795918367346
N04,N06,N28,3,0.0024489795918367346
N04,N06,N40,3,0.0024489795918367346
N04,N07,N18,3,0.0024489795918367346
N04,N07,N19,3,0.0024489795918367346
N04,N07,N31,3,0.0024489795918367346
N04,N07,N40,3,0.0024489795918367346
N04,N07,N41,3,0.0024489795918367346
N04,N08,N16,3,0.0024489795918367346
N04,N08,N17,3,0.0024489795918367346
N04,N08,N25,3,0.0024489795918367346
N04,N08,N32,3,0.0024489795918367346
N04,N08,N45,3,0.0024489795918367346
N04,N09,N11,3,0.0024489795918367346
N04,N09,N17,3,0.0024489795918367346
N04,N09,N23,3,0.0024489795918367346
N04,N09,N31,3,0.0024489795918367346
N04,N09,N36,3,0.0024489795918367346
N04,N10,N12,3,0.0024489795918367346
N04,N10,N22,3,0.0024489795918367346
N04,N10,N28,3,0.0024489795918367346
N04,N10,N45,3,0.0024489795918367346
N04,N11,N12,3,0.0024489795918367346
N04,N11,N23,3,0.0024489795918367346
N04,N11,N27,3,0.0024489795918367346
N04,N11,N28,3,0.0024489795918367346
N04,N11,N32,3,0.0024489795918367346
N04,N11,N41,3,0.0024489795918367346
N04,N11,N42,3,0.0024489795918367346
N04,N11,N45,3,0.0024489795918367346
N04,N12,N20,3,0.0024489795918367346
N04,N12,N25,3,0.0024489795918367346
N04,N12,N34,3,0.0024489795918367346
N04,N12,N45,3,0.0024489795918367346
N04,N13,N17,3,0.0024489795918367346
N04,N13,N20,3,0.0024489795918367346
N04,N13,N29,3,0.0024489795918367346
N04,N13,N31,3,0.0024489795918367346
N04,N13,N34,3,0.0024489795918367346
N04,N14,N22,3,0.0024489795918367346
N04,N14,N25,3,0.0024489795918367346
N04,N14,N35,3,0.0024489795918367346
N04,N14,N43,3,0.0024489795918367346
N04,N14,N45,3,0.0024489795918367346
N04,N15,N23,3,0.0024489795918367346
N04,N15,N28,3,0.0024489795918367346
N04,N15,N36,3,0.0024489795918367346
N04,N15,N40,3,0.0024489795918367346
N04,N16,N17,3,0.0024489795918367346
N04,N16,N19,3,0.0024489795918367346
N04,N16,N25,3,0.0024489795918367346
N04,N16,N31,3,0.0024489795918367346
N04,N16,N33,3,0.0024489795918367346
N04,N16,N41,3,0.0024489795918367346
N04,N17,N18,3,0.0024489795918367346
N04,N17,N19,3,0.0024489795918367346
N04,N17,N26,3,0.0024489795918367346
N04,N17,N36,3,0.0024489795918367346
N04,N18,N34,3,0.0024489795918367346
N04,N18,N38,3,0.0024489795918367346
N04,N19,N21,3,0.0024489795918367346
N04,N19,N27,3,0.0024489795918367346
N04,N20,N27,3,0.0024489795918367346
N04,N20,N28,3,0.0024489795918367346
N04,N20,N29,3,0.0024489795918367346
N04,N20,N34,3,0.0024489795918367346
N04,N21,N34,3,0.0024489795918367346
N04,N22,N27,3,0.0024489795918367346
N04,N22,N33,3,0.0024489795918367346
N04,N22,N41,3,0.0024489795918367346
N04,N23,N33,3,0.0024489795918367346
N04,N23,N34,3,0.0024489795918367346
N04,N23,N41,3,0.0024489795918367346
N04,N24,N35,3,0.0024489795918367346
N04,N25,N26,3,0.0024489795918367346
N04,N25,N34,3,0.0024489795918367346
N04,N25,N36,3,0.0024489795918367346
N04,N25,N40,3,0.0024489795918367346
N04,N25,N43,3,0.0024489795918367346
N04,N26,N37,3,0.0024489795918367346
N04,N26,N40,3,0.0024489795918367346
N04,N26,N41,3,0.0024489795918367346
N04,N27,N34,3,0.0024489795918367346
N04,N27,N45,3,0.0024489795918367346
N04,N28,N33,3,0.0024489795918367346
N04,N29,N39,3,0.0024489795918367346
N04,N29,N42,3,0.0024489795918367346
N04,N29,N45,3,0.0024489795918367346
N04,N30,N33,3,0.0024489795918367346
N04,N31,N37,3,0.0024489795918367346
N04,N32,N33,3,0.0024489795918367346
N04,N32,N42,3,0.0024489795918367346
N04,N33,N43,3,0.0024489795918367346
N04,N34,N35,3,0.0024489795918367346
N04,N35,N37,3,0.0024489795918367346
N04,N35,N40,3,0.0024489795918367346
N04,N35,N45,3,0.0024489795918367346
N04,N36,N40,3,0.0024489795918367346
N04,N37,N40,3,0.0024489795918367346
N04,N38,N40,3,0.0024489795918367346
N04,N39,N45,3,0.0024489795918367346
N04,N40,N41,3,0.0024489795918367346
N04,N40,N43,3,0.0024489795918367346
N05,N06,N13,3,0.0024489795918367346
N05,N06,N14,3,0.0024489795918367346
N05,N06,N17,3,0.0024489795918367346
N05,N06,N20,3,0.0024489795918367346
N05,N06,N25,3,0.0024489795918367346
N05,N06,N38,3,0.0024489795918367346
N05,N06,N39,3,0.0024489795918367346
N05,N06,N44,3,0.0024489795918367346
N05,N07,N11,3,0.0024489795918367346
N05,N07,N12,3,0.0024489795918367346
N05,N07,N13,3,0.0024489795918367346
N05,N07,N18,3,0.0024489795918367346
N05,N07,N25,3,0.0024489795918367346
N05,N07,N26,3,0.0024489795918367346
N05,N07,N37,3,0.0024489795918367346
N05,N07,N43,3,0.0024489795918367346
N05,N08,N21,3,0.0024489795918367346
N05,N08,N22,3,0.0024489795918367346
N05,N08,N39,3,0.0024489795918367346
N05,N09,N12,3,0.0024489795918367346
N05,N09,N27,3,0.0024489795918367346
N05,N09,N39,3,0.0024489795918367346
N05,N09,N43,3,0.0024489795918367346
N05,N10,N16,3,0.0024489795918367346
N05,N10,N17,3,0.0024489795918367346
N05,N10,N32,3,0.0024489795918367346
N05,N11,N12,3,0.0024489795918367346
N05,N11,N17,3,0.0024489795918367346
N05,N11,N18,3,0.0024489795918367346
N05,N11,N44,3,0.0024489795918367346
N05,N11,N45,3,0.0024489795918367346
N05,N12,N13,3,0.0024489795918367346
N05,N12,N14,3,0.0024489795918367346
N05,N12,N24,3,0.0024489795918367346
N05,N12,N25,3,0.0024489795918367346
N05,N12,N29,3,0.0024489795918367346
N05,N12,N32,3,0.0024489795918367346
N05,N12,N33,3,0.0024489795918367346
N05,N12,N37,3,0.0024489795918367346
N05,N12,N41,3,0.0024489795918367346
N05,N12,N42,3,0.0024489795918367346
N05,N13,N21,3,0.0024489795918367346
N05,N13,N26,3,0.0024489795918367346
N05,N13,N27,3,0.0024489795918367346
N05,N13,N28,3,0.0024489795918367346
N05,N13,N29,3,0.0024489795918367346
N05,N13,N33,3,0.0024489795918367346
N05,N13,N34,3,0.0024489795918367346
N05,N13,N40,3,0.0024489795918367346
N05,N13,N41,3,0.0024489795918367346
N05,N13,N44,3,0.0024489795918367346
N05,N14,N15,3,0.0024489795918367346
N05,N14,N27,3,0.0024489795918367346
N05,N14,N34,3,0.0024489795918367346
N05,N14,N45,3,0.0024489795918367346
N05,N15,N19,3,0.0024489795918367346
N05,N15,N22,3,0.0024489795918367346
N05,N15,N34,3,0.0024489795918367346
N05,N16,N21,3,0.0024489795918367346
N05,N16,N26,3,0.0024489795918367346
N05,N16,N41,3,0.0024489795918367346
N05,N17,N25,3,0.0024489795918367346
N05,N17,N29,3,0.0024489795918367346
N05,N17,N31,3,0.0024489795918367346
N05,N17,N34,3,0.0024489795918367346
N05,N18,N22,3,0.0024489795918367346
N05,N18,N35,3,0.0024489795918367346
N05,N18,N37,3,0.0024489795918367346
N05,N18,N43,3,0.0024489795918367346
N05,N19,N22,3,0.0024489795918367346
N05,N20,N26,3,0.0024489795918367346
N05,N20,N30,3,0.0024489795918367346
N05,N20,N34,3,0.0024489795918367346
N05,N20,N37,3,0.0024489795918367346
N05,N20,N44,3,0.0024489795918367346
N05,N21,N23,3,0.0024489795918367346
N05,N21,N26,3,0.0024489795918367346
N05,N21,N27,3,0.0024489795918367346
N05,N21,N33,3,0.0024489795918367346
N05,N21,N34,3,0.0024489795918367346
N05,N21,N44,3,0.0024489795918367346
N05,N22,N28,3,0.0024489795918367346
N05,N22,N31,3,0.0024489795918367346
N05,N22,N43,3,0.0024489795918367346
N05,N22,N45,3,0.0024489795918367346
N05,N23,N34,3,0.0024489795918367346
N05,N23,N45,3,0.0024489795918367346
N05,N24,N27,3,0.0024489795918367346
N05,N25,N36,3,0.0024489795918367346
N05,N25,N37,3,0.0024489795918367346
N05,N25,N38,3,0.0024489795918367346
N05,N25,N43,3,0.0024489795918367346
N05,N26,N34,3,0.0024489795918367346
N05,N26,N38,3,0.0024489795918367346
N05,N26,N43,3,0.0024489795918367346
N05,N26,N45,3,0.0024489795918367346
N05,N27,N29,3,0.0024489795918367346
N05,N27,N30,3,0.0024489795918367346
N05,N27,N38,3,0.0024489795918367346
N05,N27,N39,3,0.0024489795918367346
N05,N27,N43,3,0.0024489795918367346
N05,N27,N44,3,0.0024489795918367346
N05,N28,N43,3,0.0024489795918367346
N05,N29,N39,3,0.0024489795918367346
N05,N30,N45,3,0.0024489795918367346
N05,N31,N34,3,0.0024489795918367346
N05,N31,N39,3,0.0024489795918367346
N05,N31,N45,3,0.0024489795918367346
N05,N32,N45,3,0.0024489795918367346
N05,N34,N43,3,0.0024489795918367346
N05,N34,N45,3,0.0024489795918367346
N05,N35,N45,3,0.0024489795918367346
N05,N36,N44,3,0.0024489795918367346
N05,N44,N45,3,0.0024489795918367346
N06,N07,N11,3,0.0024489795918367346
N06,N07,N13,3,0.0024489795918367346
N06,N07,N16,3,0.0024489795918367346
N06,N07,N17,3,0.0024489795918367346
N06,N07,N20,3,0.0024489795918367346
N06,N07,N21,3,0.0024489795918367346
N06,N07,N24,3,0.0024489795918367346
N06,N07,N40,3,0.0024489795918367346
N06,N07,N41,3,0.0024489795918367346
N06,N08,N13,3,0.0024489795918367346
N06,N08,N30,3,0.0024489795918367346
N06,N08,N43,3,0.0024489795918367346
N06,N09,N16,3,0.0024489795918367346
N06,N09,N18,3,0.0024489795918367346
N06,N09,N24,3,0.0024489795918367346
N06,N09,N28,3,0.0024489795918367346
N06,N10,N11,3,0.0024489795918367346
N06,N10,N14,3,0.0024489795918367346
N06,N10,N16,3,0.0024489795918367346
N06,N10,N17,3,0.0024489795918367346
N06,N10,N30,3,0.0024489795918367346
N06,N10,N40,3,0.0024489795918367346
N06,N10,N41,3,0.0024489795918367346
N06,N11,N15,3,0.0024489795918367346
N06,N11,N16,3,0.0024489795918367346
N06,N11,N19,3,0.0024489795918367346
N06,N11,N22,3,0.0024489795918367346
N06,N11,N37,3,0.0024489795918367346
N06,N11,N43,3,0.0024489795918367346
N06,N12,N18,3,0.0024489795918367346
N06,N12,N20,3,0.0024489795918367346
N06,N12,N26,3,0.0024489795918367346
N06,N12,N32,3,0.0024489795918367346
N06,N12,N40,3,0.0024489795918367346
N06,N13,N21,3,0.0024489795918367346
N06,N13,N36,3,0.0024489795918367346
N06,N13,N43,3,0.0024489795918367346
N06,N14,N19,3,0.0024489795918367346
N06,N14,N25,3,0.0024489795918367346
N06,N14,N30,3,0.0024489795918367346
N06,N14,N36,3,0.0024489795918367346
N06,N14,N39,3,0.0024489795918367346
N06,N14,N40,3,0.0024489795918367346
N06,N14,N44,3,0.0024489795918367346
N06,N15,N17,3,0.0024489795918367346
N06,N15,N34,3,0.0024489795918367346
N06,N15,N40,3,0.0024489795918367346
N06,N16,N18,3,0.0024489795918367346
N06,N16,N19,3,0.0024489795918367346
N06,N16,N31,3,0.0024489795918367346
N06,N16,N41,3,0.0024489795918367346
N06,N16,N43,3,0.0024489795918367346
N06,N17,N37,3,0.0024489795918367346
N06,N17,N39,3,0.0024489795918367346
N06,N17,N44,3,0.0024489795918367346
N06,N18,N21,3,0.0024489795918367346
N06,N18,N26,3,0.0024489795918367346
N06,N18,N30,3,0.0024489795918367346
N06,N18,N32,3,0.0024489795918367346
N06,N18,N37,3,0.0024489795918367346
N06,N18,N43,3,0.0024489795918367346
N06,N19,N25,3,0.0024489795918367346
N06,N19,N42,3,0.0024489795918367346
N06,N19,N45,3,0.0024489795918367346
N06,N20,N39,3,0.0024489795918367346
N06,N21,N34,3,0.0024489795918367346
N06,N21,N36,3,0.0024489795918367346
N06,N21,N39,3,0.0024489795918367346
N06,N21,N40,3,0.0024489795918367346
N06,N21,N43,3,0.0024489795918367346
N06,N22,N24,3,0.0024489795918367346
N06,N22,N40,3,0.0024489795918367346
N06,N24,N27,3,0.0024489795918367346
N06,N24,N28,3,0.0024489795918367346
N06,N24,N30,3,0.0024489795918367346
N06,N24,N37,3,0.0024489795918367346
N06,N24,N44,3,0.0024489795918367346
N06,N25,N33,3,0.0024489795918367346
N06,N26,N38,3,0.0024489795918367346
N06,N26,N43,3,0.0024489795918367346
N06,N27,N44,3,0.0024489795918367346
N06,N29,N39,3,0.0024489795918367346
N06,N30,N34,3,0.0024489795918367346
N06,N30,N37,3,0.0024489795918367346
N06,N30,N40,3,0.0024489795918367346
N06,N31,N35,3,0.0024489795918367346
N06,N31,N43,3,0.0024489795918367346
N06,N32,N37,3,0.0024489795918367346
N06,N34,N37,3,0.0024489795918367346
N06,N34,N42,3,0.0024489795918367346
N06,N35,N36,3,0.0024489795918367346
N06,N35,N39,3,0.0024489795918367346
N06,N36,N42,3,0.0024489795918367346
N06,N39,N41,3,0.0024489795918367346
N06,N40,N41,3,0.0024489795918367346
N06,N40,N43,3,0.0024489795918367346
N06,N41,N45,3,0.0024489795918367346
N07,N08,N18,3,0.0024489795918367346
N07,N08,N24,3,0.0024489795918367346
N07,N08,N39,3,0.0024489795918367346
N07,N08,N41,3,0.0024489795918367346
N07,N08,N43,3,0.0024489795918367346
N07,N09,N10,3,0.0024489795918367346
N07,N09,N11,3,0.0024489795918367346
N07,N09,N19,3,0.0024489795918367346
N07,N09,N26,3,0.0024489795918367346
N07,N09,N36,3,0.0024489795918367346
N07,N09,N42,3,0.0024489795918367346
N07,N10,N16,3,0.0024489795918367346
N07,N10,N22,3,0.0024489795918367346
N07,N10,N25,3,0.0024489795918367346
N07,N10,N29,3,0.0024489795918367346
N07,N10,N40,3,0.0024489795918367346
N07,N11,N12,3,0.0024489795918367346
N07,N11,N13,3,0.0024489795918367346
N07,N11,N16,3,0.0024489795918367346
N07,N11,N21,3,0.0024489795918367346
N07,N11,N26,3,0.0024489795918367346
N07,N11,N35,3,0.0024489795918367346
N07,N11,N37,3,0.0024489795918367346
N07,N11,N44,3,0.0024489795918367346
N07,N12,N19,3,0.0024489795918367346
N07,N12,N22,3,0.0024489795918367346
N07,N12,N24,3,0.0024489795918367346
N07,N12,N27,3,0.0024489795918367346
N07,N12,N28,3,0.0024489795918367346
N07,N12,N36,3,0.0024489795918367346
N07,N13,N33,3,0.0024489795918367346
N07,N13,N35,3,0.0024489795918367346
N07,N13,N36,3,0.0024489795918367346
N07,N13,N39,3,0.0024489795918367346
N07,N14,N16,3,0.0024489795918367346
N07,N14,N20,3,0.0024489795918367346
N07,N15,N20,3,0.0024489795918367346
N07,N15,N22,3,0.0024489795918367346
N07,N15,N23,3,0.0024489795918367346
N07,N15,N26,3,0.0024489795918367346
N07,N15,N34,3,0.0024489795918367346
N07,N15,N42,3,0.0024489795918367346
N07,N16,N18,3,0.0024489795918367346
N07,N16,N24,3,0.0024489795918367346
N07,N16,N25,3,0.0024489795918367346
N07,N16,N31,3,0.0024489795918367346
N07,N16,N33,3,0.0024489795918367346
N07,N16,N36,3,0.0024489795918367346
N07,N17,N20,3,0.0024489795918367346
N07,N17,N24,3,0.0024489795918367346
N07,N17,N29,3,0.0024489795918367346
N07,N17,N30,3,0.0024489795918367346
N07,N17,N38,3,0.0024489795918367346
N07,N17,N45,3,0.0024489795918367346
N07,N18,N30,3,0.0024489795918367346
N07,N18,N33,3,0.0024489795918367346
N07,N18,N35,3,0.0024489795918367346
N07,N18,N36,3,0.0024489795918367346
N07,N18,N39,3,0.0024489795918367346
N07,N18,N42,3,0.0024489795918367346
N07,N19,N21,3,0.0024489795918367346
N07,N19,N25,3,0.0024489795918367346
N07,N19,N27,3,0.0024489795918367346
N07,N19,N28,3,0.0024489795918367346
N07,N19,N29,3,0.0024489795918367346
N07,N19,N35,3,0.0024489795918367346
N07,N19,N36,3,0.0024489795918367346
N07,N19,N38,3,0.0024489795918367346
N07,N19,N40,3,0.0024489795918367346
N07,N20,N26,3,0.0024489795918367346
N07,N20,N37,3,0.0024489795918367346
N07,N20,N39,3,0.0024489795918367346
N07,N20,N40,3,0.0024489795918367346
N07,N20,N43,3,0.0024489795918367346
N07,N21,N35,3,0.0024489795918367346
N07,N22,N31,3,0.0024489795918367346
N07,N22,N33,3,0.0024489795918367346
N07,N22,N35,3,0.0024489795918367346
N07,N22,N36,3,0.0024489795918367346
N07,N22,N37,3,0.0024489795918367346
N07,N22,N38,3,0.0024489795918367346
N07,N23,N28,3,0.0024489795918367346
N07,N23,N42,3,0.0024489795918367346
N07,N24,N30,3,0.0024489795918367346
N07,N24,N40,3,0.0024489795918367346
N07,N24,N44,3,0.0024489795918367346
N07,N25,N29,3,0.0024489795918367346
N07,N26,N27,3,0.0024489795918367346
N07,N26,N35,3,0.0024489795918367346
N07,N26,N40,3,0.0024489795918367346
N07,N27,N33,3,0.0024489795918367346
N07,N27,N35,3,0.0024489795918367346
N07,N27,N36,3,0.0024489795918367346
N07,N27,N38,3,0.0024489795918367346
N07,N27,N43,3,0.0024489795918367346
N07,N27,N44,3,0.0024489795918367346
N07,N28,N29,3,0.0024489795918367346
N07,N28,N41,3,0.0024489795918367346
N07,N29,N33,3,0.0024489795918367346
N07,N29,N34,3,0.0024489795918367346
N07,N29,N35,3,0.0024489795918367346
N07,N29,N39,3,0.0024489795918367346
N07,N30,N39,3,0.0024489795918367346
N07,N30,N45,3,0.0024489795918367346
N07,N31,N34,3,0.0024489795918367346
N07,N31,N36,3,0.0024489795918367346
N07,N31,N40,3,0.0024489795918367346
N07,N32,N36,3,0.0024489795918367346
N07,N33,N35,3,0.0024489795918367346
N07,N33,N36,3,0.0024489795918367346
N07,N33,N44,3,0.0024489795918367346
N07,N34,N36,3,0.0024489795918367346
N07,N34,N38,3,0.0024489795918367346
N07,N34,N41,3,0.0024489795918367346
N07,N35,N36,3,0.0024489795918367346
N07,N36,N37,3,0.0024489795918367346
N07,N36,N38,3,0.0024489795918367346
N07,N36,N39,3,0.0024489795918367346
N07,N37,N38,3,0.0024489795918367346
N07,N37,N39,3,0.0024489795918367346
N07,N38,N44,3,0.0024489795918367346
N07,N39,N44,3,0.0024489795918367346
N07,N39,N45,3,0.0024489795918367346
N07,N40,N41,3,0.0024489795918367346
N07,N41,N42,3,0.0024489795918367346
N07,N41,N45,3,0.0024489795918367346
N08,N09,N29,3,0.0024489795918367346
N08,N10,N14,3,0.0024489795918367346
N08,N10,N20,3,0.0024489795918367346
N08,N10,N31,3,0.0024489795918367346
N08,N11,N14,3,0.0024489795918367346
N08,N11,N15,3,0.0024489795918367346
N08,N11,N18,3,0.0024489795918367346
N08,N11,N36,3,0.0024489795918367346
N08,N12,N29,3,0.0024489795918367346
N08,N12,N42,3,0.0024489795918367346
N08,N13,N15,3,0.0024489795918367346
N08,N13,N27,3,0.0024489795918367346
N08,N13,N30,3,0.0024489795918367346
N08,N13,N32,3,0.0024489795918367346
N08,N13,N38,3,0.0024489795918367346
N08,N13,N39,3,0.0024489795918367346
N08,N13,N40,3,0.0024489795918367346
N08,N13,N42,3,0.0024489795918367346
N08,N13,N43,3,0.0024489795918367346
N08,N14,N18,3,0.0024489795918367346
N08,N14,N29,3,0.0024489795918367346
N08,N14,N30,3,0.0024489795918367346
N08,N14,N33,3,0.0024489795918367346
N08,N14,N36,3,0.0024489795918367346
N08,N14,N38,3,0.0024489795918367346
N08,N14,N45,3,0.0024489795918367346
N08,N15,N27,3,0.0024489795918367346
N08,N15,N29,3,0.0024489795918367346
N08,N15,N31,3,0.0024489795918367346
N08,N15,N43,3,0.0024489795918367346
N08,N16,N21,3,0.0024489795918367346
N08,N16,N28,3,0.0024489795918367346
N08,N16,N31,3,0.0024489795918367346
N08,N16,N43,3,0.0024489795918367346
N08,N17,N20,3,0.0024489795918367346
N08,N17,N30,3,0.0024489795918367346
N08,N17,N33,3,0.0024489795918367346
N08,N17,N34,3,0.0024489795918367346
N08,N17,N35,3,0.0024489795918367346
N08,N17,N37,3,0.0024489795918367346
N08,N17,N44,3,0.0024489795918367346
N08,N18,N27,3,0.0024489795918367346
N08,N18,N37,3,0.0024489795918367346
N08,N18,N38,3,0.0024489795918367346
N08,N18,N44,3,0.0024489795918367346
N08,N19,N27,3,0.0024489795918367346
N08,N19,N31,3,0.0024489795918367346
N08,N19,N32,3,0.0024489795918367346
N08,N19,N42,3,0.0024489795918367346
N08,N19,N43,3,0.0024489795918367346
N08,N19,N44,3,0.0024489795918367346
N08,N19,N45,3,0.0024489795918367346
N08,N20,N27,3,0.0024489795918367346
N08,N20,N29,3,0.0024489795918367346
N08,N21,N22,3,0.0024489795918367346
N08,N21,N25,3,0.0024489795918367346
N08,N21,N27,3,0.0024489795918367346
N08,N21,N33,3,0.0024489795918367346
N08,N21,N38,3,0.0024489795918367346
N08,N21,N44,3,0.0024489795918367346
N08,N23,N31,3,0.0024489795918367346
N08,N23,N35,3,0.0024489795918367346
N08,N23,N36,3,0.0024489795918367346
N08,N23,N38,3,0.0024489795918367346
N08,N23,N39,3,0.0024489795918367346
N08,N23,N44,3,0.0024489795918367346
N08,N24,N27,3,0.0024489795918367346
N08,N24,N29,3,0.0024489795918367346
N08,N24,N31,3,0.0024489795918367346
N08,N24,N35,3,0.0024489795918367346
N08,N25,N36,3,0.0024489795918367346
N08,N25,N37,3,0.0024489795918367346
N08,N25,N42,3,0.0024489795918367346
N08,N27,N31,3,0.0024489795918367346
N08,N27,N33,3,0.0024489795918367346
N08,N27,N36,3,0.0024489795918367346
N08,N27,N41,3,0.0024489795918367346
N08,N27,N43,3,0.0024489795918367346
N08,N28,N30,3,0.0024489795918367346
N08,N28,N33,3,0.0024489795918367346
N08,N28,N37,3,0.0024489795918367346
N08,N28,N40,3,0.0024489795918367346
N08,N29,N40,3,0.0024489795918367346
N08,N30,N31,3,0.0024489795918367346
N08,N30,N34,3,0.0024489795918367346
N08,N30,N38,3,0.0024489795918367346
N08,N30,N44,3,0.0024489795918367346
N08,N30,N45,3,0.0024489795918367346
N08,N31,N34,3,0.0024489795918367346
N08,N32,N34,3,0.0024489795918367346
N08,N32,N36,3,0.0024489795918367346
N08,N32,N42,3,0.0024489795918367346
N08,N33,N42,3,0.0024489795918367346
N08,N34,N41,3,0.0024489795918367346
N08,N34,N43,3,0.0024489795918367346
N08,N35,N36,3,0.0024489795918367346
N08,N35,N40,3,0.0024489795918367346
N08,N35,N44,3,0.0024489795918367346
N08,N37,N41,3,0.0024489795918367346
N08,N37,N43,3,0.0024489795918367346
N08,N37,N45,3,0.0024489795918367346
N08,N38,N45,3,0.0024489795918367346
N08,N39,N40,3,0.0024489795918367346
N08,N39,N44,3,0.0024489795918367346
N09,N10,N12,3,0.0024489795918367346
N09,N10,N31,3,0.0024489795918367346
N09,N10,N35,3,0.0024489795918367346
N09,N10,N40,3,0.0024489795918367346
N09,N10,N44,3,0.0024489795918367346
N09,N11,N28,3,0.0024489795918367346
N09,N11,N30,3,0.0024489795918367346
N09,N12,N19,3,0.0024489795918367346
N09,N12,N20,3,0.0024489795918367346
N09,N12,N25,3,0.0024489795918367346
N09,N12,N26,3,0.0024489795918367346
N09,N12,N36,3,0.0024489795918367346
N09,N12,N38,3,0.0024489795918367346
N09,N12,N41,3,0.0024489795918367346
N09,N12,N45,3,0.0024489795918367346
N09,N14,N17,3,0.0024489795918367346
N09,N14,N26,3,0.0024489795918367346
N09,N14,N28,3,0.0024489795918367346
N09,N14,N31,3,0.0024489795918367346
N09,N14,N33,3,0.0024489795918367346
N09,N14,N44,3,0.0024489795918367346
N09,N15,N33,3,0.0024489795918367346
N09,N16,N21,3,0.0024489795918367346
N09,N16,N23,3,0.0024489795918367346
N09,N16,N24,3,0.0024489795918367346
N09,N16,N41,3,0.0024489795918367346
N09,N17,N18,3,0.0024489795918367346
N09,N17,N19,3,0.0024489795918367346
N09,N18,N21,3,0.0024489795918367346
N09,N18,N28,3,0.0024489795918367346
N09,N19,N42,3,0.0024489795918367346
N09,N20,N22,3,0.0024489795918367346
N09,N21,N27,3,0.0024489795918367346
N09,N21,N28,3,0.0024489795918367346
N09,N21,N30,3,0.0024489795918367346
N09,N21,N34,3,0.0024489795918367346
N09,N21,N40,3,0.0024489795918367346
N09,N23,N26,3,0.0024489795918367346
N09,N24,N30,3,0.0024489795918367346
N09,N24,N38,3,0.0024489795918367346
N09,N25,N31,3,0.0024489795918367346
N09,N26,N42,3,0.0024489795918367346
N09,N27,N29,3,0.0024489795918367346
N09,N27,N38,3,0.0024489795918367346
N09,N27,N39,3,0.0024489795918367346
N09,N28,N36,3,0.0024489795918367346
N09,N29,N33,3,0.0024489795918367346
N09,N29,N34,3,0.0024489795918367346
N09,N29,N37,3,0.0024489795918367346
N09,N29,N38,3,0.0024489795918367346
N09,N29,N40,3,0.0024489795918367346
N09,N30,N34,3,0.0024489795918367346
N09,N30,N35,3,0.0024489795918367346
N09,N30,N37,3,0.0024489795918367346
N09,N32,N38,3,0.0024489795918367346
N09,N33,N44,3,0.0024489795918367346
N09,N34,N35,3,0.0024489795918367346
N09,N34,N39,3,0.0024489795918367346
N09,N34,N41,3,0.0024489795918367346
N09,N35,N42,3,0.0024489795918367346
N09,N37,N38,3,0.0024489795918367346
N09,N37,N40,3,0.0024489795918367346
N09,N38,N39,3,0.0024489795918367346
N09,N40,N42,3,0.0024489795918367346
N09,N41,N43,3,0.0024489795918367346
N09,N41,N44,3,0.0024489795918367346
N10,N11,N21,3,0.0024489795918367346
N10,N11,N27,3,0.0024489795918367346
N10,N11,N28,3,0.0024489795918367346
N10,N11,N36,3,0.0024489795918367346
N10,N11,N37,3,0.0024489795918367346
N10,N12,N15,3,0.0024489795918367346
N10,N12,N20,3,0.0024489795918367346
N10,N12,N24,3,0.0024489795918367346
N10,N12,N33,3,0.0024489795918367346
N10,N12,N40,3,0.0024489795918367346
N10,N12,N44,3,0.0024489795918367346
N10,N13,N25,3,0.0024489795918367346
N10,N13,N29,3,0.0024489795918367346
N10,N13,N32,3,0.0024489795918367346
N10,N13,N33,3,0.0024489795918367346
N10,N13,N35,3,0.0024489795918367346
N10,N13,N36,3,0.0024489795918367346
N10,N13,N37,3,0.0024489795918367346
N10,N13,N38,3,0.0024489795918367346
N10,N13,N40,3,0.0024489795918367346
N10,N14,N16,3,0.0024489795918367346
N10,N14,N20,3,0.0024489795918367346
N10,N14,N21,3,0.0024489795918367346
N10,N14,N27,3,0.0024489795918367346
N10,N14,N33,3,0.0024489795918367346
N10,N14,N37,3,0.0024489795918367346
N10,N14,N38,3,0.0024489795918367346
N10,N15,N21,3,0.0024489795918367346
N10,N15,N22,3,0.0024489795918367346
N10,N15,N24,3,0.0024489795918367346
N10,N15,N30,3,0.0024489795918367346
N10,N15,N35,3,0.0024489795918367346
N10,N15,N41,3,0.0024489795918367346
N10,N15,N42,3,0.0024489795918367346
N10,N16,N18,3,0.0024489795918367346
N10,N16,N20,3,0.0024489795918367346
N10,N16,N25,3,0.0024489795918367346
N10,N16,N32,3,0.0024489795918367346
N10,N16,N37,3,0.0024489795918367346
N10,N17,N19,3,0.0024489795918367346
N10,N17,N29,3,0.0024489795918367346
N10,N17,N30,3,0.0024489795918367346
N10,N18,N21,3,0.0024489795918367346
N10,N18,N22,3,0.0024489795918367346
N10,N18,N23,3,0.0024489795918367346
N10,N18,N28,3,0.0024489795918367346
N10,N18,N30,3,0.0024489795918367346
N10,N18,N32,3,0.0024489795918367346
N10,N18,N35,3,0.0024489795918367346
N10,N19,N22,3,0.0024489795918367346
N10,N19,N23,3,0.0024489795918367346
N10,N19,N27,3,0.0024489795918367346
N10,N19,N32,3,0.0024489795918367346
N10,N19,N39,3,0.0024489795918367346
N10,N20,N33,3,0.0024489795918367346
N10,N20,N35,3,0.0024489795918367346
N10,N20,N42,3,0.0024489795918367346
N10,N22,N27,3,0.0024489795918367346
N10,N22,N34,3,0.0024489795918367346
N10,N22,N42,3,0.0024489795918367346
N10,N23,N36,3,0.0024489795918367346
N10,N24,N27,3,0.0024489795918367346
N10,N24,N35,3,0.0024489795918367346
N10,N24,N40,3,0.0024489795918367346
N10,N24,N44,3,0.0024489795918367346
N10,N24,N45,3,0.0024489795918367346
N10,N25,N29,3,0.0024489795918367346
N10,N25,N40,3,0.0024489795918367346
N10,N25,N44,3,0.0024489795918367346
N10,N27,N28,3,0.0024489795918367346
N10,N27,N31,3,0.0024489795918367346
N10,N27,N33,3,0.0024489795918367346
N10,N27,N38,3,0.0024489795918367346
N10,N28,N34,3,0.0024489795918367346
N10,N28,N44,3,0.0024489795918367346
N10,N29,N33,3,0.0024489795918367346
N10,N29,N37,3,0.0024489795918367346
N10,N29,N38,3,0.0024489795918367346
N10,N29,N44,3,0.0024489795918367346
N10,N30,N31,3,0.0024489795918367346
N10,N30,N33,3,0.0024489795918367346
N10,N31,N33,3,0.0024489795918367346
N10,N31,N34,3,0.0024489795918367346
N10,N31,N39,3,0.0024489795918367346
N10,N31,N43,3,0.0024489795918367346
N10,N33,N37,3,0.0024489795918367346
N10,N33,N40,3,0.0024489795918367346
N10,N34,N38,3,0.0024489795918367346
N10,N34,N44,3,0.0024489795918367346
N10,N35,N40,3,0.0024489795918367346
N10,N36,N38,3,0.0024489795918367346
N10,N36,N39,3,0.0024489795918367346
N10,N36,N40,3,0.0024489795918367346
N10,N40,N44,3,0.0024489795918367346
N10,N41,N44,3,0.0024489795918367346
N11,N12,N14,3,0.0024489795918367346
N11,N12,N21,3,0.0024489795918367346
N11,N12,N26,3,0.0024489795918367346
N11,N12,N29,3,0.0024489795918367346
N11,N12,N33,3,0.0024489795918367346
N11,N12,N44,3,0.0024489795918367346
N11,N13,N14,3,0.0024489795918367346
N11,N13,N20,3,0.0024489795918367346
N11,N13,N21,3,0.0024489795918367346
N11,N13,N28,3,0.0024489795918367346
N11,N13,N31,3,0.0024489795918367346
N11,N13,N37,3,0.0024489795918367346
N11,N14,N18,3,0.0024489795918367346
N11,N14,N28,3,0.0024489795918367346
N11,N14,N38,3,0.0024489795918367346
N11,N14,N39,3,0.0024489795918367346
N11,N15,N20,3,0.0024489795918367346
N11,N15,N24,3,0.0024489795918367346
N11,N15,N25,3,0.0024489795918367346
N11,N15,N45,3,0.0024489795918367346
N11,N16,N18,3,0.0024489795918367346
N11,N16,N25,3,0.0024489795918367346
N11,N16,N27,3,0.0024489795918367346
N11,N16,N29,3,0.0024489795918367346
N11,N16,N31,3,0.0024489795918367346
N11,N16,N41,3,0.0024489795918367346
N11,N17,N18,3,0.0024489795918367346
N11,N17,N24,3,0.0024489795918367346
N11,N17,N25,3,0.0024489795918367346
N11,N17,N26,3,0.0024489795918367346
N11,N17,N27,3,0.0024489795918367346
N11,N17,N28,3,0.0024489795918367346
N11,N17,N39,3,0.0024489795918367346
N11,N17,N40,3,0.0024489795918367346
N11,N17,N44,3,0.0024489795918367346
N11,N18,N27,3,0.0024489795918367346
N11,N18,N31,3,0.0024489795918367346
N11,N18,N37,3,0.0024489795918367346
N11,N18,N39,3,0.0024489795918367346
N11,N18,N43,3,0.0024489795918367346
N11,N18,N45,3,0.0024489795918367346
N11,N19,N25,3,0.0024489795918367346
N11,N19,N28,3,0.0024489795918367346
N11,N19,N32,3,0.0024489795918367346
N11,N19,N36,3,0.0024489795918367346
N11,N20,N31,3,0.0024489795918367346
N11,N20,N32,3,0.0024489795918367346
N11,N20,N41,3,0.0024489795918367346
N11,N21,N24,3,0.0024489795918367346
N11,N21,N31,3,0.0024489795918367346
N11,N21,N32,3,0.0024489795918367346
N11,N21,N34,3,0.0024489795918367346
N11,N21,N35,3,0.0024489795918367346
N11,N21,N41,3,0.0024489795918367346
N11,N22,N36,3,0.0024489795918367346
N11,N23,N37,3,0.0024489795918367346
N11,N23,N44,3,0.0024489795918367346
N11,N24,N30,3,0.0024489795918367346
N11,N24,N36,3,0.0024489795918367346
N11,N24,N37,3,0.0024489795918367346
N11,N24,N44,3,0.0024489795918367346
N11,N24,N45,3,0.0024489795918367346
N11,N25,N32,3,0.0024489795918367346
N11,N26,N31,3,0.0024489795918367346
N11,N27,N31,3,0.0024489795918367346
N11,N27,N36,3,0.0024489795918367346
N11,N28,N29,3,0.0024489795918367346
N11,N28,N34,3,0.0024489795918367346
N11,N28,N39,3,0.0024489795918367346
N11,N28,N43,3,0.0024489795918367346
N11,N28,N44,3,0.0024489795918367346
N11,N29,N38,3,0.0024489795918367346
N11,N29,N42,3,0.0024489795918367346
N11,N30,N45,3,0.0024489795918367346
N11,N31,N33,3,0.0024489795918367346
N11,N31,N37,3,0.0024489795918367346
N11,N31,N38,3,0.0024489795918367346
N11,N31,N44,3,0.0024489795918367346
N11,N32,N38,3,0.0024489795918367346
N11,N33,N37,3,0.0024489795918367346
N11,N33,N38,3,0.0024489795918367346
N11,N33,N44,3,0.0024489795918367346
N11,N35,N37,3,0.0024489795918367346
N11,N35,N39,3,0.0024489795918367346
N11,N35,N45,3,0.0024489795918367346
N11,N36,N38,3,0.0024489795918367346
N11,N37,N39,3,0.0024489795918367346
N11,N38,N44,3,0.0024489795918367346
N11,N39,N41,3,0.0024489795918367346
N11,N39,N45,3,0.0024489795918367346
N11,N42,N45,3,0.0024489795918367346
N12,N13,N15,3,0.0024489795918367346
N12,N13,N17,3,0.0024489795918367346
N12,N13,N19,3,0.0024489795918367346
N12,N13,N25,3,0.0024489795918367346
N12,N13,N29,3,0.0024489795918367346
N12,N13,N41,3,0.0024489795918367346
N12,N14,N25,3,0.0024489795918367346
N12,N14,N27,3,0.0024489795918367346
N12,N14,N33,3,0.0024489795918367346
N12,N14,N35,3,0.0024489795918367346
N12,N14,N42,3,0.0024489795918367346
N12,N14,N43,3,0.0024489795918367346
N12,N15,N19,3,0.0024489795918367346
N12,N15,N23,3,0.0024489795918367346
N12,N15,N25,3,0.0024489795918367346
N12,N15,N26,3,0.0024489795918367346
N12,N15,N28,3,0.0024489795918367346
N12,N15,N29,3,0.0024489795918367346
N12,N15,N30,3,0.0024489795918367346
N12,N15,N39,3,0.0024489795918367346
N12,N15,N42,3,0.0024489795918367346
N12,N15,N44,3,0.0024489795918367346
N12,N15,N45,3,0.0024489795918367346
N12,N16,N26,3,0.0024489795918367346
N12,N16,N30,3,0.0024489795918367346
N12,N16,N34,3,0.0024489795918367346
N12,N17,N32,3,0.0024489795918367346
N12,N17,N34,3,0.0024489795918367346
N12,N17,N41,3,0.0024489795918367346
N12,N18,N23,3,0.0024489795918367346
N12,N18,N32,3,0.0024489795918367346
N12,N18,N34,3,0.0024489795918367346
N12,N18,N38,3,0.0024489795918367346
N12,N18,N40,3,0.0024489795918367346
N12,N18,N43,3,0.0024489795918367346
N12,N19,N21,3,0.0024489795918367346
N12,N19,N22,3,0.0024489795918367346
N12,N19,N23,3,0.0024489795918367346
N12,N19,N29,3,0.0024489795918367346
N12,N19,N34,3,0.0024489795918367346
N12,N19,N39,3,0.0024489795918367346
N12,N19,N41,3,0.0024489795918367346
N12,N19,N42,3,0.0024489795918367346
N12,N19,N45,3,0.0024489795918367346
N12,N20,N25,3,0.0024489795918367346
N12,N20,N30,3,0.0024489795918367346
N12,N20,N34,3,0.0024489795918367346
N12,N20,N38,3,0.0024489795918367346
N12,N20,N45,3,0.0024489795918367346
N12,N21,N26,3,0.0024489795918367346
N12,N21,N34,3,0.0024489795918367346
N12,N21,N40,3,0.0024489795918367346
N12,N23,N30,3,0.0024489795918367346
N12,N23,N42,3,0.0024489795918367346
N12,N24,N26,3,0.0024489795918367346
N12,N24,N29,3,0.0024489795918367346
N12,N24,N30,3,0.0024489795918367346
N12,N24,N32,3,0.0024489795918367346
N12,N24,N38,3,0.0024489795918367346
N12,N24,N45,3,0.0024489795918367346
N12,N25,N29,3,0.0024489795918367346
N12,N25,N45,3,0.0024489795918367346
N12,N26,N29,3,0.0024489795918367346
N12,N26,N30,3,0.0024489795918367346
N12,N26,N34,3,0.0024489795918367346
N12,N26,N35,3,0.0024489795918367346
N12,N26,N36,3,0.0024489795918367346
N12,N26,N39,3,0.0024489795918367346
N12,N26,N44,3,0.0024489795918367346
N12,N26,N45,3,0.0024489795918367346
N12,N27,N32,3,0.0024489795918367346
N12,N28,N30,3,0.0024489795918367346
N12,N28,N34,3,0.0024489795918367346
N12,N28,N36,3,0.0024489795918367346
N12,N28,N42,3,0.0024489795918367346
N12,N29,N38,3,0.0024489795918367346
N12,N30,N37,3,0.0024489795918367346
N12,N31,N32,3,0.0024489795918367346
N12,N31,N33,3,0.0024489795918367346
N12,N31,N35,3,0.0024489795918367346
N12,N32,N33,3,0.0024489795918367346
N12,N32,N39,3,0.0024489795918367346
N12,N32,N40,3,0.0024489795918367346
N12,N32,N41,3,0.0024489795918367346
N12,N32,N42,3,0.0024489795918367346
N12,N33,N39,3,0.0024489795918367346
N12,N33,N44,3,0.0024489795918367346
N12,N34,N37,3,0.0024489795918367346
N12,N35,N43,3,0.0024489795918367346
N12,N36,N45,3,0.0024489795918367346
N12,N37,N41,3,0.0024489795918367346
N12,N38,N43,3,0.0024489795918367346
N12,N38,N45,3,0.0024489795918367346
N12,N40,N41,3,0.0024489795918367346
N12,N40,N45,3,0.0024489795918367346
N12,N41,N45,3,0.0024489795918367346
N12,N42,N45,3,0.0024489795918367346
N13,N14,N17,3,0.0024489795918367346
N13,N14,N20,3,0.0024489795918367346
N13,N14,N28,3,0.0024489795918367346
N13,N14,N34,3,0.0024489795918367346
N13,N14,N38,3,0.0024489795918367346
N13,N14,N41,3,0.0024489795918367346
N13,N14,N43,3,0.0024489795918367346
N13,N15,N16,3,0.0024489795918367346
N13,N15,N21,3,0.0024489795918367346
N13,N15,N29,3,0.0024489795918367346
N13,N15,N33,3,0.0024489795918367346
N13,N15,N37,3,0.0024489795918367346
N13,N15,N45,3,0.0024489795918367346
N13,N16,N23,3,0.0024489795918367346
N13,N16,N25,3,0.0024489795918367346
N13,N16,N33,3,0.0024489795918367346
N13,N16,N36,3,0.0024489795918367346
N13,N16,N43,3,0.0024489795918367346
N13,N17,N28,3,0.0024489795918367346
N13,N17,N33,3,0.0024489795918367346
N13,N17,N34,3,0.0024489795918367346
N13,N17,N42,3,0.0024489795918367346
N13,N18,N21,3,0.0024489795918367346
N13,N18,N26,3,0.0024489795918367346
N13,N18,N34,3,0.0024489795918367346
N13,N18,N35,3,0.0024489795918367346
N13,N18,N42,3,0.0024489795918367346
N13,N18,N44,3,0.0024489795918367346
N13,N19,N21,3,0.0024489795918367346
N13,N19,N32,3,0.0024489795918367346
N13,N19,N33,3,0.0024489795918367346
N13,N19,N40,3,0.0024489795918367346
N13,N19,N43,3,0.0024489795918367346
N13,N20,N24,3,0.0024489795918367346
N13,N20,N28,3,0.0024489795918367346
N13,N20,N32,3,0.0024489795918367346
N13,N20,N33,3,0.0024489795918367346
N13,N20,N36,3,0.0024489795918367346
N13,N20,N41,3,0.0024489795918367346
N13,N20,N44,3,0.0024489795918367346
N13,N21,N32,3,0.0024489795918367346
N13,N21,N34,3,0.0024489795918367346
N13,N21,N37,3,0.0024489795918367346
N13,N21,N43,3,0.0024489795918367346
N13,N21,N45,3,0.0024489795918367346
N13,N22,N37,3,0.0024489795918367346
N13,N22,N38,3,0.0024489795918367346
N13,N23,N43,3,0.0024489795918367346
N13,N24,N25,3,0.0024489795918367346
N13,N24,N29,3,0.0024489795918367346
N13,N24,N32,3,0.0024489795918367346
N13,N24,N35,3,0.0024489795918367346
N13,N24,N37,3,0.0024489795918367346
N13,N26,N28,3,0.0024489795918367346
N13,N26,N37,3,0.0024489795918367346
N13,N26,N40,3,0.0024489795918367346
N13,N26,N43,3,0.0024489795918367346
N13,N27,N34,3,0.0024489795918367346
N13,N28,N30,3,0.0024489795918367346
N13,N28,N37,3,0.0024489795918367346
N13,N28,N38,3,0.0024489795918367346
N13,N28,N40,3,0.0024489795918367346
N13,N28,N42,3,0.0024489795918367346
N13,N29,N33,3,0.0024489795918367346
N13,N29,N40,3,0.0024489795918367346
N13,N30,N38,3,0.0024489795918367346
N13,N30,N39,3,0.0024489795918367346
N13,N30,N41,3,0.0024489795918367346
N13,N30,N45,3,0.0024489795918367346
N13,N31,N36,3,0.0024489795918367346
N13,N31,N44,3,0.0024489795918367346
N13,N32,N44,3,0.0024489795918367346
N13,N32,N45,3,0.0024489795918367346
N13,N33,N41,3,0.0024489795918367346
N13,N34,N42,3,0.0024489795918367346
N13,N34,N44,3,0.0024489795918367346
N13,N36,N45,3,0.0024489795918367346
N13,N38,N43,3,0.0024489795918367346
N13,N39,N43,3,0.0024489795918367346
N13,N40,N45,3,0.0024489795918367346
N13,N42,N45,3,0.0024489795918367346
N13,N43,N45,3,0.0024489795918367346
N13,N44,N45,3,0.0024489795918367346
N14,N15,N16,3,0.0024489795918367346
N14,N15,N17,3,0.0024489795918367346
N14,N15,N24,3,0.0024489795918367346
N14,N15,N25,3,0.0024489795918367346
N14,N15,N30,3,0.0024489795918367346
N14,N15,N32,3,0.0024489795918367346
N14,N15,N38,3,0.0024489795918367346
N14,N15,N39,3,0.0024489795918367346
N14,N16,N21,3,0.0024489795918367346
N14,N16,N27,3,0.0024489795918367346
N14,N16,N29,3,0.0024489795918367346
N14,N16,N45,3,0.0024489795918367346
N14,N17,N20,3,0.0024489795918367346
N14,N17,N24,3,0.0024489795918367346
N14,N17,N31,3,0.0024489795918367346
N14,N17,N38,3,0.0024489795918367346
N14,N18,N22,3,0.0024489795918367346
N14,N18,N28,3,0.0024489795918367346
N14,N18,N29,3,0.0024489795918367346
N14,N18,N35,3,0.0024489795918367346
N14,N18,N37,3,0.0024489795918367346
N14,N18,N39,3,0.0024489795918367346
N14,N19,N21,3,0.0024489795918367346
N14,N19,N25,3,0.0024489795918367346
N14,N19,N26,3,0.0024489795918367346
N14,N19,N34,3,0.0024489795918367346
N14,N20,N23,3,0.0024489795918367346
N14,N21,N23,3,0.0024489795918367346
N14,N21,N30,3,0.0024489795918367346
N14,N21,N32,3,0.0024489795918367346
N14,N22,N26,3,0.0024489795918367346
N14,N22,N30,3,0.0024489795918367346
N14,N22,N33,3,0.0024489795918367346
N14,N22,N35,3,0.0024489795918367346
N14,N22,N37,3,0.0024489795918367346
N14,N22,N38,3,0.0024489795918367346
N14,N22,N39,3,0.0024489795918367346
N14,N23,N25,3,0.0024489795918367346
N14,N23,N28,3,0.0024489795918367346
N14,N23,N38,3,0.0024489795918367346
N14,N23,N43,3,0.0024489795918367346
N14,N23,N45,3,0.0024489795918367346
N14,N24,N40,3,0.0024489795918367346
N14,N25,N31,3,0.0024489795918367346
N14,N25,N34,3,0.0024489795918367346
N14,N25,N43,3,0.0024489795918367346
N14,N25,N44,3,0.0024489795918367346
N14,N26,N27,3,0.0024489795918367346
N14,N26,N28,3,0.0024489795918367346
N14,N26,N34,3,0.0024489795918367346
N14,N26,N35,3,0.0024489795918367346
N14,N26,N40,3,0.0024489795918367346
N14,N26,N42,3,0.0024489795918367346
N14,N26,N44,3,0.0024489795918367346
N14,N26,N45,3,0.0024489795918367346
N14,N27,N31,3,0.0024489795918367346
N14,N27,N33,3,0.0024489795918367346
N14,N28,N29,3,0.0024489795918367346
N14,N29,N32,3,0.0024489795918367346
N14,N29,N34,3,0.0024489795918367346
N14,N30,N39,3,0.0024489795918367346
N14,N30,N40,3,0.0024489795918367346
N14,N30,N45,3,0.0024489795918367346
N14,N31,N32,3,0.0024489795918367346
N14,N31,N33,3,0.0024489795918367346
N14,N32,N33,3,0.0024489795918367346
N14,N32,N39,3,0.0024489795918367346
N14,N32,N45,3,0.0024489795918367346
N14,N33,N34,3,0.0024489795918367346
N14,N34,N40,3,0.0024489795918367346
N14,N34,N44,3,0.0024489795918367346
N14,N36,N45,3,0.0024489795918367346
N14,N37,N38,3,0.0024489795918367346
N14,N37,N45,3,0.0024489795918367346
N14,N39,N43,3,0.0024489795918367346
N14,N40,N41,3,0.0024489795918367346
N14,N40,N43,3,0.0024489795918367346
N14,N40,N44,3,0.0024489795918367346
N15,N16,N17,3,0.0024489795918367346
N15,N16,N20,3,0.0024489795918367346
N15,N16,N22,3,0.0024489795918367346
N15,N16,N43,3,0.0024489795918367346
N15,N17,N23,3,0.0024489795918367346
N15,N17,N34,3,0.0024489795918367346
N15,N18,N26,3,0.0024489795918367346
N15,N18,N35,3,0.0024489795918367346
N15,N19,N23,3,0.0024489795918367346
N15,N19,N27,3,0.0024489795918367346
N15,N19,N28,3,0.0024489795918367346
N15,N19,N36,3,0.0024489795918367346
N15,N19,N41,3,0.0024489795918367346
N15,N19,N45,3,0.0024489795918367346
N15,N20,N23,3,0.0024489795918367346
N15,N20,N24,3,0.0024489795918367346
N15,N20,N26,3,0.0024489795918367346
N15,N20,N35,3,0.0024489795918367346
N15,N20,N44,3,0.0024489795918367346
N15,N21,N25,3,0.0024489795918367346
N15,N21,N26,3,0.0024489795918367346
N15,N21,N28,3,0.0024489795918367346
N15,N21,N32,3,0.0024489795918367346
N15,N21,N35,3,0.0024489795918367346
N15,N21,N45,3,0.0024489795918367346
N15,N22,N23,3,0.0024489795918367346
N15,N22,N25,3,0.0024489795918367346
N15,N22,N28,3,0.0024489795918367346
N15,N22,N34,3,0.0024489795918367346
N15,N22,N41,3,0.0024489795918367346
N15,N23,N29,3,0.0024489795918367346
N15,N23,N40,3,0.0024489795918367346
N15,N24,N27,3,0.0024489795918367346
N15,N24,N32,3,0.0024489795918367346
N15,N24,N36,3,0.0024489795918367346
N15,N24,N45,3,0.0024489795918367346
N15,N25,N30,3,0.0024489795918367346
N15,N25,N41,3,0.0024489795918367346
N15,N26,N34,3,0.0024489795918367346
N15,N26,N39,3,0.0024489795918367346
N15,N26,N40,3,0.0024489795918367346
N15,N27,N29,3,0.0024489795918367346
N15,N27,N30,3,0.0024489795918367346
N15,N27,N42,3,0.0024489795918367346
N15,N28,N40,3,0.0024489795918367346
N15,N28,N42,3,0.0024489795918367346
N15,N29,N39,3,0.0024489795918367346
N15,N29,N40,3,0.0024489795918367346
N15,N30,N45,3,0.0024489795918367346
N15,N31,N33,3,0.0024489795918367346
N15,N32,N36,3,0.0024489795918367346
N15,N33,N37,3,0.0024489795918367346
N15,N33,N43,3,0.0024489795918367346
N15,N34,N36,3,0.0024489795918367346
N15,N34,N40,3,0.0024489795918367346
N15,N35,N43,3,0.0024489795918367346
N15,N37,N40,3,0.0024489795918367346
N15,N37,N43,3,0.0024489795918367346
N15,N37,N45,3,0.0024489795918367346
N15,N38,N43,3,0.0024489795918367346
N15,N39,N44,3,0.0024489795918367346
N15,N40,N44,3,0.0024489795918367346
N15,N42,N44,3,0.0024489795918367346
N16,N17,N28,3,0.0024489795918367346
N16,N17,N31,3,0.0024489795918367346
N16,N17,N39,3,0.0024489795918367346
N16,N17,N40,3,0.0024489795918367346
N16,N17,N45,3,0.0024489795918367346
N16,N19,N20,3,0.0024489795918367346
N16,N19,N21,3,0.0024489795918367346
N16,N19,N24,3,0.0024489795918367346
N16,N19,N25,3,0.0024489795918367346
N16,N19,N31,3,0.0024489795918367346
N16,N19,N34,3,0.0024489795918367346
N16,N19,N43,3,0.0024489795918367346
N16,N20,N26,3,0.0024489795918367346
N16,N20,N41,3,0.0024489795918367346
N16,N21,N27,3,0.0024489795918367346
N16,N21,N43,3,0.0024489795918367346
N16,N23,N29,3,0.0024489795918367346
N16,N23,N31,3,0.0024489795918367346
N16,N23,N36,3,0.0024489795918367346
N16,N23,N41,3,0.0024489795918367346
N16,N23,N43,3,0.0024489795918367346
N16,N23,N44,3,0.0024489795918367346
N16,N23,N45,3,0.0024489795918367346
N16,N24,N27,3,0.0024489795918367346
N16,N24,N28,3,0.0024489795918367346
N16,N24,N29,3,0.0024489795918367346
N16,N24,N30,3,0.0024489795918367346
N16,N25,N30,3,0.0024489795918367346
N16,N25,N33,3,0.0024489795918367346
N16,N25,N40,3,0.0024489795918367346
N16,N25,N43,3,0.0024489795918367346
N16,N26,N29,3,0.0024489795918367346
N16,N26,N42,3,0.0024489795918367346
N16,N26,N44,3,0.0024489795918367346
N16,N27,N33,3,0.0024489795918367346
N16,N27,N36,3,0.0024489795918367346
N16,N27,N45,3,0.0024489795918367346
N16,N28,N36,3,0.0024489795918367346
N16,N28,N39,3,0.0024489795918367346
N16,N29,N35,3,0.0024489795918367346
N16,N29,N36,3,0.0024489795918367346
N16,N30,N42,3,0.0024489795918367346
N16,N30,N43,3,0.0024489795918367346
N16,N31,N43,3,0.0024489795918367346
N16,N33,N36,3,0.0024489795918367346
N16,N33,N39,3,0.0024489795918367346
N16,N33,N41,3,0.0024489795918367346
N16,N35,N39,3,0.0024489795918367346
N16,N36,N38,3,0.0024489795918367346
N16,N36,N40,3,0.0024489795918367346
N16,N36,N42,3,0.0024489795918367346
N16,N36,N44,3,0.0024489795918367346
N16,N37,N40,3,0.0024489795918367346
N16,N37,N43,3,0.0024489795918367346
N16,N39,N40,3,0.0024489795918367346
N16,N40,N43,3,0.0024489795918367346
N16,N41,N43,3,0.0024489795918367346
N16,N41,N44,3,0.0024489795918367346
N16,N41,N45,3,0.0024489795918367346
N16,N42,N44,3,0.0024489795918367346
N17,N18,N19,3,0.0024489795918367346
N17,N18,N26,3,0.0024489795918367346
N17,N18,N29,3,0.0024489795918367346
N17,N18,N32,3,0.0024489795918367346
N17,N18,N33,3,0.0024489795918367346
N17,N18,N39,3,0.0024489795918367346
N17,N18,N45,3,0.0024489795918367346
N17,N19,N21,3,0.0024489795918367346
N17,N19,N22,3,0.0024489795918367346
N17,N19,N23,3,0.0024489795918367346
N17,N19,N24,3,0.0024489795918367346
N17,N19,N34,3,0.0024489795918367346
N17,N19,N42,3,0.0024489795918367346
N17,N20,N26,3,0.0024489795918367346
N17,N20,N36,3,0.0024489795918367346
N17,N20,N37,3,0.0024489795918367346
N17,N21,N24,3,0.0024489795918367346
N17,N21,N25,3,0.0024489795918367346
N17,N21,N29,3,0.0024489795918367346
N17,N22,N43,3,0.0024489795918367346
N17,N23,N27,3,0.0024489795918367346
N17,N23,N34,3,0.0024489795918367346
N17,N23,N36,3,0.0024489795918367346
N17,N23,N38,3,0.0024489795918367346
N17,N23,N41,3,0.0024489795918367346
N17,N24,N26,3,0.0024489795918367346
N17,N24,N31,3,0.0024489795918367346
N17,N24,N40,3,0.0024489795918367346
N17,N24,N45,3,0.0024489795918367346
N17,N25,N36,3,0.0024489795918367346
N17,N25,N43,3,0.0024489795918367346
N17,N25,N44,3,0.0024489795918367346
N17,N26,N30,3,0.0024489795918367346
N17,N27,N38,3,0.0024489795918367346
N17,N27,N39,3,0.0024489795918367346
N17,N28,N29,3,0.0024489795918367346
N17,N28,N36,3,0.0024489795918367346
N17,N28,N40,3,0.0024489795918367346
N17,N29,N31,3,0.0024489795918367346
N17,N29,N33,3,0.0024489795918367346
N17,N29,N44,3,0.0024489795918367346
N17,N30,N34,3,0.0024489795918367346
N17,N30,N35,3,0.0024489795918367346
N17,N30,N37,3,0.0024489795918367346
N17,N30,N40,3,0.0024489795918367346
N17,N30,N45,3,0.0024489795918367346
N17,N31,N32,3,0.0024489795918367346
N17,N31,N33,3,0.0024489795918367346
N17,N31,N34,3,0.0024489795918367346
N17,N31,N37,3,0.0024489795918367346
N17,N31,N40,3,0.0024489795918367346
N17,N31,N43,3,0.0024489795918367346
N17,N32,N33,3,0.0024489795918367346
N17,N32,N34,3,0.0024489795918367346
N17,N32,N44,3,0.0024489795918367346
N17,N32,N45,3,0.0024489795918367346
N17,N34,N39,3,0.0024489795918367346
N17,N34,N42,3,0.0024489795918367346
N17,N35,N44,3,0.0024489795918367346
N17,N35,N45,3,0.0024489795918367346
N17,N36,N44,3,0.0024489795918367346
N17,N37,N39,3,0.0024489795918367346
N17,N37,N40,3,0.0024489795918367346
N17,N38,N44,3,0.0024489795918367346
N17,N39,N45,3,0.0024489795918367346
N17,N42,N45,3,0.0024489795918367346
N17,N43,N44,3,0.0024489795918367346
N18,N19,N39,3,0.0024489795918367346
N18,N20,N24,3,0.0024489795918367346
N18,N20,N25,3,0.0024489795918367346
N18,N20,N26,3,0.0024489795918367346
N18,N20,N30,3,0.0024489795918367346
N18,N20,N31,3,0.0024489795918367346
N18,N20,N32,3,0.0024489795918367346
N18,N20,N34,3,0.0024489795918367346
N18,N20,N36,3,0.0024489795918367346
N18,N20,N45,3,0.0024489795918367346
N18,N21,N23,3,0.0024489795918367346
N18,N21,N27,3,0.0024489795918367346
N18,N21,N35,3,0.0024489795918367346
N18,N21,N36,3,0.0024489795918367346
N18,N21,N37,3,0.0024489795918367346
N18,N21,N38,3,0.0024489795918367346
N18,N21,N44,3,0.0024489795918367346
N18,N22,N23,3,0.0024489795918367346
N18,N22,N38,3,0.0024489795918367346
N18,N22,N44,3,0.0024489795918367346
N18,N23,N26,3,0.0024489795918367346
N18,N23,N27,3,0.0024489795918367346
N18,N23,N32,3,0.0024489795918367346
N18,N23,N34,3,0.0024489795918367346
N18,N23,N39,3,0.0024489795918367346
N18,N24,N26,3,0.0024489795918367346
N18,N24,N29,3,0.0024489795918367346
N18,N24,N34,3,0.0024489795918367346
N18,N24,N39,3,0.0024489795918367346
N18,N24,N40,3,0.0024489795918367346
N18,N25,N31,3,0.0024489795918367346
N18,N26,N31,3,0.0024489795918367346
N18,N26,N34,3,0.0024489795918367346
N18,N26,N39,3,0.0024489795918367346
N18,N26,N40,3,0.0024489795918367346
N18,N27,N29,3,0.0024489795918367346
N18,N27,N40,3,0.0024489795918367346
N18,N28,N42,3,0.0024489795918367346
N18,N29,N32,3,0.0024489795918367346
N18,N29,N38,3,0.0024489795918367346
N18,N29,N39,3,0.0024489795918367346
N18,N29,N43,3,0.0024489795918367346
N18,N29,N44,3,0.0024489795918367346
N18,N30,N32,3,0.0024489795918367346
N18,N30,N38,3,0.0024489795918367346
N18,N30,N42,3,0.0024489795918367346
N18,N30,N43,3,0.0024489795918367346
N18,N31,N40,3,0.0024489795918367346
N18,N32,N33,3,0.0024489795918367346
N18,N32,N34,3,0.0024489795918367346
N18,N32,N37,3,0.0024489795918367346
N18,N32,N44,3,0.0024489795918367346
N18,N32,N45,3,0.0024489795918367346
N18,N33,N34,3,0.0024489795918367346
N18,N33,N45,3,0.0024489795918367346
N18,N34,N40,3,0.0024489795918367346
N18,N34,N44,3,0.0024489795918367346
N18,N34,N45,3,0.0024489795918367346
N18,N35,N39,3,0.0024489795918367346
N18,N35,N42,3,0.0024489795918367346
N18,N36,N39,3,0.0024489795918367346
N18,N37,N42,3,0.0024489795918367346
N18,N38,N43,3,0.0024489795918367346
N18,N38,N45,3,0.0024489795918367346
N18,N39,N43,3,0.0024489795918367346
N18,N39,N44,3,0.0024489795918367346
N18,N40,N45,3,0.0024489795918367346
N18,N44,N45,3,0.0024489795918367346
N19,N20,N24,3,0.0024489795918367346
N19,N20,N34,3,0.0024489795918367346
N19,N20,N41,3,0.0024489795918367346
N19,N21,N27,3,0.0024489795918367346
N19,N21,N33,3,0.0024489795918367346
N19,N21,N35,3,0.0024489795918367346
N19,N21,N44,3,0.0024489795918367346
N19,N22,N25,3,0.0024489795918367346
N19,N22,N40,3,0.0024489795918367346
N19,N22,N42,3,0.0024489795918367346
N19,N23,N24,3,0.0024489795918367346
N19,N23,N25,3,0.0024489795918367346
N19,N23,N37,3,0.0024489795918367346
N19,N24,N34,3,0.0024489795918367346
N19,N24,N39,3,0.0024489795918367346
N19,N24,N41,3,0.0024489795918367346
N19,N24,N44,3,0.0024489795918367346
N19,N24,N45,3,0.0024489795918367346
N19,N25,N26,3,0.0024489795918367346
N19,N25,N36,3,0.0024489795918367346
N19,N25,N37,3,0.0024489795918367346
N19,N25,N41,3,0.0024489795918367346
N19,N25,N43,3,0.0024489795918367346
N19,N26,N30,3,0.0024489795918367346
N19,N26,N43,3,0.0024489795918367346
N19,N26,N45,3,0.0024489795918367346
N19,N28,N32,3,0.0024489795918367346
N19,N28,N34,3,0.0024489795918367346
N19,N28,N41,3,0.0024489795918367346
N19,N28,N43,3,0.0024489795918367346
N19,N30,N33,3,0.0024489795918367346
N19,N30,N35,3,0.0024489795918367346
N19,N30,N38,3,0.0024489795918367346
N19,N30,N42,3,0.0024489795918367346
N19,N31,N34,3,0.0024489795918367346
N19,N31,N36,3,0.0024489795918367346
N19,N32,N33,3,0.0024489795918367346
N19,N32,N42,3,0.0024489795918367346
N19,N33,N35,3,0.0024489795918367346
N19,N34,N39,3,0.0024489795918367346
N19,N35,N40,3,0.0024489795918367346
N19,N37,N38,3,0.0024489795918367346
N19,N37,N43,3,0.0024489795918367346
N19,N38,N42,3,0.0024489795918367346
N19,N38,N43,3,0.0024489795918367346
N19,N40,N45,3,0.0024489795918367346
N19,N41,N45,3,0.0024489795918367346
N19,N44,N45,3,0.0024489795918367346
N20,N21,N25,3,0.0024489795918367346
N20,N21,N34,3,0.0024489795918367346
N20,N21,N39,3,0.0024489795918367346
N20,N22,N25,3,0.0024489795918367346
N20,N22,N37,3,0.0024489795918367346
N20,N22,N43,3,0.0024489795918367346
N20,N23,N28,3,0.0024489795918367346
N20,N23,N29,3,0.0024489795918367346
N20,N23,N35,3,0.0024489795918367346
N20,N23,N36,3,0.0024489795918367346
N20,N23,N38,3,0.0024489795918367346
N20,N23,N39,3,0.0024489795918367346
N20,N24,N27,3,0.0024489795918367346
N20,N24,N33,3,0.0024489795918367346
N20,N24,N36,3,0.0024489795918367346
N20,N25,N28,3,0.0024489795918367346
N20,N25,N36,3,0.0024489795918367346
N20,N26,N28,3,0.0024489795918367346
N20,N26,N36,3,0.0024489795918367346
N20,N26,N37,3,0.0024489795918367346
N20,N26,N44,3,0.0024489795918367346
N20,N27,N40,3,0.0024489795918367346
N20,N28,N36,3,0.0024489795918367346
N20,N28,N40,3,0.0024489795918367346
N20,N28,N43,3,0.0024489795918367346
N20,N28,N44,3,0.0024489795918367346
N20,N29,N33,3,0.0024489795918367346
N20,N29,N34,3,0.0024489795918367346
N20,N29,N38,3,0.0024489795918367346
N20,N30,N31,3,0.0024489795918367346
N20,N30,N33,3,0.0024489795918367346
N20,N30,N35,3,0.0024489795918367346
N20,N30,N41,3,0.0024489795918367346
N20,N30,N45,3,0.0024489795918367346
N20,N31,N40,3,0.0024489795918367346
N20,N31,N42,3,0.0024489795918367346
N20,N31,N45,3,0.0024489795918367346
N20,N32,N44,3,0.0024489795918367346
N20,N33,N36,3,0.0024489795918367346
N20,N33,N37,3,0.0024489795918367346
N20,N33,N39,3,0.0024489795918367346
N20,N34,N45,3,0.0024489795918367346
N20,N35,N36,3,0.0024489795918367346
N20,N35,N37,3,0.0024489795918367346
N20,N35,N38,3,0.0024489795918367346
N20,N35,N39,3,0.0024489795918367346
N20,N36,N43,3,0.0024489795918367346
N20,N36,N45,3,0.0024489795918367346
N20,N38,N44,3,0.0024489795918367346
N20,N40,N43,3,0.0024489795918367346
N21,N22,N25,3,0.0024489795918367346
N21,N22,N26,3,0.0024489795918367346
N21,N22,N36,3,0.0024489795918367346
N21,N23,N44,3,0.0024489795918367346
N21,N24,N27,3,0.0024489795918367346
N21,N24,N30,3,0.0024489795918367346
N21,N25,N27,3,0.0024489795918367346
N21,N25,N28,3,0.0024489795918367346
N21,N25,N30,3,0.0024489795918367346
N21,N25,N32,3,0.0024489795918367346
N21,N25,N34,3,0.0024489795918367346
N21,N25,N37,3,0.0024489795918367346
N21,N25,N38,3,0.0024489795918367346
N21,N25,N39,3,0.0024489795918367346
N21,N25,N44,3,0.0024489795918367346
N21,N25,N45,3,0.0024489795918367346
N21,N26,N27,3,0.0024489795918367346
N21,N26,N34,3,0.0024489795918367346
N21,N26,N35,3,0.0024489795918367346
N21,N26,N42,3,0.0024489795918367346
N21,N26,N43,3,0.0024489795918367346
N21,N27,N29,3,0.0024489795918367346
N21,N27,N33,3,0.0024489795918367346
N21,N27,N34,3,0.0024489795918367346
N21,N27,N36,3,0.0024489795918367346
N21,N27,N37,3,0.0024489795918367346
N21,N27,N45,3,0.0024489795918367346
N21,N29,N37,3,0.0024489795918367346
N21,N30,N33,3,0.0024489795918367346
N21,N30,N34,3,0.0024489795918367346
N21,N30,N37,3,0.0024489795918367346
N21,N30,N42,3,0.0024489795918367346
N21,N30,N45,3,0.0024489795918367346
N21,N31,N32,3,0.0024489795918367346
N21,N31,N37,3,0.0024489795918367346
N21,N32,N35,3,0.0024489795918367346
N21,N32,N40,3,0.0024489795918367346
N21,N32,N42,3,0.0024489795918367346
N21,N33,N34,3,0.0024489795918367346
N21,N33,N35,3,0.0024489795918367346
N21,N33,N37,3,0.0024489795918367346
N21,N33,N42,3,0.0024489795918367346
N21,N34,N35,3,0.0024489795918367346
N21,N34,N37,3,0.0024489795918367346
N21,N35,N37,3,0.0024489795918367346
N21,N35,N38,3,0.0024489795918367346
N21,N35,N42,3,0.0024489795918367346
N21,N35,N44,3,0.0024489795918367346
N21,N36,N37,3,0.0024489795918367346
N21,N36,N41,3,0.0024489795918367346
N21,N36,N43,3,0.0024489795918367346
N21,N36,N45,3,0.0024489795918367346
N21,N38,N43,3,0.0024489795918367346
N21,N38,N44,3,0.0024489795918367346
N21,N39,N44,3,0.0024489795918367346
N21,N39,N45,3,0.0024489795918367346
N21,N40,N45,3,0.0024489795918367346
N21,N44,N45,3,0.0024489795918367346
N22,N23,N25,3,0.0024489795918367346
N22,N23,N44,3,0.0024489795918367346
N22,N24,N36,3,0.0024489795918367346
N22,N25,N37,3,0.0024489795918367346
N22,N25,N38,3,0.0024489795918367346
N22,N27,N31,3,0.0024489795918367346
N22,N27,N38,3,0.0024489795918367346
N22,N27,N42,3,0.0024489795918367346
N22,N28,N40,3,0.0024489795918367346
N22,N29,N34,3,0.0024489795918367346
N22,N30,N34,3,0.0024489795918367346
N22,N31,N42,3,0.0024489795918367346
N22,N31,N45,3,0.0024489795918367346
N22,N32,N45,3,0.0024489795918367346
N22,N33,N37,3,0.0024489795918367346
N22,N33,N42,3,0.0024489795918367346
N22,N34,N39,3,0.0024489795918367346
N22,N34,N40,3,0.0024489795918367346
N22,N34,N45,3,0.0024489795918367346
N22,N36,N44,3,0.0024489795918367346
N22,N37,N40,3,0.0024489795918367346
N22,N38,N44,3,0.0024489795918367346
N23,N24,N43,3,0.0024489795918367346
N23,N24,N44,3,0.0024489795918367346
N23,N25,N40,3,0.0024489795918367346
N23,N26,N44,3,0.0024489795918367346
N23,N26,N45,3,0.0024489795918367346
N23,N27,N29,3,0.0024489795918367346
N23,N27,N38,3,0.0024489795918367346
N23,N27,N40,3,0.0024489795918367346
N23,N27,N42,3,0.0024489795918367346
N23,N27,N43,3,0.0024489795918367346
N23,N29,N40,3,0.0024489795918367346
N23,N29,N42,3,0.0024489795918367346
N23,N30,N44,3,0.0024489795918367346
N23,N31,N35,3,0.0024489795918367346
N23,N31,N36,3,0.0024489795918367346
N23,N31,N37,3,0.0024489795918367346
N23,N31,N39,3,0.0024489795918367346
N23,N34,N45,3,0.0024489795918367346
N23,N35,N38,3,0.0024489795918367346
N23,N37,N42,3,0.0024489795918367346
N23,N37,N45,3,0.0024489795918367346
N23,N38,N40,3,0.0024489795918367346
N23,N38,N42,3,0.0024489795918367346
N23,N38,N43,3,0.0024489795918367346
N23,N39,N44,3,0.0024489795918367346
N23,N42,N45,3,0.0024489795918367346
N24,N26,N37,3,0.0024489795918367346
N24,N27,N28,3,0.0024489795918367346
N24,N27,N30,3,0.0024489795918367346
N24,N27,N31,3,0.0024489795918367346
N24,N27,N32,3,0.0024489795918367346
N24,N27,N44,3,0.0024489795918367346
N24,N28,N30,3,0.0024489795918367346
N24,N29,N34,3,0.0024489795918367346
N24,N29,N38,3,0.0024489795918367346
N24,N29,N44,3,0.0024489795918367346
N24,N30,N31,3,0.0024489795918367346
N24,N30,N34,3,0.0024489795918367346
N24,N30,N45,3,0.0024489795918367346
N24,N31,N32,3,0.0024489795918367346
N24,N32,N39,3,0.0024489795918367346
N24,N33,N37,3,0.0024489795918367346
N24,N34,N35,3,0.0024489795918367346
N24,N34,N38,3,0.0024489795918367346
N24,N34,N42,3,0.0024489795918367346
N24,N35,N36,3,0.0024489795918367346
N24,N35,N37,3,0.0024489795918367346
N24,N35,N45,3,0.0024489795918367346
N24,N36,N39,3,0.0024489795918367346
N24,N38,N40,3,0.0024489795918367346
N24,N38,N44,3,0.0024489795918367346
N24,N38,N45,3,0.0024489795918367346
N24,N39,N44,3,0.0024489795918367346
N24,N39,N45,3,0.0024489795918367346
N24,N40,N41,3,0.0024489795918367346
N24,N41,N43,3,0.0024489795918367346
N24,N41,N44,3,0.0024489795918367346
N24,N42,N44,3,0.0024489795918367346
N24,N42,N45,3,0.0024489795918367346
N24,N43,N44,3,0.0024489795918367346
N25,N26,N27,3,0.0024489795918367346
N25,N26,N36,3,0.0024489795918367346
N25,N26,N43,3,0.0024489795918367346
N25,N27,N29,3,0.0024489795918367346
N25,N27,N35,3,0.0024489795918367346
N25,N28,N29,3,0.0024489795918367346
N25,N28,N43,3,0.0024489795918367346
N25,N29,N34,3,0.0024489795918367346
N25,N29,N42,3,0.0024489795918367346
N25,N30,N32,3,0.0024489795918367346
N25,N31,N34,3,0.0024489795918367346
N25,N31,N36,3,0.0024489795918367346
N25,N31,N44,3,0.0024489795918367346
N25,N33,N35,3,0.0024489795918367346
N25,N33,N38,3,0.0024489795918367346
N25,N34,N37,3,0.0024489795918367346
N25,N36,N38,3,0.0024489795918367346
N25,N36,N43,3,0.0024489795918367346
N25,N37,N38,3,0.0024489795918367346
N25,N38,N39,3,0.0024489795918367346
N25,N39,N40,3,0.0024489795918367346
N25,N39,N44,3,0.0024489795918367346
N25,N42,N43,3,0.0024489795918367346
N26,N27,N35,3,0.0024489795918367346
N26,N27,N38,3,0.0024489795918367346
N26,N27,N40,3,0.0024489795918367346
N26,N27,N44,3,0.0024489795918367346
N26,N28,N30,3,0.0024489795918367346
N26,N28,N34,3,0.0024489795918367346
N26,N28,N36,3,0.0024489795918367346
N26,N28,N40,3,0.0024489795918367346
N26,N28,N41,3,0.0024489795918367346
N26,N28,N42,3,0.0024489795918367346
N26,N28,N43,3,0.0024489795918367346
N26,N29,N30,3,0.0024489795918367346
N26,N29,N34,3,0.0024489795918367346
N26,N29,N38,3,0.0024489795918367346
N26,N29,N40,3,0.0024489795918367346
N26,N29,N44,3,0.0024489795918367346
N26,N30,N35,3,0.0024489795918367346
N26,N30,N41,3,0.0024489795918367346
N26,N30,N42,3,0.0024489795918367346
N26,N30,N43,3,0.0024489795918367346
N26,N31,N34,3,0.0024489795918367346
N26,N31,N37,3,0.0024489795918367346
N26,N31,N38,3,0.0024489795918367346
N26,N31,N40,3,0.0024489795918367346
N26,N31,N41,3,0.0024489795918367346
N26,N33,N35,3,0.0024489795918367346
N26,N33,N38,3,0.0024489795918367346
N26,N33,N40,3,0.0024489795918367346
N26,N33,N41,3,0.0024489795918367346
N26,N34,N38,3,0.0024489795918367346
N26,N34,N42,3,0.0024489795918367346
N26,N35,N38,3,0.0024489795918367346
N26,N36,N37,3,0.0024489795918367346
N26,N36,N39,3,0.0024489795918367346
N26,N36,N43,3,0.0024489795918367346
N26,N37,N38,3,0.0024489795918367346
N26,N37,N40,3,0.0024489795918367346
N26,N37,N42,3,0.0024489795918367346
N26,N37,N43,3,0.0024489795918367346
N26,N38,N39,3,0.0024489795918367346
N26,N38,N41,3,0.0024489795918367346
N26,N39,N44,3,0.0024489795918367346
N26,N40,N41,3,0.0024489795918367346
N26,N41,N42,3,0.0024489795918367346
N26,N43,N45,3,0.0024489795918367346
N27,N28,N32,3,0.0024489795918367346
N27,N28,N38,3,0.0024489795918367346
N27,N28,N39,3,0.0024489795918367346
N27,N28,N45,3,0.0024489795918367346
N27,N29,N33,3,0.0024489795918367346
N27,N29,N44,3,0.0024489795918367346
N27,N29,N45,3,0.0024489795918367346
N27,N30,N31,3,0.0024489795918367346
N27,N30,N36,3,0.0024489795918367346
N27,N30,N40,3,0.0024489795918367346
N27,N30,N42,3,0.0024489795918367346
N27,N30,N45,3,0.0024489795918367346
N27,N31,N34,3,0.0024489795918367346
N27,N31,N37,3,0.0024489795918367346
N27,N31,N40,3,0.0024489795918367346
N27,N31,N42,3,0.0024489795918367346
N27,N31,N43,3,0.0024489795918367346
N27,N32,N37,3,0.0024489795918367346
N27,N33,N44,3,0.0024489795918367346
N27,N34,N36,3,0.0024489795918367346
N27,N34,N43,3,0.0024489795918367346
N27,N35,N38,3,0.0024489795918367346
N27,N35,N39,3,0.0024489795918367346
N27,N35,N40,3,0.0024489795918367346
N27,N36,N38,3,0.0024489795918367346
N27,N37,N40,3,0.0024489795918367346
N27,N37,N41,3,0.0024489795918367346
N27,N37,N43,3,0.0024489795918367346
N27,N37,N45,3,0.0024489795918367346
N27,N38,N45,3,0.0024489795918367346
N27,N39,N43,3,0.0024489795918367346
N27,N39,N45,3,0.0024489795918367346
N27,N41,N44,3,0.0024489795918367346
N27,N42,N43,3,0.0024489795918367346
N27,N42,N45,3,0.0024489795918367346
N28,N29,N40,3,0.0024489795918367346
N28,N30,N36,3,0.0024489795918367346
N28,N30,N44,3,0.0024489795918367346
N28,N31,N44,3,0.0024489795918367346
N28,N34,N38,3,0.0024489795918367346
N28,N34,N41,3,0.0024489795918367346
N28,N34,N43,3,0.0024489795918367346
N28,N36,N39,3,0.0024489795918367346
N28,N37,N39,3,0.0024489795918367346
N28,N37,N40,3,0.0024489795918367346
N28,N41,N43,3,0.0024489795918367346
N28,N41,N44,3,0.0024489795918367346
N29,N30,N44,3,0.0024489795918367346
N29,N31,N34,3,0.0024489795918367346
N29,N31,N39,3,0.0024489795918367346
N29,N31,N43,3,0.0024489795918367346
N29,N31,N44,3,0.0024489795918367346
N29,N32,N33,3,0.0024489795918367346
N29,N32,N43,3,0.0024489795918367346
N29,N33,N35,3,0.0024489795918367346
N29,N33,N44,3,0.0024489795918367346
N29,N34,N37,3,0.0024489795918367346
N29,N34,N39,3,0.0024489795918367346
N29,N34,N40,3,0.0024489795918367346
N29,N35,N38,3,0.0024489795918367346
N29,N35,N44,3,0.0024489795918367346
N29,N37,N39,3,0.0024489795918367346
N29,N37,N40,3,0.0024489795918367346
N29,N38,N40,3,0.0024489795918367346
N29,N38,N41,3,0.0024489795918367346
N29,N38,N45,3,0.0024489795918367346
N29,N41,N45,3,0.0024489795918367346
N30,N31,N38,3,0.0024489795918367346
N30,N31,N44,3,0.0024489795918367346
N30,N32,N33,3,0.0024489795918367346
N30,N32,N34,3,0.0024489795918367346
N30,N33,N36,3,0.0024489795918367346
N30,N33,N39,3,0.0024489795918367346
N30,N33,N41,3,0.0024489795918367346
N30,N33,N45,3,0.0024489795918367346
N30,N34,N39,3,0.0024489795918367346
N30,N34,N41,3,0.0024489795918367346
N30,N34,N45,3,0.0024489795918367346
N30,N35,N42,3,0.0024489795918367346
N30,N35,N44,3,0.0024489795918367346
N30,N36,N38,3,0.0024489795918367346
N30,N36,N39,3,0.0024489795918367346
N30,N37,N39,3,0.0024489795918367346
N30,N37,N43,3,0.0024489795918367346
N30,N38,N39,3,0.0024489795918367346
N30,N38,N41,3,0.0024489795918367346
N30,N38,N43,3,0.0024489795918367346
N31,N32,N33,3,0.0024489795918367346
N31,N32,N38,3,0.0024489795918367346
N31,N32,N41,3,0.0024489795918367346
N31,N32,N45,3,0.0024489795918367346
N31,N33,N37,3,0.0024489795918367346
N31,N33,N38,3,0.0024489795918367346
N31,N34,N40,3,0.0024489795918367346
N31,N34,N45,3,0.0024489795918367346
N31,N35,N38,3,0.0024489795918367346
N31,N36,N43,3,0.0024489795918367346
N31,N36,N45,3,0.0024489795918367346
N31,N38,N40,3,0.0024489795918367346
N31,N38,N41,3,0.0024489795918367346
N31,N38,N43,3,0.0024489795918367346
N31,N38,N45,3,0.0024489795918367346
N31,N39,N41,3,0.0024489795918367346
N31,N39,N45,3,0.0024489795918367346
N32,N33,N34,3,0.0024489795918367346
N32,N33,N35,3,0.0024489795918367346
N32,N33,N39,3,0.0024489795918367346
N32,N33,N41,3,0.0024489795918367346
N32,N39,N45,3,0.0024489795918367346
N32,N40,N45,3,0.0024489795918367346
N33,N34,N35,3,0.0024489795918367346
N33,N35,N40,3,0.0024489795918367346
N33,N35,N43,3,0.0024489795918367346
N33,N35,N45,3,0.0024489795918367346
N33,N36,N37,3,0.0024489795918367346
N33,N38,N39,3,0.0024489795918367346
N33,N38,N40,3,0.0024489795918367346
N33,N40,N42,3,0.0024489795918367346
N33,N40,N45,3,0.0024489795918367346
N33,N43,N45,3,0.0024489795918367346
N34,N35,N43,3,0.0024489795918367346
N34,N36,N42,3,0.0024489795918367346
N34,N36,N44,3,0.0024489795918367346
N34,N36,N45,3,0.0024489795918367346
N34,N38,N42,3,0.0024489795918367346
N34,N39,N40,3,0.0024489795918367346
N34,N39,N41,3,0.0024489795918367346
N34,N39,N45,3,0.0024489795918367346
N34,N40,N42,3,0.0024489795918367346
N34,N40,N44,3,0.0024489795918367346
N34,N40,N45,3,0.0024489795918367346
N34,N41,N42,3,0.0024489795918367346
N35,N36,N41,3,0.0024489795918367346
N35,N37,N41,3,0.0024489795918367346
N35,N42,N43,3,0.0024489795918367346
N36,N37,N38,3,0.0024489795918367346
N36,N37,N45,3,0.0024489795918367346
N36,N39,N42,3,0.0024489795918367346
N36,N39,N45,3,0.0024489795918367346
N36,N42,N45,3,0.0024489795918367346
N36,N44,N45,3,0.0024489795918367346
N37,N39,N40,3,0.0024489795918367346
N37,N39,N44,3,0.0024489795918367346
N37,N40,N41,3,0.0024489795918367346
N37,N41,N43,3,0.0024489795918367346
N37,N42,N43,3,0.0024489795918367346
N37,N42,N45,3,0.0024489795918367346
N38,N39,N41,3,0.0024489795918367346
N38,N39,N43,3,0.0024489795918367346
N38,N40,N43,3,0.0024489795918367346
N38,N40,N44,3,0.0024489795918367346
N39,N41,N42,3,0.0024489795918367346
N40,N41,N45,3,0.0024489795918367346
N40,N42,N43,3,0.0024489795918367346
N40,N42,N44,3,0.0024489795918367346
N41,N43,N45,3,0.0024489795918367346
N01,N02,N14,2,0.0016326530612244899
N01,N02,N17,2,0.0016326530612244899
N01,N02,N26,2,0.0016326530612244899
N01,N02,N27,2,0.0016326530612244899
N01,N02,N34,2,0.0016326530612244899
N01,N02,N36,2,0.0016326530612244899
N01,N02,N44,2,0.0016326530612244899
N01,N02,N45,2,0.0016326530612244899
N01,N03,N04,2,0.0016326530612244899
N01,N03,N09,2,0.0016326530612244899
N01,N03,N15,2,0.0016326530612244899
N01,N03,N16,2,0.0016326530612244899
N01,N03,N22,2,0.0016326530612244899
N01,N03,N23,2,0.0016326530612244899
N01,N03,N28,2,0.0016326530612244899
N01,N03,N31,2,0.0016326530612244899
N01,N03,N36,2,0.0016326530612244899
N01,N03,N39,2,0.0016326530612244899
N01,N04,N06,2,0.0016326530612244899
N01,N04,N17,2,0.0016326530612244899
N01,N04,N18,2,0.0016326530612244899
N01,N04,N34,2,0.0016326530612244899
N01,N04,N40,2,0.0016326530612244899
N01,N05,N09,2,0.0016326530612244899
N01,N05,N11,2,0.0016326530612244899
N01,N05,N12,2,0.0016326530612244899
N01,N05,N13,2,0.0016326530612244899
N01,N05,N14,2,0.0016326530612244899
N01,N05,N16,2,0.0016326530612244899
N01,N05,N19,2,0.0016326530612244899
N01,N05,N21,2,0.0016326530612244899
N01,N05,N24,2,0.0016326530612244899
N01,N05,N26,2,0.0016326530612244899
N01,N05,N35,2,0.0016326530612244899
N01,N05,N39,2,0.0016326530612244899
N01,N05,N41,2,0.0016326530612244899
N01,N05,N42,2,0.0016326530612244899
N01,N06,N13,2,0.0016326530612244899
N01,N06,N17,2,0.0016326530612244899
N01,N06,N33,2,0.0016326530612244899
N01,N06,N36,2,0.0016326530612244899
N01,N06,N37,2,0.0016326530612244899
N01,N06,N41,2,0.0016326530612244899
N01,N07,N09,2,0.0016326530612244899
N01,N07,N12,2,0.0016326530612244899
N01,N07,N15,2,0.0016326530612244899
N01,N07,N18,2,0.0016326530612244899
N01,N07,N26,2,0.0016326530612244899
N01,N07,N35,2,0.0016326530612244899
N01,N08,N11,2,0.0016326530612244899
N01,N08,N19,2,0.0016326530612244899
N01,N08,N21,2,0.0016326530612244899
N01,N08,N22,2,0.0016326530612244899
N01,N08,N27,2,0.0016326530612244899
N01,N08,N28,2,0.0016326530612244899
N01,N08,N31,2,0.0016326530612244899
N01,N08,N36,2,0.0016326530612244899
N01,N08,N37,2,0.0016326530612244899
N01,N08,N43,2,0.0016326530612244899
N01,N09,N13,2,0.0016326530612244899
N01,N09,N27,2,0.0016326530612244899
N01,N09,N41,2,0.0016326530612244899
N01,N10,N15,2,0.0016326530612244899
N01,N10,N17,2,0.0016326530612244899
N01,N10,N18,2,0.0016326530612244899
N01,N10,N19,2,0.0016326530612244899
N01,N10,N24,2,0.0016326530612244899
N01,N10,N25,2,0.0016326530612244899
N01,N10,N27,2,0.0016326530612244899
N01,N10,N29,2,0.0016326530612244899
N01,N10,N37,2,0.0016326530612244899
N01,N10,N42,2,0.0016326530612244899
N01,N10,N43,2,0.0016326530612244899
N01,N10,N44,2,0.0016326530612244899
N01,N11,N13,2,0.0016326530612244899
N01,N11,N14,2,0.0016326530612244899
N01,N11,N15,2,0.0016326530612244899
N01,N11,N16,2,0.0016326530612244899
N01,N11,N26,2,0.0016326530612244899
N01,N11,N30,2,0.0016326530612244899
N01,N11,N34,2,0.0016326530612244899
N01,N11,N36,2,0.0016326530612244899
N01,N11,N40,2,0.0016326530612244899
N01,N11,N42,2,0.0016326530612244899
N01,N12,N14,2,0.0016326530612244899
N01,N12,N19,2,0.0016326530612244899
N01,N12,N27,2,0.0016326530612244899
N01,N12,N32,2,0.0016326530612244899
N01,N12,N33,2,0.0016326530612244899
N01,N12,N38,2,0.0016326530612244899
N01,N13,N19,2,0.0016326530612244899
N01,N13,N20,2,0.0016326530612244899
N01,N13,N22,2,0.0016326530612244899
N01,N13,N24,2,0.0016326530612244899
N01,N13,N25,2,0.0016326530612244899
N01,N13,N26,2,0.0016326530612244899
N01,N13,N32,2,0.0016326530612244899
N01,N13,N35,2,0.0016326530612244899
N01,N13,N36,2,0.0016326530612244899
N01,N14,N15,2,0.0016326530612244899
N01,N14,N16,2,0.0016326530612244899
N01,N14,N20,2,0.0016326530612244899
N01,N14,N26,2,0.0016326530612244899
N01,N14,N27,2,0.0016326530612244899
N01,N14,N28,2,0.0016326530612244899
N01,N14,N34,2,0.0016326530612244899
N01,N14,N35,2,0.0016326530612244899
N01,N14,N41,2,0.0016326530612244899
N01,N14,N43,2,0.0016326530612244899
N01,N15,N17,2,0.0016326530612244899
N01,N15,N20,2,0.0016326530612244899
N01,N15,N24,2,0.0016326530612244899
N01,N15,N32,2,0.0016326530612244899
N01,N15,N34,2,0.0016326530612244899
N01,N15,N35,2,0.0016326530612244899
N01,N15,N36,2,0.0016326530612244899
N01,N15,N37,2,0.0016326530612244899
N01,N15,N39,2,0.0016326530612244899
N01,N15,N40,2,0.0016326530612244899
N01,N16,N17,2,0.0016326530612244899
N01,N16,N19,2,0.0016326530612244899
N01,N16,N24,2,0.0016326530612244899
N01,N16,N28,2,0.0016326530612244899
N01,N16,N29,2,0.0016326530612244899
N01,N16,N32,2,0.0016326530612244899
N01,N16,N34,2,0.0016326530612244899
N01,N16,N39,2,0.0016326530612244899
N01,N17,N20,2,0.0016326530612244899
N01,N17,N21,2,0.0016326530612244899
N01,N17,N24,2,0.0016326530612244899
N01,N17,N25,2,0.0016326530612244899
N01,N17,N26,2,0.0016326530612244899
N01,N17,N32,2,0.0016326530612244899
N01,N17,N34,2,0.0016326530612244899
N01,N17,N40,2,0.0016326530612244899
N01,N17,N44,2,0.0016326530612244899
N01,N18,N20,2,0.0016326530612244899
N01,N18,N23,2,0.0016326530612244899
N01,N18,N27,2,0.0016326530612244899
N01,N18,N31,2,0.0016326530612244899
N01,N18,N32,2,0.0016326530612244899
N01,N18,N37,2,0.0016326530612244899
N01,N18,N41,2,0.0016326530612244899
N01,N18,N43,2,0.0016326530612244899
N01,N19,N20,2,0.0016326530612244899
N01,N19,N23,2,0.0016326530612244899
N01,N19,N28,2,0.0016326530612244899
N01,N19,N34,2,0.0016326530612244899
N01,N19,N36,2,0.0016326530612244899
N01,N19,N40,2,0.0016326530612244899
N01,N19,N43,2,0.0016326530612244899
N01,N20,N32,2,0.0016326530612244899
N01,N20,N33,2,0.0016326530612244899
N01,N20,N37,2,0.0016326530612244899
N01,N20,N40,2,0.0016326530612244899
N01,N21,N24,2,0.0016326530612244899
N01,N21,N27,2,0.0016326530612244899
N01,N21,N30,2,0.0016326530612244899
N01,N21,N31,2,0.0016326530612244899
N01,N21,N33,2,0.0016326530612244899
N01,N21,N34,2,0.0016326530612244899
N01,N21,N36,2,0.0016326530612244899
N01,N21,N37,2,0.0016326530612244899
N01,N21,N38,2,0.0016326530612244899
N01,N21,N40,2,0.0016326530612244899
N01,N21,N44,2,0.0016326530612244899
N01,N22,N25,2,0.0016326530612244899
N01,N22,N31,2,0.0016326530612244899
N01,N22,N33,2,0.0016326530612244899
N01,N22,N37,2,0.0016326530612244899
N01,N22,N38,2,0.0016326530612244899
N01,N23,N25,2,0.0016326530612244899
N01,N23,N27,2,0.0016326530612244899
N01,N23,N31,2,0.0016326530612244899
N01,N23,N35,2,0.0016326530612244899
N01,N23,N38,2,0.0016326530612244899
N01,N23,N40,2,0.0016326530612244899
N01,N23,N41,2,0.0016326530612244899
N01,N23,N44,2,0.0016326530612244899
N01,N23,N45,2,0.0016326530612244899
N01,N24,N41,2,0.0016326530612244899
N01,N24,N45,2,0.0016326530612244899
N01,N25,N37,2,0.0016326530612244899
N01,N25,N38,2,0.0016326530612244899
N01,N25,N41,2,0.0016326530612244899
N01,N26,N34,2,0.0016326530612244899
N01,N26,N36,2,0.0016326530612244899
N01,N26,N37,2,0.0016326530612244899
N01,N27,N32,2,0.0016326530612244899
N01,N27,N33,2,0.0016326530612244899
N01,N27,N36,2,0.0016326530612244899
N01,N27,N37,2,0.0016326530612244899
N01,N27,N38,2,0.0016326530612244899
N01,N27,N40,2,0.0016326530612244899
N01,N27,N45,2,0.0016326530612244899
N01,N28,N30,2,0.0016326530612244899
N01,N28,N32,2,0.0016326530612244899
N01,N28,N37,2,0.0016326530612244899
N01,N29,N38,2,0.0016326530612244899
N01,N29,N39,2,0.0016326530612244899
N01,N29,N40,2,0.0016326530612244899
N01,N29,N42,2,0.0016326530612244899
N01,N29,N43,2,0.0016326530612244899
N01,N29,N44,2,0.0016326530612244899
N01,N30,N36,2,0.0016326530612244899
N01,N31,N44,2,0.0016326530612244899
N01,N32,N35,2,0.0016326530612244899
N01,N32,N37,2,0.0016326530612244899
N01,N32,N41,2,0.0016326530612244899
N01,N32,N42,2,0.0016326530612244899
N01,N33,N35,2,0.0016326530612244899
N01,N33,N40,2,0.0016326530612244899
N01,N33,N42,2,0.0016326530612244899
N01,N33,N43,2,0.0016326530612244899
N01,N33,N45,2,0.0016326530612244899
N01,N34,N40,2,0.0016326530612244899
N01,N34,N45,2,0.0016326530612244899
N01,N35,N38,2,0.0016326530612244899
N01,N35,N41,2,0.0016326530612244899
N01,N35,N43,2,0.0016326530612244899
N01,N36,N39,2,0.0016326530612244899
N01,N36,N40,2,0.0016326530612244899
N01,N36,N44,2,0.0016326530612244899
N01,N36,N45,2,0.0016326530612244899
N01,N37,N42,2,0.0016326530612244899
N01,N37,N43,2,0.0016326530612244899
N01,N38,N39,2,0.0016326530612244899
N01,N40,N45,2,0.0016326530612244899
N01,N41,N42,2,0.0016326530612244899
N01,N41,N43,2,0.0016326530612244899
N01,N42,N43,2,0.0016326530612244899
N01,N42,N44,2,0.0016326530612244899
N01,N43,N45,2,0.0016326530612244899
N01,N44,N45,2,0.0016326530612244899
N02,N03,N06,2,0.0016326530612244899
N02,N03,N07,2,0.0016326530612244899
N02,N03,N09,2,0.0016326530612244899
N02,N03,N22,2,0.0016326530612244899
N02,N03,N24,2,0.0016326530612244899
N02,N03,N39,2,0.0016326530612244899
N02,N04,N05,2,0.0016326530612244899
N02,N04,N08,2,0.0016326530612244899
N02,N04,N21,2,0.0016326530612244899
N02,N04,N23,2,0.0016326530612244899
N02,N04,N33,2,0.0016326530612244899
N02,N04,N37,2,0.0016326530612244899
N02,N04,N38,2,0.0016326530612244899
N02,N05,N06,2,0.0016326530612244899
N02,N05,N12,2,0.0016326530612244899
N02,N05,N17,2,0.0016326530612244899
N02,N05,N20,2,0.0016326530612244899
N02,N05,N27,2,0.0016326530612244899
N02,N05,N28,2,0.0016326530612244899
N02,N05,N31,2,0.0016326530612244899
N02,N05,N34,2,0.0016326530612244899
N02,N05,N44,2,0.0016326530612244899
N02,N06,N08,2,0.0016326530612244899
N02,N06,N14,2,0.0016326530612244899
N02,N06,N18,2,0.0016326530612244899
N02,N06,N22,2,0.0016326530612244899
N02,N06,N25,2,0.0016326530612244899
N02,N06,N30,2,0.0016326530612244899
N02,N06,N31,2,0.0016326530612244899
N02,N06,N34,2,0.0016326530612244899
N02,N06,N37,2,0.0016326530612244899
N02,N06,N39,2,0.0016326530612244899
N02,N06,N43,2,0.0016326530612244899
N02,N06,N45,2,0.0016326530612244899
N02,N07,N09,2,0.0016326530612244899
N02,N07,N12,2,0.0016326530612244899
N02,N07,N19,2,0.0016326530612244899
N02,N07,N25,2,0.0016326530612244899
N02,N07,N40,2,0.0016326530612244899
N02,N07,N43,2,0.0016326530612244899
N02,N07,N44,2,0.0016326530612244899
N02,N08,N13,2,0.0016326530612244899
N02,N08,N14,2,0.0016326530612244899
N02,N08,N15,2,0.0016326530612244899
N02,N08,N19,2,0.0016326530612244899
N02,N08,N20,2,0.0016326530612244899
N02,N08,N27,2,0.0016326530612244899
N02,N08,N31,2,0.0016326530612244899
N02,N08,N32,2,0.0016326530612244899
N02,N08,N35,2,0.0016326530612244899
N02,N08,N36,2,0.0016326530612244899
N02,N08,N39,2,0.0016326530612244899
N02,N08,N42,2,0.0016326530612244899
N02,N08,N43,2,0.0016326530612244899
N02,N08,N44,2,0.0016326530612244899
N02,N08,N45,2,0.0016326530612244899
N02,N09,N15,2,0.0016326530612244899
N02,N09,N16,2,0.0016326530612244899
N02,N09,N17,2,0.0016326530612244899
N02,N09,N22,2,0.0016326530612244899
N02,N09,N23,2,0.0016326530612244899
N02,N09,N40,2,0.0016326530612244899
N02,N09,N45,2,0.0016326530612244899
N02,N10,N12,2,0.0016326530612244899
N02,N10,N13,2,0.0016326530612244899
N02,N10,N14,2,0.0016326530612244899
N02,N10,N16,2,0.0016326530612244899
N02,N10,N18,2,0.0016326530612244899
N02,N10,N31,2,0.0016326530612244899
N02,N10,N32,2,0.0016326530612244899
N02,N10,N35,2,0.0016326530612244899
N02,N11,N15,2,0.0016326530612244899
N02,N11,N18,2,0.0016326530612244899
N02,N11,N19,2,0.0016326530612244899
N02,N11,N29,2,0.0016326530612244899
N02,N11,N30,2,0.0016326530612244899
N02,N11,N33,2,0.0016326530612244899
N02,N11,N35,2,0.0016326530612244899
N02,N11,N42,2,0.0016326530612244899
N02,N11,N43,2,0.0016326530612244899
N02,N12,N17,2,0.0016326530612244899
N02,N12,N23,2,0.0016326530612244899
N02,N12,N30,2,0.0016326530612244899
N02,N12,N37,2,0.0016326530612244899
N02,N12,N41,2,0.0016326530612244899
N02,N12,N44,2,0.0016326530612244899
N02,N12,N45,2,0.0016326530612244899
N02,N13,N15,2,0.0016326530612244899
N02,N13,N19,2,0.0016326530612244899
N02,N13,N20,2,0.0016326530612244899
N02,N13,N22,2,0.0016326530612244899
N02,N13,N27,2,0.0016326530612244899
N02,N13,N31,2,0.0016326530612244899
N02,N13,N33,2,0.0016326530612244899
N02,N13,N37,2,0.0016326530612244899
N02,N13,N43,2,0.0016326530612244899
N02,N13,N44,2,0.0016326530612244899
N02,N13,N45,2,0.0016326530612244899
N02,N14,N15,2,0.0016326530612244899
N02,N14,N17,2,0.0016326530612244899
N02,N14,N24,2,0.0016326530612244899
N02,N14,N28,2,0.0016326530612244899
N02,N14,N30,2,0.0016326530612244899
N02,N14,N32,2,0.0016326530612244899
N02,N14,N33,2,0.0016326530612244899
N02,N14,N38,2,0.0016326530612244899
N02,N14,N44,2,0.0016326530612244899
N02,N14,N45,2,0.0016326530612244899
N02,N15,N19,2,0.0016326530612244899
N02,N15,N24,2,0.0016326530612244899
N02,N15,N25,2,0.0016326530612244899
N02,N15,N31,2,0.0016326530612244899
N02,N15,N33,2,0.0016326530612244899
N02,N15,N43,2,0.0016326530612244899
N02,N16,N17,2,0.0016326530612244899
N02,N16,N22,2,0.0016326530612244899
N02,N16,N25,2,0.0016326530612244899
N02,N16,N26,2,0.0016326530612244899
N02,N16,N29,2,0.0016326530612244899
N02,N16,N30,2,0.0016326530612244899
N02,N16,N31,2,0.0016326530612244899
N02,N16,N34,2,0.0016326530612244899
N02,N16,N36,2,0.0016326530612244899
N02,N16,N40,2,0.0016326530612244899
N02,N16,N42,2,0.0016326530612244899
N02,N16,N44,2,0.0016326530612244899
N02,N16,N45,2,0.0016326530612244899
N02,N17,N18,2,0.0016326530612244899
N02,N17,N20,2,0.0016326530612244899
N02,N17,N21,2,0.0016326530612244899
N02,N17,N30,2,0.0016326530612244899
N02,N17,N31,2,0.0016326530612244899
N02,N17,N32,2,0.0016326530612244899
N02,N17,N38,2,0.0016326530612244899
N02,N17,N42,2,0.0016326530612244899
N02,N18,N19,2,0.0016326530612244899
N02,N18,N29,2,0.0016326530612244899
N02,N18,N33,2,0.0016326530612244899
N02,N18,N34,2,0.0016326530612244899
N02,N19,N26,2,0.0016326530612244899
N02,N19,N27,2,0.0016326530612244899
N02,N19,N28,2,0.0016326530612244899
N02,N19,N31,2,0.0016326530612244899
N02,N19,N38,2,0.0016326530612244899
N02,N20,N29,2,0.0016326530612244899
N02,N20,N30,2,0.0016326530612244899
N02,N20,N39,2,0.0016326530612244899
N02,N20,N40,2,0.0016326530612244899
N02,N20,N42,2,0.0016326530612244899
N02,N20,N44,2,0.0016326530612244899
N02,N21,N22,2,0.0016326530612244899
N02,N21,N25,2,0.0016326530612244899
N02,N21,N26,2,0.0016326530612244899
N02,N21,N28,2,0.0016326530612244899
N02,N21,N33,2,0.0016326530612244899
N02,N21,N42,2,0.0016326530612244899
N02,N21,N45,2,0.0016326530612244899
N02,N22,N28,2,0.0016326530612244899
N02,N22,N33,2,0.0016326530612244899
N02,N22,N34,2,0.0016326530612244899
N02,N22,N36,2,0.0016326530612244899
N02,N22,N37,2,0.0016326530612244899
N02,N22,N40,2,0.0016326530612244899
N02,N22,N45,2,0.0016326530612244899
N02,N23,N34,2,0.0016326530612244899
N02,N23,N38,2,0.0016326530612244899
N02,N23,N40,2,0.0016326530612244899
N02,N24,N29,2,0.0016326530612244899
N02,N24,N30,2,0.0016326530612244899
N02,N24,N32,2,0.0016326530612244899
N02,N24,N39,2,0.0016326530612244899
N02,N24,N40,2,0.0016326530612244899
N02,N24,N41,2,0.0016326530612244899
N02,N24,N42,2,0.0016326530612244899
N02,N24,N44,2,0.0016326530612244899
N02,N25,N33,2,0.0016326530612244899
N02,N25,N34,2,0.0016326530612244899
N02,N25,N40,2,0.0016326530612244899
N02,N25,N42,2,0.0016326530612244899
N02,N25,N43,2,0.0016326530612244899
N02,N26,N34,2,0.0016326530612244899
N02,N26,N40,2,0.0016326530612244899
N02,N27,N35,2,0.0016326530612244899
N02,N27,N37,2,0.0016326530612244899
N02,N27,N38,2,0.0016326530612244899
N02,N27,N39,2,0.0016326530612244899
N02,N27,N41,2,0.0016326530612244899
N02,N27,N42,2,0.0016326530612244899
N02,N27,N43,2,0.0016326530612244899
N02,N28,N31,2,0.0016326530612244899
N02,N28,N32,2,0.0016326530612244899
N02,N28,N42,2,0.0016326530612244899
N02,N28,N43,2,0.0016326530612244899
N02,N29,N36,2,0.0016326530612244899
N02,N29,N38,2,0.0016326530612244899
N02,N29,N40,2,0.0016326530612244899
N02,N30,N32,2,0.0016326530612244899
N02,N30,N34,2,0.0016326530612244899
N02,N30,N38,2,0.0016326530612244899
N02,N30,N43,2,0.0016326530612244899
N02,N31,N32,2,0.0016326530612244899
N02,N31,N37,2,0.0016326530612244899
N02,N31,N38,2,0.0016326530612244899
N02,N31,N41,2,0.0016326530612244899
N02,N31,N42,2,0.0016326530612244899
N02,N32,N34,2,0.0016326530612244899
N02,N32,N36,2,0.0016326530612244899
N02,N32,N43,2,0.0016326530612244899
N02,N32,N44,2,0.0016326530612244899
N02,N33,N42,2,0.0016326530612244899
N02,N34,N35,2,0.0016326530612244899
N02,N34,N40,2,0.0016326530612244899
N02,N35,N39,2,0.0016326530612244899
N02,N35,N41,2,0.0016326530612244899
N02,N36,N37,2,0.0016326530612244899
N02,N36,N42,2,0.0016326530612244899
N02,N38,N42,2,0.0016326530612244899
N02,N39,N44,2,0.0016326530612244899
N02,N40,N42,2,0.0016326530612244899
N02,N41,N43,2,0.0016326530612244899
N02,N41,N44,2,0.0016326530612244899
N02,N41,N45,2,0.0016326530612244899
N02,N43,N45,2,0.0016326530612244899
N03,N04,N11,2,0.0016326530612244899
N03,N04,N14,2,0.0016326530612244899
N03,N04,N15,2,0.0016326530612244899
N03,N04,N25,2,0.0016326530612244899
N03,N04,N27,2,0.0016326530612244899
N03,N04,N29,2,0.0016326530612244899
N03,N04,N31,2,0.0016326530612244899
N03,N04,N32,2,0.0016326530612244899
N03,N04,N33,2,0.0016326530612244899
N03,N04,N34,2,0.0016326530612244899
N03,N04,N37,2,0.0016326530612244899
N03,N04,N44,2,0.0016326530612244899
N03,N05,N10,2,0.0016326530612244899
N03,N05,N13,2,0.0016326530612244899
N03,N05,N14,2,0.0016326530612244899
N03,N05,N26,2,0.0016326530612244899
N03,N05,N31,2,0.0016326530612244899
N03,N05,N34,2,0.0016326530612244899
N03,N05,N39,2,0.0016326530612244899
N03,N05,N42,2,0.0016326530612244899
N03,N05,N44,2,0.0016326530612244899
N03,N06,N07,2,0.0016326530612244899
N03,N06,N10,2,0.0016326530612244899
N03,N06,N12,2,0.0016326530612244899
N03,N06,N13,2,0.0016326530612244899
N03,N06,N14,2,0.0016326530612244899
N03,N06,N17,2,0.0016326530612244899
N03,N06,N18,2,0.0016326530612244899
N03,N06,N21,2,0.0016326530612244899
N03,N06,N34,2,0.0016326530612244899
N03,N06,N37,2,0.0016326530612244899
N03,N06,N41,2,0.0016326530612244899
N03,N07,N09,2,0.0016326530612244899
N03,N07,N10,2,0.0016326530612244899
N03,N07,N12,2,0.0016326530612244899
N03,N07,N16,2,0.0016326530612244899
N03,N07,N17,2,0.0016326530612244899
N03,N07,N18,2,0.0016326530612244899
N03,N07,N19,2,0.0016326530612244899
N03,N07,N26,2,0.0016326530612244899
N03,N07,N39,2,0.0016326530612244899
N03,N07,N40,2,0.0016326530612244899
N03,N07,N43,2,0.0016326530612244899
N03,N08,N12,2,0.0016326530612244899
N03,N08,N13,2,0.0016326530612244899
N03,N08,N15,2,0.0016326530612244899
N03,N08,N19,2,0.0016326530612244899
N03,N08,N20,2,0.0016326530612244899
N03,N08,N24,2,0.0016326530612244899
N03,N08,N29,2,0.0016326530612244899
N03,N08,N31,2,0.0016326530612244899
N03,N08,N38,2,0.0016326530612244899
N03,N08,N43,2,0.0016326530612244899
N03,N08,N45,2,0.0016326530612244899
N03,N09,N11,2,0.0016326530612244899
N03,N09,N18,2,0.0016326530612244899
N03,N09,N19,2,0.0016326530612244899
N03,N09,N22,2,0.0016326530612244899
N03,N09,N25,2,0.0016326530612244899
N03,N09,N28,2,0.0016326530612244899
N03,N09,N30,2,0.0016326530612244899
N03,N09,N36,2,0.0016326530612244899
N03,N09,N37,2,0.0016326530612244899
N03,N09,N40,2,0.0016326530612244899
N03,N10,N14,2,0.0016326530612244899
N03,N10,N15,2,0.0016326530612244899
N03,N10,N16,2,0.0016326530612244899
N03,N10,N17,2,0.0016326530612244899
N03,N10,N20,2,0.0016326530612244899
N03,N10,N26,2,0.0016326530612244899
N03,N10,N28,2,0.0016326530612244899
N03,N10,N34,2,0.0016326530612244899
N03,N10,N35,2,0.0016326530612244899
N03,N10,N40,2,0.0016326530612244899
N03,N11,N15,2,0.0016326530612244899
N03,N11,N17,2,0.0016326530612244899
N03,N11,N20,2,0.0016326530612244899
N03,N11,N24,2,0.0016326530612244899
N03,N11,N27,2,0.0016326530612244899
N03,N11,N30,2,0.0016326530612244899
N03,N11,N31,2,0.0016326530612244899
N03,N11,N38,2,0.0016326530612244899
N03,N11,N42,2,0.0016326530612244899
N03,N12,N15,2,0.0016326530612244899
N03,N12,N18,2,0.0016326530612244899
N03,N12,N22,2,0.0016326530612244899
N03,N12,N23,2,0.0016326530612244899
N03,N12,N24,2,0.0016326530612244899
N03,N12,N25,2,0.0016326530612244899
N03,N12,N33,2,0.0016326530612244899
N03,N12,N38,2,0.0016326530612244899
N03,N12,N40,2,0.0016326530612244899
N03,N12,N42,2,0.0016326530612244899
N03,N12,N45,2,0.0016326530612244899
N03,N13,N17,2,0.0016326530612244899
N03,N13,N22,2,0.0016326530612244899
N03,N13,N23,2,0.0016326530612244899
N03,N13,N25,2,0.0016326530612244899
N03,N13,N26,2,0.0016326530612244899
N03,N13,N28,2,0.0016326530612244899
N03,N13,N29,2,0.0016326530612244899
N03,N13,N31,2,0.0016326530612244899
N03,N13,N39,2,0.0016326530612244899
N03,N13,N40,2,0.0016326530612244899
N03,N13,N41,2,0.0016326530612244899
N03,N13,N43,2,0.0016326530612244899
N03,N13,N44,2,0.0016326530612244899
N03,N13,N45,2,0.0016326530612244899
N03,N14,N17,2,0.0016326530612244899
N03,N14,N18,2,0.0016326530612244899
N03,N14,N20,2,0.0016326530612244899
N03,N14,N22,2,0.0016326530612244899
N03,N14,N23,2,0.0016326530612244899
N03,N14,N27,2,0.0016326530612244899
N03,N14,N32,2,0.0016326530612244899
N03,N14,N33,2,0.0016326530612244899
N03,N14,N35,2,0.0016326530612244899
N03,N14,N37,2,0.0016326530612244899
N03,N14,N40,2,0.0016326530612244899
N03,N14,N41,2,0.0016326530612244899
N03,N14,N43,2,0.0016326530612244899
N03,N15,N16,2,0.0016326530612244899
N03,N15,N25,2,0.0016326530612244899
N03,N15,N29,2,0.0016326530612244899
N03,N15,N32,2,0.0016326530612244899
N03,N15,N35,2,0.0016326530612244899
N03,N15,N37,2,0.0016326530612244899
N03,N15,N38,2,0.0016326530612244899
N03,N15,N40,2,0.0016326530612244899
N03,N15,N41,2,0.0016326530612244899
N03,N15,N43,2,0.0016326530612244899
N03,N15,N45,2,0.0016326530612244899
N03,N16,N18,2,0.0016326530612244899
N03,N16,N20,2,0.0016326530612244899
N03,N16,N23,2,0.0016326530612244899
N03,N16,N26,2,0.0016326530612244899
N03,N16,N30,2,0.0016326530612244899
N03,N16,N34,2,0.0016326530612244899
N03,N16,N37,2,0.0016326530612244899
N03,N17,N18,2,0.0016326530612244899
N03,N17,N22,2,0.0016326530612244899
N03,N17,N24,2,0.0016326530612244899
N03,N17,N27,2,0.0016326530612244899
N03,N17,N30,2,0.0016326530612244899
N03,N17,N32,2,0.0016326530612244899
N03,N17,N34,2,0.0016326530612244899
N03,N17,N35,2,0.0016326530612244899
N03,N17,N37,2,0.0016326530612244899
N03,N17,N41,2,0.0016326530612244899
N03,N18,N19,2,0.0016326530612244899
N03,N18,N20,2,0.0016326530612244899
N03,N18,N23,2,0.0016326530612244899
N03,N18,N26,2,0.0016326530612244899
N03,N18,N27,2,0.0016326530612244899
N03,N18,N28,2,0.0016326530612244899
N03,N18,N29,2,0.0016326530612244899
N03,N18,N35,2,0.0016326530612244899
N03,N18,N36,2,0.0016326530612244899
N03,N18,N41,2,0.0016326530612244899
N03,N18,N45,2,0.0016326530612244899
N03,N19,N24,2,0.0016326530612244899
N03,N19,N27,2,0.0016326530612244899
N03,N19,N31,2,0.0016326530612244899
N03,N19,N39,2,0.0016326530612244899
N03,N19,N42,2,0.0016326530612244899
N03,N19,N43,2,0.0016326530612244899
N03,N20,N21,2,0.0016326530612244899
N03,N20,N22,2,0.0016326530612244899
N03,N20,N23,2,0.0016326530612244899
N03,N20,N25,2,0.0016326530612244899
N03,N20,N26,2,0.0016326530612244899
N03,N20,N34,2,0.0016326530612244899
N03,N20,N36,2,0.0016326530612244899
N03,N20,N40,2,0.0016326530612244899
N03,N20,N41,2,0.0016326530612244899
N03,N20,N42,2,0.0016326530612244899
N03,N20,N43,2,0.0016326530612244899
N03,N20,N45,2,0.0016326530612244899
N03,N21,N30,2,0.0016326530612244899
N03,N21,N33,2,0.0016326530612244899
N03,N21,N35,2,0.0016326530612244899
N03,N21,N41,2,0.0016326530612244899
N03,N21,N45,2,0.0016326530612244899
N03,N22,N23,2,0.0016326530612244899
N03,N22,N25,2,0.0016326530612244899
N03,N22,N27,2,0.0016326530612244899
N03,N22,N30,2,0.0016326530612244899
N03,N22,N33,2,0.0016326530612244899
N03,N22,N37,2,0.0016326530612244899
N03,N22,N40,2,0.0016326530612244899
N03,N23,N31,2,0.0016326530612244899
N03,N23,N34,2,0.0016326530612244899
N03,N23,N37,2,0.0016326530612244899
N03,N23,N40,2,0.0016326530612244899
N03,N23,N42,2,0.0016326530612244899
N03,N24,N31,2,0.0016326530612244899
N03,N24,N34,2,0.0016326530612244899
N03,N25,N36,2,0.0016326530612244899
N03,N25,N37,2,0.0016326530612244899
N03,N25,N43,2,0.0016326530612244899
N03,N25,N45,2,0.0016326530612244899
N03,N26,N42,2,0.0016326530612244899
N03,N27,N28,2,0.0016326530612244899
N03,N28,N32,2,0.0016326530612244899
N03,N28,N34,2,0.0016326530612244899
N03,N28,N39,2,0.0016326530612244899
N03,N28,N40,2,0.0016326530612244899
N03,N28,N44,2,0.0016326530612244899
N03,N28,N45,2,0.0016326530612244899
N03,N29,N37,2,0.0016326530612244899
N03,N29,N39,2,0.0016326530612244899
N03,N29,N42,2,0.0016326530612244899
N03,N29,N45,2,0.0016326530612244899
N03,N30,N31,2,0.0016326530612244899
N03,N30,N32,2,0.0016326530612244899
N03,N30,N36,2,0.0016326530612244899
N03,N30,N37,2,0.0016326530612244899
N03,N30,N41,2,0.0016326530612244899
N03,N31,N37,2,0.0016326530612244899
N03,N31,N39,2,0.0016326530612244899
N03,N31,N40,2,0.0016326530612244899
N03,N31,N41,2,0.0016326530612244899
N03,N31,N43,2,0.0016326530612244899
N03,N31,N44,2,0.0016326530612244899
N03,N32,N35,2,0.0016326530612244899
N03,N32,N36,2,0.0016326530612244899
N03,N32,N40,2,0.0016326530612244899
N03,N33,N38,2,0.0016326530612244899
N03,N33,N39,2,0.0016326530612244899
N03,N33,N43,2,0.0016326530612244899
N03,N34,N35,2,0.0016326530612244899
N03,N34,N36,2,0.0016326530612244899
N03,N34,N39,2,0.0016326530612244899
N03,N34,N41,2,0.0016326530612244899
N03,N34,N44,2,0.0016326530612244899
N03,N35,N36,2,0.0016326530612244899
N03,N35,N37,2,0.0016326530612244899
N03,N35,N44,2,0.0016326530612244899
N03,N35,N45,2,0.0016326530612244899
N03,N36,N37,2,0.0016326530612244899
N03,N36,N45,2,0.0016326530612244899
N03,N37,N38,2,0.0016326530612244899
N03,N37,N39,2,0.0016326530612244899
N03,N37,N43,2,0.0016326530612244899
N03,N38,N44,2,0.0016326530612244899
N03,N39,N41,2,0.0016326530612244899
N03,N39,N42,2,0.0016326530612244899
N03,N40,N44,2,0.0016326530612244899
N03,N40,N45,2,0.0016326530612244899
N03,N41,N44,2,0.0016326530612244899
N03,N42,N44,2,0.0016326530612244899
N03,N43,N44,2,0.0016326530612244899
N04,N05,N08,2,0.0016326530612244899
N04,N05,N13,2,0.0016326530612244899
N04,N05,N16,2,0.0016326530612244899
N04,N05,N17,2,0.0016326530612244899
N04,N05,N22,2,0.0016326530612244899
N04,N05,N24,2,0.0016326530612244899
N04,N05,N26,2,0.0016326530612244899
N04,N05,N31,2,0.0016326530612244899
N04,N05,N32,2,0.0016326530612244899
N04,N05,N35,2,0.0016326530612244899
N04,N05,N45,2,0.0016326530612244899
N04,N06,N08,2,0.0016326530612244899
N04,N06,N11,2,0.0016326530612244899
N04,N06,N13,2,0.0016326530612244899
N04,N06,N14,2,0.0016326530612244899
N04,N06,N26,2,0.0016326530612244899
N04,N06,N32,2,0.0016326530612244899
N04,N06,N37,2,0.0016326530612244899
N04,N06,N42,2,0.0016326530612244899
N04,N07,N11,2,0.0016326530612244899
N04,N07,N14,2,0.0016326530612244899
N04,N07,N16,2,0.0016326530612244899
N04,N07,N24,2,0.0016326530612244899
N04,N07,N26,2,0.0016326530612244899
N04,N07,N39,2,0.0016326530612244899
N04,N07,N42,2,0.0016326530612244899
N04,N07,N44,2,0.0016326530612244899
N04,N07,N45,2,0.0016326530612244899
N04,N08,N13,2,0.0016326530612244899
N04,N08,N20,2,0.0016326530612244899
N04,N08,N38,2,0.0016326530612244899
N04,N08,N40,2,0.0016326530612244899
N04,N08,N42,2,0.0016326530612244899
N04,N08,N43,2,0.0016326530612244899
N04,N09,N10,2,0.0016326530612244899
N04,N09,N13,2,0.0016326530612244899
N04,N09,N18,2,0.0016326530612244899
N04,N09,N29,2,0.0016326530612244899
N04,N09,N32,2,0.0016326530612244899
N04,N09,N34,2,0.0016326530612244899
N04,N09,N37,2,0.0016326530612244899
N04,N09,N40,2,0.0016326530612244899
N04,N09,N42,2,0.0016326530612244899
N04,N09,N44,2,0.0016326530612244899
N04,N09,N45,2,0.0016326530612244899
N04,N10,N11,2,0.0016326530612244899
N04,N10,N15,2,0.0016326530612244899
N04,N10,N16,2,0.0016326530612244899
N04,N10,N17,2,0.0016326530612244899
N04,N10,N18,2,0.0016326530612244899
N04,N10,N27,2,0.0016326530612244899
N04,N10,N29,2,0.0016326530612244899
N04,N10,N33,2,0.0016326530612244899
N04,N10,N36,2,0.0016326530612244899
N04,N10,N42,2,0.0016326530612244899
N04,N11,N22,2,0.0016326530612244899
N04,N11,N24,2,0.0016326530612244899
N04,N11,N26,2,0.0016326530612244899
N04,N11,N31,2,0.0016326530612244899
N04,N11,N39,2,0.0016326530612244899
N04,N11,N43,2,0.0016326530612244899
N04,N12,N15,2,0.0016326530612244899
N04,N12,N16,2,0.0016326530612244899
N04,N12,N28,2,0.0016326530612244899
N04,N12,N32,2,0.0016326530612244899
N04,N12,N37,2,0.0016326530612244899
N04,N12,N38,2,0.0016326530612244899
N04,N12,N41,2,0.0016326530612244899
N04,N12,N43,2,0.0016326530612244899
N04,N13,N18,2,0.0016326530612244899
N04,N13,N21,2,0.0016326530612244899
N04,N13,N27,2,0.0016326530612244899
N04,N13,N37,2,0.0016326530612244899
N04,N13,N40,2,0.0016326530612244899
N04,N13,N41,2,0.0016326530612244899
N04,N13,N44,2,0.0016326530612244899
N04,N14,N15,2,0.0016326530612244899
N04,N14,N18,2,0.0016326530612244899
N04,N14,N21,2,0.0016326530612244899
N04,N14,N23,2,0.0016326530612244899
N04,N14,N41,2,0.0016326530612244899
N04,N14,N42,2,0.0016326530612244899
N04,N14,N44,2,0.0016326530612244899
N04,N15,N16,2,0.0016326530612244899
N04,N15,N17,2,0.0016326530612244899
N04,N15,N18,2,0.0016326530612244899
N04,N15,N20,2,0.0016326530612244899
N04,N15,N27,2,0.0016326530612244899
N04,N15,N29,2,0.0016326530612244899
N04,N15,N34,2,0.0016326530612244899
N04,N15,N35,2,0.0016326530612244899
N04,N15,N37,2,0.0016326530612244899
N04,N15,N38,2,0.0016326530612244899
N04,N15,N41,2,0.0016326530612244899
N04,N16,N26,2,0.0016326530612244899
N04,N16,N34,2,0.0016326530612244899
N04,N16,N35,2,0.0016326530612244899
N04,N16,N36,2,0.0016326530612244899
N04,N16,N38,2,0.0016326530612244899
N04,N16,N42,2,0.0016326530612244899
N04,N16,N43,2,0.0016326530612244899
N04,N16,N44,2,0.0016326530612244899
N04,N17,N20,2,0.0016326530612244899
N04,N17,N22,2,0.0016326530612244899
N04,N17,N28,2,0.0016326530612244899
N04,N17,N30,2,0.0016326530612244899
N04,N17,N31,2,0.0016326530612244899
N04,N17,N34,2,0.0016326530612244899
N04,N17,N37,2,0.0016326530612244899
N04,N17,N40,2,0.0016326530612244899
N04,N17,N42,2,0.0016326530612244899
N04,N17,N43,2,0.0016326530612244899
N04,N18,N20,2,0.0016326530612244899
N04,N18,N23,2,0.0016326530612244899
N04,N18,N25,2,0.0016326530612244899
N04,N18,N31,2,0.0016326530612244899
N04,N18,N32,2,0.0016326530612244899
N04,N18,N33,2,0.0016326530612244899
N04,N18,N39,2,0.0016326530612244899
N04,N18,N42,2,0.0016326530612244899
N04,N18,N43,2,0.0016326530612244899
N04,N18,N44,2,0.0016326530612244899
N04,N19,N22,2,0.0016326530612244899
N04,N19,N30,2,0.0016326530612244899
N04,N19,N32,2,0.0016326530612244899
N04,N19,N33,2,0.0016326530612244899
N04,N19,N35,2,0.0016326530612244899
N04,N19,N40,2,0.0016326530612244899
N04,N19,N42,2,0.0016326530612244899
N04,N19,N44,2,0.0016326530612244899
N04,N19,N45,2,0.0016326530612244899
N04,N20,N23,2,0.0016326530612244899
N04,N20,N24,2,0.0016326530612244899
N04,N20,N40,2,0.0016326530612244899
N04,N20,N41,2,0.0016326530612244899
N04,N21,N26,2,0.0016326530612244899
N04,N21,N33,2,0.0016326530612244899
N04,N21,N41,2,0.0016326530612244899
N04,N21,N43,2,0.0016326530612244899
N04,N22,N24,2,0.0016326530612244899
N04,N22,N28,2,0.0016326530612244899
N04,N22,N32,2,0.0016326530612244899
N04,N22,N34,2,0.0016326530612244899
N04,N22,N40,2,0.0016326530612244899
N04,N22,N42,2,0.0016326530612244899
N04,N22,N43,2,0.0016326530612244899
N04,N23,N25,2,0.0016326530612244899
N04,N23,N26,2,0.0016326530612244899
N04,N23,N31,2,0.0016326530612244899
N04,N23,N32,2,0.0016326530612244899
N04,N23,N38,2,0.0016326530612244899
N04,N23,N39,2,0.0016326530612244899
N04,N23,N40,2,0.0016326530612244899
N04,N23,N42,2,0.0016326530612244899
N04,N23,N43,2,0.0016326530612244899
N04,N23,N44,2,0.0016326530612244899
N04,N23,N45,2,0.0016326530612244899
N04,N24,N25,2,0.0016326530612244899
N04,N24,N34,2,0.0016326530612244899
N04,N24,N37,2,0.0016326530612244899
N04,N24,N41,2,0.0016326530612244899
N04,N25,N29,2,0.0016326530612244899
N04,N26,N28,2,0.0016326530612244899
N04,N26,N29,2,0.0016326530612244899
N04,N26,N30,2,0.0016326530612244899
N04,N26,N32,2,0.0016326530612244899
N04,N26,N34,2,0.0016326530612244899
N04,N26,N36,2,0.0016326530612244899
N04,N26,N38,2,0.0016326530612244899
N04,N26,N42,2,0.0016326530612244899
N04,N26,N43,2,0.0016326530612244899
N04,N26,N44,2,0.0016326530612244899
N04,N27,N28,2,0.0016326530612244899
N04,N27,N35,2,0.0016326530612244899
N04,N27,N37,2,0.0016326530612244899
N04,N27,N38,2,0.0016326530612244899
N04,N27,N39,2,0.0016326530612244899
N04,N28,N29,2,0.0016326530612244899
N04,N28,N37,2,0.0016326530612244899
N04,N28,N44,2,0.0016326530612244899
N04,N29,N31,2,0.0016326530612244899
N04,N29,N33,2,0.0016326530612244899
N04,N29,N34,2,0.0016326530612244899
N04,N29,N38,2,0.0016326530612244899
N04,N29,N40,2,0.0016326530612244899
N04,N29,N41,2,0.0016326530612244899
N04,N29,N43,2,0.0016326530612244899
N04,N30,N32,2,0.0016326530612244899
N04,N30,N34,2,0.0016326530612244899
N04,N30,N43,2,0.0016326530612244899
N04,N31,N41,2,0.0016326530612244899
N04,N31,N42,2,0.0016326530612244899
N04,N31,N43,2,0.0016326530612244899
N04,N31,N45,2,0.0016326530612244899
N04,N32,N34,2,0.0016326530612244899
N04,N32,N37,2,0.0016326530612244899
N04,N32,N38,2,0.0016326530612244899
N04,N32,N40,2,0.0016326530612244899
N04,N32,N41,2,0.0016326530612244899
N04,N32,N44,2,0.0016326530612244899
N04,N33,N34,2,0.0016326530612244899
N04,N33,N38,2,0.0016326530612244899
N04,N33,N39,2,0.0016326530612244899
N04,N34,N37,2,0.0016326530612244899
N04,N34,N38,2,0.0016326530612244899
N04,N34,N39,2,0.0016326530612244899
N04,N34,N43,2,0.0016326530612244899
N04,N35,N43,2,0.0016326530612244899
N04,N36,N37,2,0.0016326530612244899
N04,N37,N38,2,0.0016326530612244899
N04,N37,N41,2,0.0016326530612244899
N04,N38,N44,2,0.0016326530612244899
N04,N38,N45,2,0.0016326530612244899
N04,N39,N41,2,0.0016326530612244899
N04,N39,N42,2,0.0016326530612244899
N04,N39,N43,2,0.0016326530612244899
N04,N39,N44,2,0.0016326530612244899
N04,N40,N45,2,0.0016326530612244899
N04,N43,N45,2,0.0016326530612244899
N05,N06,N08,2,0.0016326530612244899
N05,N06,N09,2,0.0016326530612244899
N05,N06,N12,2,0.0016326530612244899
N05,N06,N16,2,0.0016326530612244899
N05,N06,N24,2,0.0016326530612244899
N05,N06,N28,2,0.0016326530612244899
N05,N06,N41,2,0.0016326530612244899
N05,N06,N42,2,0.0016326530612244899
N05,N06,N43,2,0.0016326530612244899
N05,N06,N45,2,0.0016326530612244899
N05,N07,N14,2,0.0016326530612244899
N05,N07,N16,2,0.0016326530612244899
N05,N07,N22,2,0.0016326530612244899
N05,N07,N35,2,0.0016326530612244899
N05,N07,N41,2,0.0016326530612244899
N05,N07,N42,2,0.0016326530612244899
N05,N07,N45,2,0.0016326530612244899
N05,N08,N11,2,0.0016326530612244899
N05,N08,N15,2,0.0016326530612244899
N05,N08,N16,2,0.0016326530612244899
N05,N08,N19,2,0.0016326530612244899
N05,N08,N28,2,0.0016326530612244899
N05,N08,N29,2,0.0016326530612244899
N05,N08,N30,2,0.0016326530612244899
N05,N08,N38,2,0.0016326530612244899
N05,N08,N42,2,0.0016326530612244899
N05,N08,N44,2,0.0016326530612244899
N05,N09,N15,2,0.0016326530612244899
N05,N09,N16,2,0.0016326530612244899
N05,N09,N21,2,0.0016326530612244899
N05,N09,N23,2,0.0016326530612244899
N05,N09,N29,2,0.0016326530612244899
N05,N09,N30,2,0.0016326530612244899
N05,N09,N35,2,0.0016326530612244899
N05,N09,N38,2,0.0016326530612244899
N05,N09,N40,2,0.0016326530612244899
N05,N10,N13,2,0.0016326530612244899
N05,N10,N27,2,0.0016326530612244899
N05,N10,N34,2,0.0016326530612244899
N05,N10,N43,2,0.0016326530612244899
N05,N10,N44,2,0.0016326530612244899
N05,N11,N13,2,0.0016326530612244899
N05,N11,N19,2,0.0016326530612244899
N05,N11,N20,2,0.0016326530612244899
N05,N11,N21,2,0.0016326530612244899
N05,N11,N23,2,0.0016326530612244899
N05,N11,N24,2,0.0016326530612244899
N05,N11,N32,2,0.0016326530612244899
N05,N11,N34,2,0.0016326530612244899
N05,N11,N35,2,0.0016326530612244899
N05,N11,N37,2,0.0016326530612244899
N05,N11,N39,2,0.0016326530612244899
N05,N11,N41,2,0.0016326530612244899
N05,N11,N43,2,0.0016326530612244899
N05,N12,N16,2,0.0016326530612244899
N05,N12,N18,2,0.0016326530612244899
N05,N12,N21,2,0.0016326530612244899
N05,N12,N22,2,0.0016326530612244899
N05,N12,N27,2,0.0016326530612244899
N05,N12,N30,2,0.0016326530612244899
N05,N12,N31,2,0.0016326530612244899
N05,N12,N34,2,0.0016326530612244899
N05,N12,N35,2,0.0016326530612244899
N05,N12,N40,2,0.0016326530612244899
N05,N12,N44,2,0.0016326530612244899
N05,N13,N19,2,0.0016326530612244899
N05,N13,N22,2,0.0016326530612244899
N05,N13,N23,2,0.0016326530612244899
N05,N13,N31,2,0.0016326530612244899
N05,N13,N36,2,0.0016326530612244899
N05,N13,N42,2,0.0016326530612244899
N05,N13,N45,2,0.0016326530612244899
N05,N14,N22,2,0.0016326530612244899
N05,N14,N24,2,0.0016326530612244899
N05,N14,N26,2,0.0016326530612244899
N05,N14,N29,2,0.0016326530612244899
N05,N14,N33,2,0.0016326530612244899
N05,N14,N37,2,0.0016326530612244899
N05,N14,N41,2,0.0016326530612244899
N05,N14,N44,2,0.0016326530612244899
N05,N15,N21,2,0.0016326530612244899
N05,N15,N25,2,0.0016326530612244899
N05,N15,N37,2,0.0016326530612244899
N05,N15,N42,2,0.0016326530612244899
N05,N15,N43,2,0.0016326530612244899
N05,N15,N45,2,0.0016326530612244899
N05,N16,N17,2,0.0016326530612244899
N05,N16,N20,2,0.0016326530612244899
N05,N16,N23,2,0.0016326530612244899
N05,N16,N24,2,0.0016326530612244899
N05,N16,N27,2,0.0016326530612244899
N05,N16,N28,2,0.0016326530612244899
N05,N16,N29,2,0.0016326530612244899
N05,N16,N42,2,0.0016326530612244899
N05,N16,N45,2,0.0016326530612244899
N05,N17,N18,2,0.0016326530612244899
N05,N17,N20,2,0.0016326530612244899
N05,N17,N23,2,0.0016326530612244899
N05,N17,N26,2,0.0016326530612244899
N05,N17,N27,2,0.0016326530612244899
N05,N17,N28,2,0.0016326530612244899
N05,N17,N32,2,0.0016326530612244899
N05,N17,N35,2,0.0016326530612244899
N05,N17,N36,2,0.0016326530612244899
N05,N17,N38,2,0.0016326530612244899
N05,N17,N43,2,0.0016326530612244899
N05,N17,N44,2,0.0016326530612244899
N05,N18,N19,2,0.0016326530612244899
N05,N18,N32,2,0.0016326530612244899
N05,N18,N36,2,0.0016326530612244899
N05,N18,N38,2,0.0016326530612244899
N05,N19,N26,2,0.0016326530612244899
N05,N19,N28,2,0.0016326530612244899
N05,N19,N31,2,0.0016326530612244899
N05,N19,N34,2,0.0016326530612244899
N05,N19,N36,2,0.0016326530612244899
N05,N19,N41,2,0.0016326530612244899
N05,N19,N42,2,0.0016326530612244899
N05,N19,N43,2,0.0016326530612244899
N05,N19,N44,2,0.0016326530612244899
N05,N19,N45,2,0.0016326530612244899
N05,N20,N22,2,0.0016326530612244899
N05,N20,N23,2,0.0016326530612244899
N05,N20,N33,2,0.0016326530612244899
N05,N20,N40,2,0.0016326530612244899
N05,N20,N43,2,0.0016326530612244899
N05,N21,N24,2,0.0016326530612244899
N05,N21,N30,2,0.0016326530612244899
N05,N21,N37,2,0.0016326530612244899
N05,N21,N38,2,0.0016326530612244899
N05,N21,N40,2,0.0016326530612244899
N05,N21,N41,2,0.0016326530612244899
N05,N21,N43,2,0.0016326530612244899
N05,N21,N45,2,0.0016326530612244899
N05,N22,N23,2,0.0016326530612244899
N05,N22,N26,2,0.0016326530612244899
N05,N22,N32,2,0.0016326530612244899
N05,N22,N36,2,0.0016326530612244899
N05,N22,N39,2,0.0016326530612244899
N05,N22,N44,2,0.0016326530612244899
N05,N23,N27,2,0.0016326530612244899
N05,N23,N30,2,0.0016326530612244899
N05,N23,N35,2,0.0016326530612244899
N05,N23,N40,2,0.0016326530612244899
N05,N23,N43,2,0.0016326530612244899
N05,N24,N25,2,0.0016326530612244899
N05,N24,N30,2,0.0016326530612244899
N05,N24,N32,2,0.0016326530612244899
N05,N24,N39,2,0.0016326530612244899
N05,N24,N42,2,0.0016326530612244899
N05,N25,N27,2,0.0016326530612244899
N05,N25,N28,2,0.0016326530612244899
N05,N25,N31,2,0.0016326530612244899
N05,N25,N39,2,0.0016326530612244899
N05,N25,N41,2,0.0016326530612244899
N05,N25,N44,2,0.0016326530612244899
N05,N25,N45,2,0.0016326530612244899
N05,N26,N29,2,0.0016326530612244899
N05,N26,N30,2,0.0016326530612244899
N05,N26,N39,2,0.0016326530612244899
N05,N26,N41,2,0.0016326530612244899
N05,N26,N42,2,0.0016326530612244899
N05,N27,N37,2,0.0016326530612244899
N05,N27,N40,2,0.0016326530612244899
N05,N27,N45,2,0.0016326530612244899
N05,N28,N33,2,0.0016326530612244899
N05,N28,N34,2,0.0016326530612244899
N05,N28,N41,2,0.0016326530612244899
N05,N28,N42,2,0.0016326530612244899
N05,N29,N32,2,0.0016326530612244899
N05,N29,N33,2,0.0016326530612244899
N05,N29,N35,2,0.0016326530612244899
N05,N29,N36,2,0.0016326530612244899
N05,N29,N37,2,0.0016326530612244899
N05,N29,N40,2,0.0016326530612244899
N05,N29,N43,2,0.0016326530612244899
N05,N29,N44,2,0.0016326530612244899
N05,N30,N34,2,0.0016326530612244899
N05,N30,N35,2,0.0016326530612244899
N05,N30,N39,2,0.0016326530612244899
N05,N31,N35,2,0.0016326530612244899
N05,N31,N41,2,0.0016326530612244899
N05,N31,N43,2,0.0016326530612244899
N05,N31,N44,2,0.0016326530612244899
N05,N32,N37,2,0.0016326530612244899
N05,N32,N41,2,0.0016326530612244899
N05,N32,N42,2,0.0016326530612244899
N05,N33,N39,2,0.0016326530612244899
N05,N33,N40,2,0.0016326530612244899
N05,N33,N42,2,0.0016326530612244899
N05,N34,N40,2,0.0016326530612244899
N05,N34,N41,2,0.0016326530612244899
N05,N35,N43,2,0.0016326530612244899
N05,N35,N44,2,0.0016326530612244899
N05,N36,N42,2,0.0016326530612244899
N05,N37,N38,2,0.0016326530612244899
N05,N37,N41,2,0.0016326530612244899
N05,N37,N42,2,0.0016326530612244899
N05,N38,N39,2,0.0016326530612244899
N05,N39,N40,2,0.0016326530612244899
N05,N40,N45,2,0.0016326530612244899
N05,N42,N44,2,0.0016326530612244899
N05,N43,N45,2,0.0016326530612244899
N06,N07,N18,2,0.0016326530612244899
N06,N07,N25,2,0.0016326530612244899
N06,N07,N26,2,0.0016326530612244899
N06,N07,N30,2,0.0016326530612244899
N06,N07,N34,2,0.0016326530612244899
N06,N07,N39,2,0.0016326530612244899
N06,N07,N43,2,0.0016326530612244899
N06,N07,N45,2,0.0016326530612244899
N06,N08,N14,2,0.0016326530612244899
N06,N08,N18,2,0.0016326530612244899
N06,N08,N21,2,0.0016326530612244899
N06,N08,N22,2,0.0016326530612244899
N06,N08,N26,2,0.0016326530612244899
N06,N08,N31,2,0.0016326530612244899
N06,N08,N35,2,0.0016326530612244899
N06,N08,N38,2,0.0016326530612244899
N06,N08,N39,2,0.0016326530612244899
N06,N08,N42,2,0.0016326530612244899
N06,N08,N45,2,0.0016326530612244899
N06,N09,N17,2,0.0016326530612244899
N06,N09,N19,2,0.0016326530612244899
N06,N09,N22,2,0.0016326530612244899
N06,N09,N25,2,0.0016326530612244899
N06,N09,N31,2,0.0016326530612244899
N06,N09,N32,2,0.0016326530612244899
N06,N10,N19,2,0.0016326530612244899
N06,N10,N20,2,0.0016326530612244899
N06,N10,N25,2,0.0016326530612244899
N06,N10,N28,2,0.0016326530612244899
N06,N10,N31,2,0.0016326530612244899
N06,N10,N32,2,0.0016326530612244899
N06,N10,N35,2,0.0016326530612244899
N06,N11,N14,2,0.0016326530612244899
N06,N11,N18,2,0.0016326530612244899
N06,N11,N21,2,0.0016326530612244899
N06,N11,N24,2,0.0016326530612244899
N06,N11,N26,2,0.0016326530612244899
N06,N11,N27,2,0.0016326530612244899
N06,N11,N31,2,0.0016326530612244899
N06,N11,N38,2,0.0016326530612244899
N06,N11,N39,2,0.0016326530612244899
N06,N11,N40,2,0.0016326530612244899
N06,N11,N41,2,0.0016326530612244899
N06,N11,N42,2,0.0016326530612244899
N06,N12,N21,2,0.0016326530612244899
N06,N12,N24,2,0.0016326530612244899
N06,N12,N35,2,0.0016326530612244899
N06,N12,N36,2,0.0016326530612244899
N06,N12,N41,2,0.0016326530612244899
N06,N12,N43,2,0.0016326530612244899
N06,N12,N44,2,0.0016326530612244899
N06,N13,N15,2,0.0016326530612244899
N06,N13,N20,2,0.0016326530612244899
N06,N13,N22,2,0.0016326530612244899
N06,N13,N23,2,0.0016326530612244899
N06,N13,N24,2,0.0016326530612244899
N06,N13,N29,2,0.0016326530612244899
N06,N13,N31,2,0.0016326530612244899
N06,N13,N32,2,0.0016326530612244899
N06,N13,N35,2,0.0016326530612244899
N06,N13,N42,2,0.0016326530612244899
N06,N13,N44,2,0.0016326530612244899
N06,N14,N15,2,0.0016326530612244899
N06,N14,N16,2,0.0016326530612244899
N06,N14,N18,2,0.0016326530612244899
N06,N14,N26,2,0.0016326530612244899
N06,N14,N27,2,0.0016326530612244899
N06,N14,N31,2,0.0016326530612244899
N06,N14,N37,2,0.0016326530612244899
N06,N14,N38,2,0.0016326530612244899
N06,N14,N42,2,0.0016326530612244899
N06,N15,N16,2,0.0016326530612244899
N06,N15,N19,2,0.0016326530612244899
N06,N15,N20,2,0.0016326530612244899
N06,N15,N21,2,0.0016326530612244899
N06,N15,N23,2,0.0016326530612244899
N06,N15,N24,2,0.0016326530612244899
N06,N15,N25,2,0.0016326530612244899
N06,N15,N26,2,0.0016326530612244899
N06,N15,N32,2,0.0016326530612244899
N06,N15,N36,2,0.0016326530612244899
N06,N15,N37,2,0.0016326530612244899
N06,N15,N39,2,0.0016326530612244899
N06,N16,N20,2,0.0016326530612244899
N06,N16,N21,2,0.0016326530612244899
N06,N16,N25,2,0.0016326530612244899
N06,N16,N27,2,0.0016326530612244899
N06,N16,N30,2,0.0016326530612244899
N06,N16,N32,2,0.0016326530612244899
N06,N16,N34,2,0.0016326530612244899
N06,N16,N40,2,0.0016326530612244899
N06,N16,N42,2,0.0016326530612244899
N06,N17,N19,2,0.0016326530612244899
N06,N17,N22,2,0.0016326530612244899
N06,N17,N23,2,0.0016326530612244899
N06,N17,N29,2,0.0016326530612244899
N06,N17,N34,2,0.0016326530612244899
N06,N17,N38,2,0.0016326530612244899
N06,N17,N43,2,0.0016326530612244899
N06,N18,N19,2,0.0016326530612244899
N06,N18,N25,2,0.0016326530612244899
N06,N18,N28,2,0.0016326530612244899
N06,N18,N29,2,0.0016326530612244899
N06,N18,N33,2,0.0016326530612244899
N06,N18,N36,2,0.0016326530612244899
N06,N18,N39,2,0.0016326530612244899
N06,N18,N40,2,0.0016326530612244899
N06,N18,N42,2,0.0016326530612244899
N06,N18,N45,2,0.0016326530612244899
N06,N19,N20,2,0.0016326530612244899
N06,N19,N23,2,0.0016326530612244899
N06,N19,N24,2,0.0016326530612244899
N06,N19,N32,2,0.0016326530612244899
N06,N19,N33,2,0.0016326530612244899
N06,N19,N36,2,0.0016326530612244899
N06,N19,N38,2,0.0016326530612244899
N06,N19,N40,2,0.0016326530612244899
N06,N19,N43,2,0.0016326530612244899
N06,N19,N44,2,0.0016326530612244899
N06,N20,N24,2,0.0016326530612244899
N06,N20,N44,2,0.0016326530612244899
N06,N21,N22,2,0.0016326530612244899
N06,N21,N30,2,0.0016326530612244899
N06,N21,N31,2,0.0016326530612244899
N06,N21,N33,2,0.0016326530612244899
N06,N22,N23,2,0.0016326530612244899
N06,N22,N29,2,0.0016326530612244899
N06,N22,N30,2,0.0016326530612244899
N06,N22,N34,2,0.0016326530612244899
N06,N22,N37,2,0.0016326530612244899
N06,N22,N38,2,0.0016326530612244899
N06,N22,N39,2,0.0016326530612244899
N06,N22,N43,2,0.0016326530612244899
N06,N22,N44,2,0.0016326530612244899
N06,N22,N45,2,0.0016326530612244899
N06,N23,N31,2,0.0016326530612244899
N06,N23,N32,2,0.0016326530612244899
N06,N24,N25,2,0.0016326530612244899
N06,N24,N35,2,0.0016326530612244899
N06,N24,N42,2,0.0016326530612244899
N06,N25,N26,2,0.0016326530612244899
N06,N25,N28,2,0.0016326530612244899
N06,N25,N32,2,0.0016326530612244899
N06,N25,N34,2,0.0016326530612244899
N06,N25,N37,2,0.0016326530612244899
N06,N25,N40,2,0.0016326530612244899
N06,N25,N44,2,0.0016326530612244899
N06,N26,N27,2,0.0016326530612244899
N06,N26,N36,2,0.0016326530612244899
N06,N26,N39,2,0.0016326530612244899
N06,N26,N44,2,0.0016326530612244899
N06,N26,N45,2,0.0016326530612244899
N06,N27,N39,2,0.0016326530612244899
N06,N27,N42,2,0.0016326530612244899
N06,N27,N43,2,0.0016326530612244899
N06,N28,N36,2,0.0016326530612244899
N06,N28,N39,2,0.0016326530612244899
N06,N28,N41,2,0.0016326530612244899
N06,N28,N42,2,0.0016326530612244899
N06,N28,N44,2,0.0016326530612244899
N06,N29,N37,2,0.0016326530612244899
N06,N29,N38,2,0.0016326530612244899
N06,N29,N41,2,0.0016326530612244899
N06,N30,N35,2,0.0016326530612244899
N06,N30,N36,2,0.0016326530612244899
N06,N30,N41,2,0.0016326530612244899
N06,N30,N43,2,0.0016326530612244899
N06,N31,N34,2,0.0016326530612244899
N06,N31,N44,2,0.0016326530612244899
N06,N31,N45,2,0.0016326530612244899
N06,N32,N34,2,0.0016326530612244899
N06,N32,N35,2,0.0016326530612244899
N06,N32,N36,2,0.0016326530612244899
N06,N32,N38,2,0.0016326530612244899
N06,N32,N39,2,0.0016326530612244899
N06,N32,N40,2,0.0016326530612244899
N06,N32,N44,2,0.0016326530612244899
N06,N33,N40,2,0.0016326530612244899
N06,N33,N44,2,0.0016326530612244899
N06,N34,N35,2,0.0016326530612244899
N06,N34,N38,2,0.0016326530612244899
N06,N34,N39,2,0.0016326530612244899
N06,N34,N40,2,0.0016326530612244899
N06,N34,N41,2,0.0016326530612244899
N06,N34,N44,2,0.0016326530612244899
N06,N35,N37,2,0.0016326530612244899
N06,N35,N38,2,0.0016326530612244899
N06,N35,N43,2,0.0016326530612244899
N06,N36,N37,2,0.0016326530612244899
N06,N36,N41,2,0.0016326530612244899
N06,N37,N45,2,0.0016326530612244899
N06,N38,N41,2,0.0016326530612244899
N06,N39,N40,2,0.0016326530612244899
N06,N39,N43,2,0.0016326530612244899
N06,N41,N43,2,0.0016326530612244899
N06,N43,N44,2,0.0016326530612244899
N06,N43,N45,2,0.0016326530612244899
N07,N08,N09,2,0.0016326530612244899
N07,N08,N15,2,0.0016326530612244899
N07,N08,N17,2,0.0016326530612244899
N07,N08,N20,2,0.0016326530612244899
N07,N08,N21,2,0.0016326530612244899
N07,N08,N29,2,0.0016326530612244899
N07,N08,N32,2,0.0016326530612244899
N07,N08,N34,2,0.0016326530612244899
N07,N08,N36,2,0.0016326530612244899
N07,N08,N42,2,0.0016326530612244899
N07,N09,N13,2,0.0016326530612244899
N07,N09,N15,2,0.0016326530612244899
N07,N09,N18,2,0.0016326530612244899
N07,N09,N22,2,0.0016326530612244899
N07,N09,N28,2,0.0016326530612244899
N07,N09,N33,2,0.0016326530612244899
N07,N09,N37,2,0.0016326530612244899
N07,N09,N39,2,0.0016326530612244899
N07,N10,N13,2,0.0016326530612244899
N07,N10,N28,2,0.0016326530612244899
N07,N10,N33,2,0.0016326530612244899
N07,N10,N35,2,0.0016326530612244899
N07,N10,N36,2,0.0016326530612244899
N07,N10,N41,2,0.0016326530612244899
N07,N10,N44,2,0.0016326530612244899
N07,N11,N18,2,0.0016326530612244899
N07,N11,N20,2,0.0016326530612244899
N07,N11,N24,2,0.0016326530612244899
N07,N11,N27,2,0.0016326530612244899
N07,N11,N29,2,0.0016326530612244899
N07,N11,N31,2,0.0016326530612244899
N07,N11,N42,2,0.0016326530612244899
N07,N11,N45,2,0.0016326530612244899
N07,N12,N14,2,0.0016326530612244899
N07,N12,N18,2,0.0016326530612244899
N07,N12,N25,2,0.0016326530612244899
N07,N12,N31,2,0.0016326530612244899
N07,N12,N32,2,0.0016326530612244899
N07,N12,N33,2,0.0016326530612244899
N07,N12,N35,2,0.0016326530612244899
N07,N12,N40,2,0.0016326530612244899
N07,N12,N42,2,0.0016326530612244899
N07,N12,N43,2,0.0016326530612244899
N07,N12,N45,2,0.0016326530612244899
N07,N13,N15,2,0.0016326530612244899
N07,N13,N16,2,0.0016326530612244899
N07,N13,N19,2,0.0016326530612244899
N07,N13,N20,2,0.0016326530612244899
N07,N13,N21,2,0.0016326530612244899
N07,N13,N24,2,0.0016326530612244899
N07,N13,N29,2,0.0016326530612244899
N07,N13,N31,2,0.0016326530612244899
N07,N13,N41,2,0.0016326530612244899
N07,N13,N42,2,0.0016326530612244899
N07,N13,N43,2,0.0016326530612244899
N07,N14,N15,2,0.0016326530612244899
N07,N14,N22,2,0.0016326530612244899
N07,N14,N23,2,0.0016326530612244899
N07,N14,N26,2,0.0016326530612244899
N07,N14,N33,2,0.0016326530612244899
N07,N14,N34,2,0.0016326530612244899
N07,N14,N39,2,0.0016326530612244899
N07,N14,N40,2,0.0016326530612244899
N07,N15,N16,2,0.0016326530612244899
N07,N15,N19,2,0.0016326530612244899
N07,N15,N21,2,0.0016326530612244899
N07,N15,N25,2,0.0016326530612244899
N07,N15,N33,2,0.0016326530612244899
N07,N15,N36,2,0.0016326530612244899
N07,N15,N37,2,0.0016326530612244899
N07,N15,N38,2,0.0016326530612244899
N07,N15,N39,2,0.0016326530612244899
N07,N15,N40,2,0.0016326530612244899
N07,N15,N44,2,0.0016326530612244899
N07,N15,N45,2,0.0016326530612244899
N07,N16,N19,2,0.0016326530612244899
N07,N16,N20,2,0.0016326530612244899
N07,N16,N27,2,0.0016326530612244899
N07,N16,N29,2,0.0016326530612244899
N07,N16,N34,2,0.0016326530612244899
N07,N16,N35,2,0.0016326530612244899
N07,N16,N37,2,0.0016326530612244899
N07,N16,N42,2,0.0016326530612244899
N07,N16,N45,2,0.0016326530612244899
N07,N17,N19,2,0.0016326530612244899
N07,N17,N22,2,0.0016326530612244899
N07,N17,N28,2,0.0016326530612244899
N07,N17,N36,2,0.0016326530612244899
N07,N17,N39,2,0.0016326530612244899
N07,N17,N40,2,0.0016326530612244899
N07,N18,N22,2,0.0016326530612244899
N07,N18,N24,2,0.0016326530612244899
N07,N18,N25,2,0.0016326530612244899
N07,N18,N27,2,0.0016326530612244899
N07,N18,N28,2,0.0016326530612244899
N07,N18,N31,2,0.0016326530612244899
N07,N18,N32,2,0.0016326530612244899
N07,N18,N34,2,0.0016326530612244899
N07,N18,N37,2,0.0016326530612244899
N07,N18,N40,2,0.0016326530612244899
N07,N18,N44,2,0.0016326530612244899
N07,N19,N30,2,0.0016326530612244899
N07,N19,N31,2,0.0016326530612244899
N07,N19,N39,2,0.0016326530612244899
N07,N19,N41,2,0.0016326530612244899
N07,N19,N42,2,0.0016326530612244899
N07,N19,N43,2,0.0016326530612244899
N07,N20,N21,2,0.0016326530612244899
N07,N20,N23,2,0.0016326530612244899
N07,N20,N29,2,0.0016326530612244899
N07,N20,N36,2,0.0016326530612244899
N07,N20,N38,2,0.0016326530612244899
N07,N20,N42,2,0.0016326530612244899
N07,N20,N44,2,0.0016326530612244899
N07,N21,N27,2,0.0016326530612244899
N07,N21,N30,2,0.0016326530612244899
N07,N21,N39,2,0.0016326530612244899
N07,N21,N43,2,0.0016326530612244899
N07,N22,N23,2,0.0016326530612244899
N07,N22,N25,2,0.0016326530612244899
N07,N22,N26,2,0.0016326530612244899
N07,N22,N27,2,0.0016326530612244899
N07,N22,N41,2,0.0016326530612244899
N07,N22,N42,2,0.0016326530612244899
N07,N22,N43,2,0.0016326530612244899
N07,N23,N24,2,0.0016326530612244899
N07,N23,N29,2,0.0016326530612244899
N07,N23,N36,2,0.0016326530612244899
N07,N23,N39,2,0.0016326530612244899
N07,N23,N45,2,0.0016326530612244899
N07,N24,N25,2,0.0016326530612244899
N07,N24,N29,2,0.0016326530612244899
N07,N24,N31,2,0.0016326530612244899
N07,N24,N35,2,0.0016326530612244899
N07,N24,N38,2,0.0016326530612244899
N07,N25,N26,2,0.0016326530612244899
N07,N25,N28,2,0.0016326530612244899
N07,N25,N38,2,0.0016326530612244899
N07,N25,N40,2,0.0016326530612244899
N07,N25,N43,2,0.0016326530612244899
N07,N26,N28,2,0.0016326530612244899
N07,N26,N29,2,0.0016326530612244899
N07,N26,N33,2,0.0016326530612244899
N07,N26,N37,2,0.0016326530612244899
N07,N26,N42,2,0.0016326530612244899
N07,N26,N43,2,0.0016326530612244899
N07,N26,N44,2,0.0016326530612244899
N07,N26,N45,2,0.0016326530612244899
N07,N27,N30,2,0.0016326530612244899
N07,N27,N40,2,0.0016326530612244899
N07,N27,N41,2,0.0016326530612244899
N07,N27,N45,2,0.0016326530612244899
N07,N28,N30,2,0.0016326530612244899
N07,N28,N38,2,0.0016326530612244899
N07,N28,N39,2,0.0016326530612244899
N07,N28,N42,2,0.0016326530612244899
N07,N28,N43,2,0.0016326530612244899
N07,N29,N30,2,0.0016326530612244899
N07,N29,N31,2,0.0016326530612244899
N07,N29,N32,2,0.0016326530612244899
N07,N30,N37,2,0.0016326530612244899
N07,N30,N40,2,0.0016326530612244899
N07,N30,N41,2,0.0016326530612244899
N07,N30,N44,2,0.0016326530612244899
N07,N31,N33,2,0.0016326530612244899
N07,N32,N33,2,0.0016326530612244899
N07,N32,N34,2,0.0016326530612244899
N07,N32,N35,2,0.0016326530612244899
N07,N33,N38,2,0.0016326530612244899
N07,N33,N41,2,0.0016326530612244899
N07,N33,N43,2,0.0016326530612244899
N07,N33,N45,2,0.0016326530612244899
N07,N34,N35,2,0.0016326530612244899
N07,N34,N39,2,0.0016326530612244899
N07,N34,N42,2,0.0016326530612244899
N07,N35,N38,2,0.0016326530612244899
N07,N36,N40,2,0.0016326530612244899
N07,N36,N41,2,0.0016326530612244899
N07,N36,N42,2,0.0016326530612244899
N07,N37,N43,2,0.0016326530612244899
N07,N39,N40,2,0.0016326530612244899
N07,N39,N43,2,0.0016326530612244899
N07,N40,N43,2,0.0016326530612244899
N07,N40,N44,2,0.0016326530612244899
N07,N41,N44,2,0.0016326530612244899
N08,N09,N18,2,0.0016326530612244899
N08,N09,N19,2,0.0016326530612244899
N08,N09,N24,2,0.0016326530612244899
N08,N09,N25,2,0.0016326530612244899
N08,N09,N33,2,0.0016326530612244899
N08,N09,N40,2,0.0016326530612244899
N08,N10,N13,2,0.0016326530612244899
N08,N10,N15,2,0.0016326530612244899
N08,N10,N18,2,0.0016326530612244899
N08,N10,N21,2,0.0016326530612244899
N08,N10,N23,2,0.0016326530612244899
N08,N10,N24,2,0.0016326530612244899
N08,N10,N27,2,0.0016326530612244899
N08,N10,N33,2,0.0016326530612244899
N08,N10,N34,2,0.0016326530612244899
N08,N10,N36,2,0.0016326530612244899
N08,N10,N40,2,0.0016326530612244899
N08,N10,N41,2,0.0016326530612244899
N08,N11,N13,2,0.0016326530612244899
N08,N11,N17,2,0.0016326530612244899
N08,N11,N19,2,0.0016326530612244899
N08,N11,N22,2,0.0016326530612244899
N08,N11,N37,2,0.0016326530612244899
N08,N11,N39,2,0.0016326530612244899
N08,N12,N13,2,0.0016326530612244899
N08,N12,N31,2,0.0016326530612244899
N08,N12,N43,2,0.0016326530612244899
N08,N13,N16,2,0.0016326530612244899
N08,N13,N18,2,0.0016326530612244899
N08,N13,N19,2,0.0016326530612244899
N08,N13,N20,2,0.0016326530612244899
N08,N13,N22,2,0.0016326530612244899
N08,N13,N29,2,0.0016326530612244899
N08,N13,N31,2,0.0016326530612244899
N08,N13,N33,2,0.0016326530612244899
N08,N14,N15,2,0.0016326530612244899
N08,N14,N17,2,0.0016326530612244899
N08,N14,N27,2,0.0016326530612244899
N08,N14,N32,2,0.0016326530612244899
N08,N14,N37,2,0.0016326530612244899
N08,N14,N44,2,0.0016326530612244899
N08,N15,N17,2,0.0016326530612244899
N08,N15,N20,2,0.0016326530612244899
N08,N15,N30,2,0.0016326530612244899
N08,N15,N33,2,0.0016326530612244899
N08,N15,N37,2,0.0016326530612244899
N08,N15,N38,2,0.0016326530612244899
N08,N15,N44,2,0.0016326530612244899
N08,N16,N17,2,0.0016326530612244899
N08,N16,N19,2,0.0016326530612244899
N08,N16,N25,2,0.0016326530612244899
N08,N16,N26,2,0.0016326530612244899
N08,N16,N29,2,0.0016326530612244899
N08,N16,N36,2,0.0016326530612244899
N08,N16,N44,2,0.0016326530612244899
N08,N17,N19,2,0.0016326530612244899
N08,N17,N29,2,0.0016326530612244899
N08,N17,N38,2,0.0016326530612244899
N08,N17,N40,2,0.0016326530612244899
N08,N18,N23,2,0.0016326530612244899
N08,N18,N30,2,0.0016326530612244899
N08,N18,N31,2,0.0016326530612244899
N08,N18,N35,2,0.0016326530612244899
N08,N18,N40,2,0.0016326530612244899
N08,N18,N42,2,0.0016326530612244899
N08,N18,N43,2,0.0016326530612244899
N08,N19,N20,2,0.0016326530612244899
N08,N19,N38,2,0.0016326530612244899
N08,N19,N41,2,0.0016326530612244899
N08,N20,N34,2,0.0016326530612244899
N08,N20,N35,2,0.0016326530612244899
N08,N20,N36,2,0.0016326530612244899
N08,N20,N41,2,0.0016326530612244899
N08,N20,N43,2,0.0016326530612244899
N08,N21,N23,2,0.0016326530612244899
N08,N21,N28,2,0.0016326530612244899
N08,N21,N40,2,0.0016326530612244899
N08,N21,N45,2,0.0016326530612244899
N08,N22,N26,2,0.0016326530612244899
N08,N22,N32,2,0.0016326530612244899
N08,N22,N41,2,0.0016326530612244899
N08,N22,N42,2,0.0016326530612244899
N08,N23,N33,2,0.0016326530612244899
N08,N23,N40,2,0.0016326530612244899
N08,N23,N43,2,0.0016326530612244899
N08,N24,N34,2,0.0016326530612244899
N08,N24,N44,2,0.0016326530612244899
N08,N24,N45,2,0.0016326530612244899
N08,N25,N28,2,0.0016326530612244899
N08,N25,N29,2,0.0016326530612244899
N08,N25,N31,2,0.0016326530612244899
N08,N25,N32,2,0.0016326530612244899
N08,N25,N34,2,0.0016326530612244899
N08,N25,N45,2,0.0016326530612244899
N08,N26,N32,2,0.0016326530612244899
N08,N26,N38,2,0.0016326530612244899
N08,N26,N45,2,0.0016326530612244899
N08,N27,N30,2,0.0016326530612244899
N08,N27,N32,2,0.0016326530612244899
N08,N27,N34,2,0.0016326530612244899
N08,N27,N37,2,0.0016326530612244899
N08,N27,N39,2,0.0016326530612244899
N08,N28,N31,2,0.0016326530612244899
N08,N28,N32,2,0.0016326530612244899
N08,N28,N34,2,0.0016326530612244899
N08,N28,N36,2,0.0016326530612244899
N08,N28,N38,2,0.0016326530612244899
N08,N28,N42,2,0.0016326530612244899
N08,N28,N43,2,0.0016326530612244899
N08,N28,N45,2,0.0016326530612244899
N08,N29,N35,2,0.0016326530612244899
N08,N29,N36,2,0.0016326530612244899
N08,N29,N38,2,0.0016326530612244899
N08,N29,N42,2,0.0016326530612244899
N08,N29,N43,2,0.0016326530612244899
N08,N29,N44,2,0.0016326530612244899
N08,N29,N45,2,0.0016326530612244899
N08,N30,N33,2,0.0016326530612244899
N08,N30,N35,2,0.0016326530612244899
N08,N30,N37,2,0.0016326530612244899
N08,N30,N40,2,0.0016326530612244899
N08,N30,N41,2,0.0016326530612244899
N08,N31,N35,2,0.0016326530612244899
N08,N31,N41,2,0.0016326530612244899
N08,N31,N43,2,0.0016326530612244899
N08,N31,N45,2,0.0016326530612244899
N08,N32,N33,2,0.0016326530612244899
N08,N32,N35,2,0.0016326530612244899
N08,N32,N37,2,0.0016326530612244899
N08,N32,N39,2,0.0016326530612244899
N08,N32,N43,2,0.0016326530612244899
N08,N32,N45,2,0.0016326530612244899
N08,N33,N34,2,0.0016326530612244899
N08,N33,N35,2,0.0016326530612244899
N08,N33,N41,2,0.0016326530612244899
N08,N34,N36,2,0.0016326530612244899
N08,N34,N40,2,0.0016326530612244899
N08,N34,N44,2,0.0016326530612244899
N08,N34,N45,2,0.0016326530612244899
N08,N35,N37,2,0.0016326530612244899
N08,N35,N38,2,0.0016326530612244899
N08,N35,N41,2,0.0016326530612244899
N08,N35,N42,2,0.0016326530612244899
N08,N35,N43,2,0.0016326530612244899
N08,N35,N45,2,0.0016326530612244899
N08,N36,N42,2,0.0016326530612244899
N08,N36,N44,2,0.0016326530612244899
N08,N37,N39,2,0.0016326530612244899
N08,N39,N41,2,0.0016326530612244899
N08,N39,N42,2,0.0016326530612244899
N08,N40,N44,2,0.0016326530612244899
N08,N40,N45,2,0.0016326530612244899
N08,N43,N44,2,0.0016326530612244899
N08,N43,N45,2,0.0016326530612244899
N09,N10,N14,2,0.0016326530612244899
N09,N10,N24,2,0.0016326530612244899
N09,N10,N29,2,0.0016326530612244899
N09,N10,N33,2,0.0016326530612244899
N09,N10,N37,2,0.0016326530612244899
N09,N10,N45,2,0.0016326530612244899
N09,N11,N15,2,0.0016326530612244899
N09,N11,N21,2,0.0016326530612244899
N09,N11,N22,2,0.0016326530612244899
N09,N11,N31,2,0.0016326530612244899
N09,N11,N32,2,0.0016326530612244899
N09,N11,N35,2,0.0016326530612244899
N09,N11,N37,2,0.0016326530612244899
N09,N11,N38,2,0.0016326530612244899
N09,N11,N41,2,0.0016326530612244899
N09,N12,N21,2,0.0016326530612244899
N09,N12,N24,2,0.0016326530612244899
N09,N12,N27,2,0.0016326530612244899
N09,N12,N28,2,0.0016326530612244899
N09,N12,N29,2,0.0016326530612244899
N09,N13,N19,2,0.0016326530612244899
N09,N13,N21,2,0.0016326530612244899
N09,N13,N24,2,0.0016326530612244899
N09,N13,N25,2,0.0016326530612244899
N09,N13,N28,2,0.0016326530612244899
N09,N13,N31,2,0.0016326530612244899
N09,N13,N32,2,0.0016326530612244899
N09,N13,N35,2,0.0016326530612244899
N09,N13,N39,2,0.0016326530612244899
N09,N13,N43,2,0.0016326530612244899
N09,N13,N45,2,0.0016326530612244899
N09,N14,N18,2,0.0016326530612244899
N09,N14,N22,2,0.0016326530612244899
N09,N14,N34,2,0.0016326530612244899
N09,N14,N42,2,0.0016326530612244899
N09,N15,N19,2,0.0016326530612244899
N09,N15,N23,2,0.0016326530612244899
N09,N15,N27,2,0.0016326530612244899
N09,N15,N28,2,0.0016326530612244899
N09,N15,N29,2,0.0016326530612244899
N09,N15,N36,2,0.0016326530612244899
N09,N16,N17,2,0.0016326530612244899
N09,N16,N19,2,0.0016326530612244899
N09,N16,N26,2,0.0016326530612244899
N09,N16,N29,2,0.0016326530612244899
N09,N16,N36,2,0.0016326530612244899
N09,N16,N40,2,0.0016326530612244899
N09,N17,N29,2,0.0016326530612244899
N09,N17,N32,2,0.0016326530612244899
N09,N17,N35,2,0.0016326530612244899
N09,N17,N38,2,0.0016326530612244899
N09,N17,N43,2,0.0016326530612244899
N09,N18,N19,2,0.0016326530612244899
N09,N18,N20,2,0.0016326530612244899
N09,N18,N22,2,0.0016326530612244899
N09,N18,N23,2,0.0016326530612244899
N09,N18,N25,2,0.0016326530612244899
N09,N18,N27,2,0.0016326530612244899
N09,N18,N32,2,0.0016326530612244899
N09,N18,N33,2,0.0016326530612244899
N09,N18,N34,2,0.0016326530612244899
N09,N18,N37,2,0.0016326530612244899
N09,N18,N38,2,0.0016326530612244899
N09,N18,N40,2,0.0016326530612244899
N09,N18,N42,2,0.0016326530612244899
N09,N18,N45,2,0.0016326530612244899
N09,N19,N23,2,0.0016326530612244899
N09,N19,N24,2,0.0016326530612244899
N09,N19,N25,2,0.0016326530612244899
N09,N19,N30,2,0.0016326530612244899
N09,N19,N35,2,0.0016326530612244899
N09,N19,N41,2,0.0016326530612244899
N09,N20,N21,2,0.0016326530612244899
N09,N20,N25,2,0.0016326530612244899
N09,N20,N33,2,0.0016326530612244899
N09,N20,N36,2,0.0016326530612244899
N09,N20,N39,2,0.0016326530612244899
N09,N21,N29,2,0.0016326530612244899
N09,N21,N32,2,0.0016326530612244899
N09,N21,N33,2,0.0016326530612244899
N09,N21,N35,2,0.0016326530612244899
N09,N21,N37,2,0.0016326530612244899
N09,N22,N24,2,0.0016326530612244899
N09,N22,N30,2,0.0016326530612244899
N09,N22,N37,2,0.0016326530612244899
N09,N22,N42,2,0.0016326530612244899
N09,N22,N44,2,0.0016326530612244899
N09,N23,N24,2,0.0016326530612244899
N09,N23,N28,2,0.0016326530612244899
N09,N23,N33,2,0.0016326530612244899
N09,N23,N35,2,0.0016326530612244899
N09,N23,N38,2,0.0016326530612244899
N09,N23,N39,2,0.0016326530612244899
N09,N23,N45,2,0.0016326530612244899
N09,N24,N25,2,0.0016326530612244899
N09,N24,N27,2,0.0016326530612244899
N09,N24,N29,2,0.0016326530612244899
N09,N24,N34,2,0.0016326530612244899
N09,N24,N36,2,0.0016326530612244899
N09,N24,N44,2,0.0016326530612244899
N09,N25,N29,2,0.0016326530612244899
N09,N25,N36,2,0.0016326530612244899
N09,N25,N39,2,0.0016326530612244899
N09,N25,N41,2,0.0016326530612244899
N09,N25,N42,2,0.0016326530612244899
N09,N25,N43,2,0.0016326530612244899
N09,N26,N27,2,0.0016326530612244899
N09,N26,N28,2,0.0016326530612244899
N09,N26,N30,2,0.0016326530612244899
N09,N26,N35,2,0.0016326530612244899
N09,N26,N38,2,0.0016326530612244899
N09,N26,N40,2,0.0016326530612244899
N09,N26,N45,2,0.0016326530612244899
N09,N27,N31,2,0.0016326530612244899
N09,N27,N35,2,0.0016326530612244899
N09,N27,N37,2,0.0016326530612244899
N09,N27,N40,2,0.0016326530612244899
N09,N27,N41,2,0.0016326530612244899
N09,N27,N42,2,0.0016326530612244899
N09,N27,N43,2,0.0016326530612244899
N09,N27,N44,2,0.0016326530612244899
N09,N27,N45,2,0.0016326530612244899
N09,N28,N38,2,0.0016326530612244899
N09,N28,N39,2,0.0016326530612244899
N09,N28,N40,2,0.0016326530612244899
N09,N28,N43,2,0.0016326530612244899
N09,N28,N45,2,0.0016326530612244899
N09,N29,N31,2,0.0016326530612244899
N09,N29,N32,2,0.0016326530612244899
N09,N30,N39,2,0.0016326530612244899
N09,N30,N43,2,0.0016326530612244899
N09,N30,N44,2,0.0016326530612244899
N09,N31,N32,2,0.0016326530612244899
N09,N31,N41,2,0.0016326530612244899
N09,N31,N44,2,0.0016326530612244899
N09,N32,N37,2,0.0016326530612244899
N09,N32,N40,2,0.0016326530612244899
N09,N32,N43,2,0.0016326530612244899
N09,N33,N34,2,0.0016326530612244899
N09,N33,N38,2,0.0016326530612244899
N09,N33,N45,2,0.0016326530612244899
N09,N34,N37,2,0.0016326530612244899
N09,N34,N38,2,0.0016326530612244899
N09,N34,N40,2,0.0016326530612244899
N09,N34,N43,2,0.0016326530612244899
N09,N35,N38,2,0.0016326530612244899
N09,N35,N39,2,0.0016326530612244899
N09,N35,N41,2,0.0016326530612244899
N09,N35,N45,2,0.0016326530612244899
N09,N36,N39,2,0.0016326530612244899
N09,N36,N40,2,0.0016326530612244899
N09,N36,N41,2,0.0016326530612244899
N09,N36,N45,2,0.0016326530612244899
N09,N37,N39,2,0.0016326530612244899
N09,N37,N42,2,0.0016326530612244899
N09,N38,N43,2,0.0016326530612244899
N09,N39,N45,2,0.0016326530612244899
N09,N40,N43,2,0.0016326530612244899
N09,N41,N42,2,0.0016326530612244899
N09,N42,N44,2,0.0016326530612244899
N09,N43,N45,2,0.0016326530612244899
N10,N11,N12,2,0.0016326530612244899
N10,N11,N14,2,0.0016326530612244899
N10,N11,N15,2,0.0016326530612244899
N10,N11,N18,2,0.0016326530612244899
N10,N11,N20,2,0.0016326530612244899
N10,N11,N22,2,0.0016326530612244899
N10,N11,N24,2,0.0016326530612244899
N10,N11,N25,2,0.0016326530612244899
N10,N11,N31,2,0.0016326530612244899
N10,N11,N34,2,0.0016326530612244899
N10,N11,N35,2,0.0016326530612244899
N10,N11,N38,2,0.0016326530612244899
N10,N12,N13,2,0.0016326530612244899
N10,N12,N16,2,0.0016326530612244899
N10,N12,N18,2,0.0016326530612244899
N10,N12,N22,2,0.0016326530612244899
N10,N12,N26,2,0.0016326530612244899
N10,N12,N29,2,0.0016326530612244899
N10,N12,N31,2,0.0016326530612244899
N10,N13,N19,2,0.0016326530612244899
N10,N13,N22,2,0.0016326530612244899
N10,N13,N26,2,0.0016326530612244899
N10,N13,N28,2,0.0016326530612244899
N10,N13,N31,2,0.0016326530612244899
N10,N13,N43,2,0.0016326530612244899
N10,N13,N44,2,0.0016326530612244899
N10,N14,N19,2,0.0016326530612244899
N10,N14,N23,2,0.0016326530612244899
N10,N14,N24,2,0.0016326530612244899
N10,N14,N25,2,0.0016326530612244899
N10,N14,N28,2,0.0016326530612244899
N10,N14,N30,2,0.0016326530612244899
N10,N14,N31,2,0.0016326530612244899
N10,N14,N32,2,0.0016326530612244899
N10,N14,N35,2,0.0016326530612244899
N10,N14,N40,2,0.0016326530612244899
N10,N14,N42,2,0.0016326530612244899
N10,N15,N16,2,0.0016326530612244899
N10,N15,N18,2,0.0016326530612244899
N10,N15,N19,2,0.0016326530612244899
N10,N15,N20,2,0.0016326530612244899
N10,N15,N23,2,0.0016326530612244899
N10,N15,N25,2,0.0016326530612244899
N10,N15,N27,2,0.0016326530612244899
N10,N15,N29,2,0.0016326530612244899
N10,N15,N31,2,0.0016326530612244899
N10,N15,N32,2,0.0016326530612244899
N10,N15,N33,2,0.0016326530612244899
N10,N15,N34,2,0.0016326530612244899
N10,N15,N36,2,0.0016326530612244899
N10,N15,N37,2,0.0016326530612244899
N10,N15,N38,2,0.0016326530612244899
N10,N15,N44,2,0.0016326530612244899
N10,N16,N17,2,0.0016326530612244899
N10,N16,N24,2,0.0016326530612244899
N10,N16,N26,2,0.0016326530612244899
N10,N16,N29,2,0.0016326530612244899
N10,N16,N33,2,0.0016326530612244899
N10,N16,N34,2,0.0016326530612244899
N10,N16,N40,2,0.0016326530612244899
N10,N16,N42,2,0.0016326530612244899
N10,N16,N43,2,0.0016326530612244899
N10,N17,N18,2,0.0016326530612244899
N10,N17,N22,2,0.0016326530612244899
N10,N17,N27,2,0.0016326530612244899
N10,N17,N28,2,0.0016326530612244899
N10,N17,N34,2,0.0016326530612244899
N10,N17,N43,2,0.0016326530612244899
N10,N18,N19,2,0.0016326530612244899
N10,N18,N20,2,0.0016326530612244899
N10,N18,N25,2,0.0016326530612244899
N10,N18,N29,2,0.0016326530612244899
N10,N18,N36,2,0.0016326530612244899
N10,N18,N37,2,0.0016326530612244899
N10,N18,N39,2,0.0016326530612244899
N10,N18,N40,2,0.0016326530612244899
N10,N18,N42,2,0.0016326530612244899
N10,N19,N20,2,0.0016326530612244899
N10,N19,N21,2,0.0016326530612244899
N10,N19,N24,2,0.0016326530612244899
N10,N19,N34,2,0.0016326530612244899
N10,N19,N35,2,0.0016326530612244899
N10,N19,N37,2,0.0016326530612244899
N10,N19,N38,2,0.0016326530612244899
N10,N19,N44,2,0.0016326530612244899
N10,N20,N23,2,0.0016326530612244899
N10,N20,N25,2,0.0016326530612244899
N10,N20,N27,2,0.0016326530612244899
N10,N20,N31,2,0.0016326530612244899
N10,N20,N32,2,0.0016326530612244899
N10,N20,N40,2,0.0016326530612244899
N10,N21,N31,2,0.0016326530612244899
N10,N21,N35,2,0.0016326530612244899
N10,N21,N39,2,0.0016326530612244899
N10,N21,N41,2,0.0016326530612244899
N10,N21,N43,2,0.0016326530612244899
N10,N22,N25,2,0.0016326530612244899
N10,N22,N29,2,0.0016326530612244899
N10,N22,N30,2,0.0016326530612244899
N10,N22,N32,2,0.0016326530612244899
N10,N22,N37,2,0.0016326530612244899
N10,N22,N38,2,0.0016326530612244899
N10,N22,N39,2,0.0016326530612244899
N10,N22,N43,2,0.0016326530612244899
N10,N23,N27,2,0.0016326530612244899
N10,N23,N28,2,0.0016326530612244899
N10,N23,N33,2,0.0016326530612244899
N10,N23,N35,2,0.0016326530612244899
N10,N23,N39,2,0.0016326530612244899
N10,N23,N44,2,0.0016326530612244899
N10,N24,N25,2,0.0016326530612244899
N10,N24,N31,2,0.0016326530612244899
N10,N24,N42,2,0.0016326530612244899
N10,N24,N43,2,0.0016326530612244899
N10,N25,N31,2,0.0016326530612244899
N10,N25,N33,2,0.0016326530612244899
N10,N25,N34,2,0.0016326530612244899
N10,N25,N41,2,0.0016326530612244899
N10,N26,N34,2,0.0016326530612244899
N10,N26,N37,2,0.0016326530612244899
N10,N26,N44,2,0.0016326530612244899
N10,N27,N35,2,0.0016326530612244899
N10,N27,N39,2,0.0016326530612244899
N10,N27,N40,2,0.0016326530612244899
N10,N27,N42,2,0.0016326530612244899
N10,N27,N45,2,0.0016326530612244899
N10,N28,N31,2,0.0016326530612244899
N10,N28,N33,2,0.0016326530612244899
N10,N28,N36,2,0.0016326530612244899
N10,N28,N37,2,0.0016326530612244899
N10,N28,N38,2,0.0016326530612244899
N10,N28,N39,2,0.0016326530612244899
N10,N28,N41,2,0.0016326530612244899
N10,N28,N42,2,0.0016326530612244899
N10,N28,N45,2,0.0016326530612244899
N10,N29,N32,2,0.0016326530612244899
N10,N29,N35,2,0.0016326530612244899
N10,N29,N43,2,0.0016326530612244899
N10,N29,N45,2,0.0016326530612244899
N10,N30,N34,2,0.0016326530612244899
N10,N30,N35,2,0.0016326530612244899
N10,N31,N35,2,0.0016326530612244899
N10,N31,N37,2,0.0016326530612244899
N10,N32,N34,2,0.0016326530612244899
N10,N32,N38,2,0.0016326530612244899
N10,N32,N40,2,0.0016326530612244899
N10,N32,N42,2,0.0016326530612244899
N10,N32,N44,2,0.0016326530612244899
N10,N33,N35,2,0.0016326530612244899
N10,N34,N36,2,0.0016326530612244899
N10,N34,N40,2,0.0016326530612244899
N10,N34,N41,2,0.0016326530612244899
N10,N34,N45,2,0.0016326530612244899
N10,N35,N37,2,0.0016326530612244899
N10,N35,N42,2,0.0016326530612244899
N10,N37,N40,2,0.0016326530612244899
N10,N38,N41,2,0.0016326530612244899
N10,N38,N43,2,0.0016326530612244899
N10,N39,N40,2,0.0016326530612244899
N10,N39,N41,2,0.0016326530612244899
N10,N39,N43,2,0.0016326530612244899
N10,N40,N41,2,0.0016326530612244899
N10,N40,N42,2,0.0016326530612244899
N10,N40,N45,2,0.0016326530612244899
N10,N41,N42,2,0.0016326530612244899
N10,N41,N43,2,0.0016326530612244899
N10,N41,N45,2,0.0016326530612244899
N11,N12,N13,2,0.0016326530612244899
N11,N12,N15,2,0.0016326530612244899
N11,N12,N20,2,0.0016326530612244899
N11,N12,N23,2,0.0016326530612244899
N11,N12,N24,2,0.0016326530612244899
N11,N12,N27,2,0.0016326530612244899
N11,N12,N31,2,0.0016326530612244899
N11,N12,N32,2,0.0016326530612244899
N11,N12,N35,2,0.0016326530612244899
N11,N12,N42,2,0.0016326530612244899
N11,N13,N19,2,0.0016326530612244899
N11,N13,N22,2,0.0016326530612244899
N11,N13,N25,2,0.0016326530612244899
N11,N13,N26,2,0.0016326530612244899
N11,N13,N29,2,0.0016326530612244899
N11,N13,N34,2,0.0016326530612244899
N11,N13,N36,2,0.0016326530612244899
N11,N13,N43,2,0.0016326530612244899
N11,N13,N45,2,0.0016326530612244899
N11,N14,N16,2,0.0016326530612244899
N11,N14,N17,2,0.0016326530612244899
N11,N14,N27,2,0.0016326530612244899
N11,N14,N29,2,0.0016326530612244899
N11,N14,N30,2,0.0016326530612244899
N11,N14,N33,2,0.0016326530612244899
N11,N14,N35,2,0.0016326530612244899
N11,N14,N37,2,0.0016326530612244899
N11,N14,N41,2,0.0016326530612244899
N11,N15,N16,2,0.0016326530612244899
N11,N15,N18,2,0.0016326530612244899
N11,N15,N23,2,0.0016326530612244899
N11,N15,N26,2,0.0016326530612244899
N11,N15,N28,2,0.0016326530612244899
N11,N15,N31,2,0.0016326530612244899
N11,N15,N32,2,0.0016326530612244899
N11,N15,N34,2,0.0016326530612244899
N11,N15,N41,2,0.0016326530612244899
N11,N15,N44,2,0.0016326530612244899
N11,N16,N17,2,0.0016326530612244899
N11,N16,N26,2,0.0016326530612244899
N11,N16,N39,2,0.0016326530612244899
N11,N16,N45,2,0.0016326530612244899
N11,N17,N19,2,0.0016326530612244899
N11,N17,N22,2,0.0016326530612244899
N11,N17,N29,2,0.0016326530612244899
N11,N17,N33,2,0.0016326530612244899
N11,N17,N34,2,0.0016326530612244899
N11,N17,N35,2,0.0016326530612244899
N11,N18,N24,2,0.0016326530612244899
N11,N18,N36,2,0.0016326530612244899
N11,N18,N38,2,0.0016326530612244899
N11,N18,N40,2,0.0016326530612244899
N11,N19,N22,2,0.0016326530612244899
N11,N19,N31,2,0.0016326530612244899
N11,N19,N39,2,0.0016326530612244899
N11,N19,N43,2,0.0016326530612244899
N11,N20,N21,2,0.0016326530612244899
N11,N20,N26,2,0.0016326530612244899
N11,N20,N28,2,0.0016326530612244899
N11,N20,N33,2,0.0016326530612244899
N11,N20,N44,2,0.0016326530612244899
N11,N21,N22,2,0.0016326530612244899
N11,N21,N23,2,0.0016326530612244899
N11,N21,N33,2,0.0016326530612244899
N11,N21,N37,2,0.0016326530612244899
N11,N22,N24,2,0.0016326530612244899
N11,N22,N30,2,0.0016326530612244899
N11,N22,N32,2,0.0016326530612244899
N11,N22,N37,2,0.0016326530612244899
N11,N22,N38,2,0.0016326530612244899
N11,N22,N41,2,0.0016326530612244899
N11,N23,N29,2,0.0016326530612244899
N11,N23,N30,2,0.0016326530612244899
N11,N23,N32,2,0.0016326530612244899
N11,N23,N39,2,0.0016326530612244899
N11,N23,N40,2,0.0016326530612244899
N11,N23,N43,2,0.0016326530612244899
N11,N24,N26,2,0.0016326530612244899
N11,N24,N27,2,0.0016326530612244899
N11,N24,N35,2,0.0016326530612244899
N11,N24,N38,2,0.0016326530612244899
N11,N24,N40,2,0.0016326530612244899
N11,N24,N42,2,0.0016326530612244899
N11,N25,N27,2,0.0016326530612244899
N11,N25,N35,2,0.0016326530612244899
N11,N25,N36,2,0.0016326530612244899
N11,N25,N39,2,0.0016326530612244899
N11,N25,N41,2,0.0016326530612244899
N11,N25,N45,2,0.0016326530612244899
N11,N26,N34,2,0.0016326530612244899
N11,N26,N36,2,0.0016326530612244899
N11,N26,N40,2,0.0016326530612244899
N11,N26,N41,2,0.0016326530612244899
N11,N26,N43,2,0.0016326530612244899
N11,N27,N28,2,0.0016326530612244899
N11,N27,N35,2,0.0016326530612244899
N11,N27,N37,2,0.0016326530612244899
N11,N27,N38,2,0.0016326530612244899
N11,N27,N44,2,0.0016326530612244899
N11,N28,N32,2,0.0016326530612244899
N11,N28,N42,2,0.0016326530612244899
N11,N28,N45,2,0.0016326530612244899
N11,N29,N36,2,0.0016326530612244899
N11,N29,N41,2,0.0016326530612244899
N11,N29,N45,2,0.0016326530612244899
N11,N30,N32,2,0.0016326530612244899
N11,N30,N33,2,0.0016326530612244899
N11,N30,N38,2,0.0016326530612244899
N11,N30,N39,2,0.0016326530612244899
N11,N31,N32,2,0.0016326530612244899
N11,N31,N41,2,0.0016326530612244899
N11,N31,N42,2,0.0016326530612244899
N11,N32,N33,2,0.0016326530612244899
N11,N32,N35,2,0.0016326530612244899
N11,N32,N36,2,0.0016326530612244899
N11,N32,N37,2,0.0016326530612244899
N11,N32,N39,2,0.0016326530612244899
N11,N32,N40,2,0.0016326530612244899
N11,N32,N44,2,0.0016326530612244899
N11,N33,N35,2,0.0016326530612244899
N11,N33,N42,2,0.0016326530612244899
N11,N34,N43,2,0.0016326530612244899
N11,N35,N44,2,0.0016326530612244899
N11,N36,N37,2,0.0016326530612244899
N11,N36,N39,2,0.0016326530612244899
N11,N36,N45,2,0.0016326530612244899
N11,N37,N40,2,0.0016326530612244899
N11,N37,N45,2,0.0016326530612244899
N11,N38,N41,2,0.0016326530612244899
N11,N38,N45,2,0.0016326530612244899
N11,N41,N45,2,0.0016326530612244899
N11,N42,N44,2,0.0016326530612244899
N11,N43,N44,2,0.0016326530612244899
N11,N43,N45,2,0.0016326530612244899
N12,N13,N18,2,0.0016326530612244899
N12,N13,N20,2,0.0016326530612244899
N12,N13,N31,2,0.0016326530612244899
N12,N13,N35,2,0.0016326530612244899
N12,N13,N36,2,0.0016326530612244899
N12,N13,N40,2,0.0016326530612244899
N12,N13,N44,2,0.0016326530612244899
N12,N13,N45,2,0.0016326530612244899
N12,N14,N15,2,0.0016326530612244899
N12,N14,N21,2,0.0016326530612244899
N12,N14,N26,2,0.0016326530612244899
N12,N14,N34,2,0.0016326530612244899
N12,N14,N45,2,0.0016326530612244899
N12,N15,N16,2,0.0016326530612244899
N12,N15,N18,2,0.0016326530612244899
N12,N15,N20,2,0.0016326530612244899
N12,N15,N22,2,0.0016326530612244899
N12,N15,N38,2,0.0016326530612244899
N12,N15,N43,2,0.0016326530612244899
N12,N16,N19,2,0.0016326530612244899
N12,N16,N20,2,0.0016326530612244899
N12,N16,N23,2,0.0016326530612244899
N12,N16,N24,2,0.0016326530612244899
N12,N16,N29,2,0.0016326530612244899
N12,N16,N40,2,0.0016326530612244899
N12,N16,N41,2,0.0016326530612244899
N12,N16,N42,2,0.0016326530612244899
N12,N16,N44,2,0.0016326530612244899
N12,N17,N20,2,0.0016326530612244899
N12,N17,N21,2,0.0016326530612244899
N12,N17,N24,2,0.0016326530612244899
N12,N17,N29,2,0.0016326530612244899
N12,N17,N33,2,0.0016326530612244899
N12,N17,N35,2,0.0016326530612244899
N12,N17,N42,2,0.0016326530612244899
N12,N17,N44,2,0.0016326530612244899
N12,N17,N45,2,0.0016326530612244899
N12,N18,N21,2,0.0016326530612244899
N12,N18,N24,2,0.0016326530612244899
N12,N18,N30,2,0.0016326530612244899
N12,N18,N35,2,0.0016326530612244899
N12,N18,N41,2,0.0016326530612244899
N12,N19,N20,2,0.0016326530612244899
N12,N19,N24,2,0.0016326530612244899
N12,N19,N26,2,0.0016326530612244899
N12,N19,N27,2,0.0016326530612244899
N12,N19,N28,2,0.0016326530612244899
N12,N19,N31,2,0.0016326530612244899
N12,N19,N32,2,0.0016326530612244899
N12,N19,N35,2,0.0016326530612244899
N12,N19,N43,2,0.0016326530612244899
N12,N19,N44,2,0.0016326530612244899
N12,N20,N21,2,0.0016326530612244899
N12,N20,N23,2,0.0016326530612244899
N12,N20,N27,2,0.0016326530612244899
N12,N20,N28,2,0.0016326530612244899
N12,N20,N33,2,0.0016326530612244899
N12,N20,N42,2,0.0016326530612244899
N12,N20,N44,2,0.0016326530612244899
N12,N21,N24,2,0.0016326530612244899
N12,N21,N29,2,0.0016326530612244899
N12,N21,N31,2,0.0016326530612244899
N12,N21,N35,2,0.0016326530612244899
N12,N21,N37,2,0.0016326530612244899
N12,N21,N38,2,0.0016326530612244899
N12,N21,N39,2,0.0016326530612244899
N12,N21,N41,2,0.0016326530612244899
N12,N21,N43,2,0.0016326530612244899
N12,N21,N45,2,0.0016326530612244899
N12,N22,N24,2,0.0016326530612244899
N12,N22,N26,2,0.0016326530612244899
N12,N22,N28,2,0.0016326530612244899
N12,N22,N34,2,0.0016326530612244899
N12,N22,N41,2,0.0016326530612244899
N12,N23,N28,2,0.0016326530612244899
N12,N23,N36,2,0.0016326530612244899
N12,N24,N25,2,0.0016326530612244899
N12,N24,N36,2,0.0016326530612244899
N12,N24,N37,2,0.0016326530612244899
N12,N24,N43,2,0.0016326530612244899
N12,N25,N26,2,0.0016326530612244899
N12,N25,N34,2,0.0016326530612244899
N12,N25,N35,2,0.0016326530612244899
N12,N25,N37,2,0.0016326530612244899
N12,N26,N27,2,0.0016326530612244899
N12,N26,N28,2,0.0016326530612244899
N12,N26,N33,2,0.0016326530612244899
N12,N26,N40,2,0.0016326530612244899
N12,N26,N42,2,0.0016326530612244899
N12,N26,N43,2,0.0016326530612244899
N12,N27,N29,2,0.0016326530612244899
N12,N27,N33,2,0.0016326530612244899
N12,N27,N36,2,0.0016326530612244899
N12,N27,N38,2,0.0016326530612244899
N12,N27,N44,2,0.0016326530612244899
N12,N27,N45,2,0.0016326530612244899
N12,N28,N38,2,0.0016326530612244899
N12,N28,N40,2,0.0016326530612244899
N12,N28,N43,2,0.0016326530612244899
N12,N28,N44,2,0.0016326530612244899
N12,N29,N32,2,0.0016326530612244899
N12,N29,N34,2,0.0016326530612244899
N12,N29,N35,2,0.0016326530612244899
N12,N29,N39,2,0.0016326530612244899
N12,N29,N41,2,0.0016326530612244899
N12,N29,N43,2,0.0016326530612244899
N12,N30,N32,2,0.0016326530612244899
N12,N30,N36,2,0.0016326530612244899
N12,N30,N38,2,0.0016326530612244899
N12,N30,N40,2,0.0016326530612244899
N12,N30,N41,2,0.0016326530612244899
N12,N30,N42,2,0.0016326530612244899
N12,N30,N44,2,0.0016326530612244899
N12,N31,N39,2,0.0016326530612244899
N12,N31,N40,2,0.0016326530612244899
N12,N31,N42,2,0.0016326530612244899
N12,N32,N34,2,0.0016326530612244899
N12,N32,N44,2,0.0016326530612244899
N12,N32,N45,2,0.0016326530612244899
N12,N34,N38,2,0.0016326530612244899
N12,N34,N43,2,0.0016326530612244899
N12,N34,N44,2,0.0016326530612244899
N12,N35,N37,2,0.0016326530612244899
N12,N35,N38,2,0.0016326530612244899
N12,N35,N42,2,0.0016326530612244899
N12,N36,N37,2,0.0016326530612244899
N12,N36,N39,2,0.0016326530612244899
N12,N36,N41,2,0.0016326530612244899
N12,N36,N42,2,0.0016326530612244899
N12,N37,N39,2,0.0016326530612244899
N12,N37,N45,2,0.0016326530612244899
N12,N38,N40,2,0.0016326530612244899
N12,N38,N42,2,0.0016326530612244899
N12,N39,N42,2,0.0016326530612244899
N12,N39,N44,2,0.0016326530612244899
N12,N39,N45,2,0.0016326530612244899
N12,N40,N43,2,0.0016326530612244899
N12,N40,N44,2,0.0016326530612244899
N12,N41,N43,2,0.0016326530612244899
N12,N41,N44,2,0.0016326530612244899
N12,N44,N45,2,0.0016326530612244899
N13,N14,N15,2,0.0016326530612244899
N13,N14,N18,2,0.0016326530612244899
N13,N14,N21,2,0.0016326530612244899
N13,N14,N24,2,0.0016326530612244899
N13,N14,N32,2,0.0016326530612244899
N13,N14,N33,2,0.0016326530612244899
N13,N14,N35,2,0.0016326530612244899
N13,N14,N37,2,0.0016326530612244899
N13,N14,N40,2,0.0016326530612244899
N13,N14,N44,2,0.0016326530612244899
N13,N14,N45,2,0.0016326530612244899
N13,N15,N24,2,0.0016326530612244899
N13,N15,N25,2,0.0016326530612244899
N13,N15,N26,2,0.0016326530612244899
N13,N15,N27,2,0.0016326530612244899
N13,N15,N28,2,0.0016326530612244899
N13,N15,N31,2,0.0016326530612244899
N13,N15,N38,2,0.0016326530612244899
N13,N15,N39,2,0.0016326530612244899
N13,N15,N40,2,0.0016326530612244899
N13,N15,N41,2,0.0016326530612244899
N13,N15,N44,2,0.0016326530612244899
N13,N16,N28,2,0.0016326530612244899
N13,N16,N29,2,0.0016326530612244899
N13,N16,N30,2,0.0016326530612244899
N13,N16,N35,2,0.0016326530612244899
N13,N16,N37,2,0.0016326530612244899
N13,N16,N38,2,0.0016326530612244899
N13,N17,N25,2,0.0016326530612244899
N13,N17,N29,2,0.0016326530612244899
N13,N17,N32,2,0.0016326530612244899
N13,N17,N39,2,0.0016326530612244899
N13,N17,N41,2,0.0016326530612244899
N13,N18,N22,2,0.0016326530612244899
N13,N18,N23,2,0.0016326530612244899
N13,N18,N24,2,0.0016326530612244899
N13,N18,N25,2,0.0016326530612244899
N13,N18,N27,2,0.0016326530612244899
N13,N18,N28,2,0.0016326530612244899
N13,N18,N29,2,0.0016326530612244899
N13,N18,N30,2,0.0016326530612244899
N13,N18,N32,2,0.0016326530612244899
N13,N18,N36,2,0.0016326530612244899
N13,N18,N38,2,0.0016326530612244899
N13,N18,N41,2,0.0016326530612244899
N13,N19,N20,2,0.0016326530612244899
N13,N19,N24,2,0.0016326530612244899
N13,N19,N26,2,0.0016326530612244899
N13,N19,N28,2,0.0016326530612244899
N13,N19,N35,2,0.0016326530612244899
N13,N19,N38,2,0.0016326530612244899
N13,N19,N42,2,0.0016326530612244899
N13,N19,N45,2,0.0016326530612244899
N13,N20,N22,2,0.0016326530612244899
N13,N20,N23,2,0.0016326530612244899
N13,N20,N25,2,0.0016326530612244899
N13,N20,N27,2,0.0016326530612244899
N13,N20,N29,2,0.0016326530612244899
N13,N20,N30,2,0.0016326530612244899
N13,N20,N31,2,0.0016326530612244899
N13,N20,N37,2,0.0016326530612244899
N13,N20,N38,2,0.0016326530612244899
N13,N20,N42,2,0.0016326530612244899
N13,N20,N43,2,0.0016326530612244899
N13,N21,N24,2,0.0016326530612244899
N13,N21,N25,2,0.0016326530612244899
N13,N21,N26,2,0.0016326530612244899
N13,N21,N33,2,0.0016326530612244899
N13,N21,N42,2,0.0016326530612244899
N13,N22,N25,2,0.0016326530612244899
N13,N22,N26,2,0.0016326530612244899
N13,N22,N27,2,0.0016326530612244899
N13,N22,N44,2,0.0016326530612244899
N13,N23,N24,2,0.0016326530612244899
N13,N23,N26,2,0.0016326530612244899
N13,N23,N28,2,0.0016326530612244899
N13,N23,N38,2,0.0016326530612244899
N13,N23,N44,2,0.0016326530612244899
N13,N23,N45,2,0.0016326530612244899
N13,N24,N26,2,0.0016326530612244899
N13,N24,N27,2,0.0016326530612244899
N13,N24,N34,2,0.0016326530612244899
N13,N24,N36,2,0.0016326530612244899
N13,N24,N39,2,0.0016326530612244899
N13,N24,N41,2,0.0016326530612244899
N13,N25,N26,2,0.0016326530612244899
N13,N25,N31,2,0.0016326530612244899
N13,N25,N34,2,0.0016326530612244899
N13,N25,N37,2,0.0016326530612244899
N13,N25,N38,2,0.0016326530612244899
N13,N25,N42,2,0.0016326530612244899
N13,N26,N31,2,0.0016326530612244899
N13,N26,N32,2,0.0016326530612244899
N13,N26,N33,2,0.0016326530612244899
N13,N26,N35,2,0.0016326530612244899
N13,N26,N36,2,0.0016326530612244899
N13,N26,N38,2,0.0016326530612244899
N13,N26,N39,2,0.0016326530612244899
N13,N27,N28,2,0.0016326530612244899
N13,N27,N29,2,0.0016326530612244899
N13,N27,N32,2,0.0016326530612244899
N13,N27,N37,2,0.0016326530612244899
N13,N27,N38,2,0.0016326530612244899
N13,N27,N44,2,0.0016326530612244899
N13,N28,N29,2,0.0016326530612244899
N13,N28,N31,2,0.0016326530612244899
N13,N28,N43,2,0.0016326530612244899
N13,N29,N36,2,0.0016326530612244899
N13,N29,N37,2,0.0016326530612244899
N13,N29,N38,2,0.0016326530612244899
N13,N29,N41,2,0.0016326530612244899
N13,N29,N42,2,0.0016326530612244899
N13,N30,N31,2,0.0016326530612244899
N13,N30,N36,2,0.0016326530612244899
N13,N30,N43,2,0.0016326530612244899
N13,N31,N33,2,0.0016326530612244899
N13,N31,N35,2,0.0016326530612244899
N13,N31,N38,2,0.0016326530612244899
N13,N31,N39,2,0.0016326530612244899
N13,N32,N33,2,0.0016326530612244899
N13,N32,N34,2,0.0016326530612244899
N13,N32,N36,2,0.0016326530612244899
N13,N32,N38,2,0.0016326530612244899
N13,N33,N35,2,0.0016326530612244899
N13,N33,N42,2,0.0016326530612244899
N13,N34,N40,2,0.0016326530612244899
N13,N35,N38,2,0.0016326530612244899
N13,N35,N39,2,0.0016326530612244899
N13,N35,N45,2,0.0016326530612244899
N13,N36,N37,2,0.0016326530612244899
N13,N36,N44,2,0.0016326530612244899
N13,N37,N39,2,0.0016326530612244899
N13,N37,N45,2,0.0016326530612244899
N13,N38,N41,2,0.0016326530612244899
N13,N38,N45,2,0.0016326530612244899
N13,N39,N42,2,0.0016326530612244899
N13,N40,N43,2,0.0016326530612244899
N13,N41,N45,2,0.0016326530612244899
N14,N15,N33,2,0.0016326530612244899
N14,N15,N40,2,0.0016326530612244899
N14,N15,N41,2,0.0016326530612244899
N14,N15,N42,2,0.0016326530612244899
N14,N16,N19,2,0.0016326530612244899
N14,N16,N24,2,0.0016326530612244899
N14,N16,N25,2,0.0016326530612244899
N14,N16,N31,2,0.0016326530612244899
N14,N16,N35,2,0.0016326530612244899
N14,N16,N37,2,0.0016326530612244899
N14,N16,N38,2,0.0016326530612244899
N14,N16,N40,2,0.0016326530612244899
N14,N16,N43,2,0.0016326530612244899
N14,N17,N19,2,0.0016326530612244899
N14,N17,N33,2,0.0016326530612244899
N14,N17,N39,2,0.0016326530612244899
N14,N17,N40,2,0.0016326530612244899
N14,N17,N42,2,0.0016326530612244899
N14,N18,N20,2,0.0016326530612244899
N14,N18,N23,2,0.0016326530612244899
N14,N18,N27,2,0.0016326530612244899
N14,N18,N30,2,0.0016326530612244899
N14,N18,N31,2,0.0016326530612244899
N14,N18,N42,2,0.0016326530612244899
N14,N19,N20,2,0.0016326530612244899
N14,N19,N27,2,0.0016326530612244899
N14,N19,N28,2,0.0016326530612244899
N14,N19,N30,2,0.0016326530612244899
N14,N19,N38,2,0.0016326530612244899
N14,N19,N39,2,0.0016326530612244899
N14,N19,N41,2,0.0016326530612244899
N14,N19,N44,2,0.0016326530612244899
N14,N20,N22,2,0.0016326530612244899
N14,N20,N24,2,0.0016326530612244899
N14,N20,N28,2,0.0016326530612244899
N14,N20,N29,2,0.0016326530612244899
N14,N20,N31,2,0.0016326530612244899
N14,N20,N33,2,0.0016326530612244899
N14,N20,N35,2,0.0016326530612244899
N14,N20,N36,2,0.0016326530612244899
N14,N20,N37,2,0.0016326530612244899
N14,N20,N38,2,0.0016326530612244899
N14,N20,N39,2,0.0016326530612244899
N14,N20,N42,2,0.0016326530612244899
N14,N21,N22,2,0.0016326530612244899
N14,N21,N26,2,0.0016326530612244899
N14,N21,N29,2,0.0016326530612244899
N14,N21,N31,2,0.0016326530612244899
N14,N21,N35,2,0.0016326530612244899
N14,N21,N40,2,0.0016326530612244899
N14,N21,N41,2,0.0016326530612244899
N14,N21,N43,2,0.0016326530612244899
N14,N21,N44,2,0.0016326530612244899
N14,N21,N45,2,0.0016326530612244899
N14,N22,N24,2,0.0016326530612244899
N14,N22,N27,2,0.0016326530612244899
N14,N22,N28,2,0.0016326530612244899
N14,N22,N36,2,0.0016326530612244899
N14,N22,N43,2,0.0016326530612244899
N14,N23,N26,2,0.0016326530612244899
N14,N23,N30,2,0.0016326530612244899
N14,N23,N32,2,0.0016326530612244899
N14,N23,N34,2,0.0016326530612244899
N14,N23,N36,2,0.0016326530612244899
N14,N23,N39,2,0.0016326530612244899
N14,N23,N40,2,0.0016326530612244899
N14,N23,N42,2,0.0016326530612244899
N14,N24,N32,2,0.0016326530612244899
N14,N24,N39,2,0.0016326530612244899
N14,N24,N41,2,0.0016326530612244899
N14,N25,N30,2,0.0016326530612244899
N14,N25,N33,2,0.0016326530612244899
N14,N25,N35,2,0.0016326530612244899
N14,N25,N37,2,0.0016326530612244899
N14,N25,N45,2,0.0016326530612244899
N14,N26,N30,2,0.0016326530612244899
N14,N27,N28,2,0.0016326530612244899
N14,N27,N29,2,0.0016326530612244899
N14,N27,N36,2,0.0016326530612244899
N14,N28,N34,2,0.0016326530612244899
N14,N28,N36,2,0.0016326530612244899
N14,N28,N37,2,0.0016326530612244899
N14,N28,N45,2,0.0016326530612244899
N14,N29,N33,2,0.0016326530612244899
N14,N29,N37,2,0.0016326530612244899
N14,N29,N45,2,0.0016326530612244899
N14,N30,N33,2,0.0016326530612244899
N14,N30,N36,2,0.0016326530612244899
N14,N30,N37,2,0.0016326530612244899
N14,N30,N41,2,0.0016326530612244899
N14,N31,N38,2,0.0016326530612244899
N14,N31,N45,2,0.0016326530612244899
N14,N32,N34,2,0.0016326530612244899
N14,N32,N38,2,0.0016326530612244899
N14,N32,N41,2,0.0016326530612244899
N14,N33,N35,2,0.0016326530612244899
N14,N33,N36,2,0.0016326530612244899
N14,N33,N39,2,0.0016326530612244899
N14,N33,N41,2,0.0016326530612244899
N14,N33,N43,2,0.0016326530612244899
N14,N33,N44,2,0.0016326530612244899
N14,N34,N35,2,0.0016326530612244899
N14,N34,N37,2,0.0016326530612244899
N14,N34,N42,2,0.0016326530612244899
N14,N34,N43,2,0.0016326530612244899
N14,N35,N36,2,0.0016326530612244899
N14,N35,N42,2,0.0016326530612244899
N14,N36,N42,2,0.0016326530612244899
N14,N36,N44,2,0.0016326530612244899
N14,N37,N40,2,0.0016326530612244899
N14,N38,N39,2,0.0016326530612244899
N14,N38,N40,2,0.0016326530612244899
N14,N38,N45,2,0.0016326530612244899
N14,N39,N40,2,0.0016326530612244899
N14,N39,N45,2,0.0016326530612244899
N14,N40,N42,2,0.0016326530612244899
N14,N40,N45,2,0.0016326530612244899
N14,N41,N42,2,0.0016326530612244899
N14,N42,N44,2,0.0016326530612244899
N14,N43,N44,2,0.0016326530612244899
N14,N44,N45,2,0.0016326530612244899
N15,N16,N19,2,0.0016326530612244899
N15,N16,N21,2,0.0016326530612244899
N15,N16,N25,2,0.0016326530612244899
N15,N16,N28,2,0.0016326530612244899
N15,N16,N30,2,0.0016326530612244899
N15,N16,N31,2,0.0016326530612244899
N15,N16,N45,2,0.0016326530612244899
N15,N17,N27,2,0.0016326530612244899
N15,N17,N31,2,0.0016326530612244899
N15,N17,N36,2,0.0016326530612244899
N15,N17,N38,2,0.0016326530612244899
N15,N17,N40,2,0.0016326530612244899
N15,N17,N41,2,0.0016326530612244899
N15,N17,N43,2,0.0016326530612244899
N15,N18,N23,2,0.0016326530612244899
N15,N18,N34,2,0.0016326530612244899
N15,N18,N41,2,0.0016326530612244899
N15,N19,N22,2,0.0016326530612244899
N15,N19,N25,2,0.0016326530612244899
N15,N19,N30,2,0.0016326530612244899
N15,N19,N38,2,0.0016326530612244899
N15,N19,N40,2,0.0016326530612244899
N15,N19,N42,2,0.0016326530612244899
N15,N20,N25,2,0.0016326530612244899
N15,N20,N30,2,0.0016326530612244899
N15,N20,N34,2,0.0016326530612244899
N15,N20,N39,2,0.0016326530612244899
N15,N20,N43,2,0.0016326530612244899
N15,N21,N27,2,0.0016326530612244899
N15,N21,N29,2,0.0016326530612244899
N15,N21,N31,2,0.0016326530612244899
N15,N21,N33,2,0.0016326530612244899
N15,N21,N36,2,0.0016326530612244899
N15,N21,N38,2,0.0016326530612244899
N15,N21,N39,2,0.0016326530612244899
N15,N22,N24,2,0.0016326530612244899
N15,N22,N27,2,0.0016326530612244899
N15,N22,N32,2,0.0016326530612244899
N15,N22,N33,2,0.0016326530612244899
N15,N22,N38,2,0.0016326530612244899
N15,N22,N40,2,0.0016326530612244899
N15,N22,N42,2,0.0016326530612244899
N15,N22,N44,2,0.0016326530612244899
N15,N23,N26,2,0.0016326530612244899
N15,N23,N35,2,0.0016326530612244899
N15,N23,N38,2,0.0016326530612244899
N15,N23,N39,2,0.0016326530612244899
N15,N23,N43,2,0.0016326530612244899
N15,N24,N31,2,0.0016326530612244899
N15,N24,N33,2,0.0016326530612244899
N15,N24,N35,2,0.0016326530612244899
N15,N24,N39,2,0.0016326530612244899
N15,N24,N44,2,0.0016326530612244899
N15,N25,N26,2,0.0016326530612244899
N15,N25,N28,2,0.0016326530612244899
N15,N25,N29,2,0.0016326530612244899
N15,N25,N33,2,0.0016326530612244899
N15,N25,N34,2,0.0016326530612244899
N15,N25,N35,2,0.0016326530612244899
N15,N25,N37,2,0.0016326530612244899
N15,N26,N27,2,0.0016326530612244899
N15,N26,N28,2,0.0016326530612244899
N15,N26,N36,2,0.0016326530612244899
N15,N26,N37,2,0.0016326530612244899
N15,N26,N43,2,0.0016326530612244899
N15,N27,N34,2,0.0016326530612244899
N15,N27,N35,2,0.0016326530612244899
N15,N27,N36,2,0.0016326530612244899
N15,N27,N40,2,0.0016326530612244899
N15,N28,N30,2,0.0016326530612244899
N15,N28,N37,2,0.0016326530612244899
N15,N28,N39,2,0.0016326530612244899
N15,N28,N43,2,0.0016326530612244899
N15,N28,N45,2,0.0016326530612244899
N15,N29,N45,2,0.0016326530612244899
N15,N30,N31,2,0.0016326530612244899
N15,N30,N33,2,0.0016326530612244899
N15,N30,N38,2,0.0016326530612244899
N15,N30,N43,2,0.0016326530612244899
N15,N31,N32,2,0.0016326530612244899
N15,N31,N34,2,0.0016326530612244899
N15,N31,N38,2,0.0016326530612244899
N15,N31,N42,2,0.0016326530612244899
N15,N32,N33,2,0.0016326530612244899
N15,N32,N41,2,0.0016326530612244899
N15,N32,N42,2,0.0016326530612244899
N15,N33,N40,2,0.0016326530612244899
N15,N34,N39,2,0.0016326530612244899
N15,N35,N40,2,0.0016326530612244899
N15,N35,N44,2,0.0016326530612244899
N15,N35,N45,2,0.0016326530612244899
N15,N36,N37,2,0.0016326530612244899
N15,N36,N38,2,0.0016326530612244899
N15,N36,N40,2,0.0016326530612244899
N15,N37,N38,2,0.0016326530612244899
N15,N37,N39,2,0.0016326530612244899
N15,N37,N42,2,0.0016326530612244899
N15,N38,N41,2,0.0016326530612244899
N15,N39,N41,2,0.0016326530612244899
N15,N40,N41,2,0.0016326530612244899
N15,N40,N42,2,0.0016326530612244899
N15,N41,N43,2,0.0016326530612244899
N15,N42,N43,2,0.0016326530612244899
N15,N43,N44,2,0.0016326530612244899
N15,N43,N45,2,0.0016326530612244899
N16,N17,N19,2,0.0016326530612244899
N16,N17,N20,2,0.0016326530612244899
N16,N17,N22,2,0.0016326530612244899
N16,N17,N30,2,0.0016326530612244899
N16,N17,N32,2,0.0016326530612244899
N16,N17,N34,2,0.0016326530612244899
N16,N18,N23,2,0.0016326530612244899
N16,N18,N31,2,0.0016326530612244899
N16,N18,N32,2,0.0016326530612244899
N16,N18,N34,2,0.0016326530612244899
N16,N18,N35,2,0.0016326530612244899
N16,N18,N39,2,0.0016326530612244899
N16,N18,N42,2,0.0016326530612244899
N16,N18,N43,2,0.0016326530612244899
N16,N18,N44,2,0.0016326530612244899
N16,N19,N22,2,0.0016326530612244899
N16,N19,N23,2,0.0016326530612244899
N16,N19,N27,2,0.0016326530612244899
N16,N19,N29,2,0.0016326530612244899
N16,N19,N37,2,0.0016326530612244899
N16,N19,N38,2,0.0016326530612244899
N16,N19,N39,2,0.0016326530612244899
N16,N19,N40,2,0.0016326530612244899
N16,N19,N41,2,0.0016326530612244899
N16,N19,N42,2,0.0016326530612244899
N16,N19,N45,2,0.0016326530612244899
N16,N20,N23,2,0.0016326530612244899
N16,N20,N24,2,0.0016326530612244899
N16,N20,N28,2,0.0016326530612244899
N16,N20,N29,2,0.0016326530612244899
N16,N20,N31,2,0.0016326530612244899
N16,N20,N36,2,0.0016326530612244899
N16,N20,N42,2,0.0016326530612244899
N16,N20,N43,2,0.0016326530612244899
N16,N20,N44,2,0.0016326530612244899
N16,N21,N22,2,0.0016326530612244899
N16,N21,N23,2,0.0016326530612244899
N16,N21,N24,2,0.0016326530612244899
N16,N21,N26,2,0.0016326530612244899
N16,N21,N29,2,0.0016326530612244899
N16,N21,N31,2,0.0016326530612244899
N16,N21,N34,2,0.0016326530612244899
N16,N21,N36,2,0.0016326530612244899
N16,N22,N38,2,0.0016326530612244899
N16,N22,N44,2,0.0016326530612244899
N16,N23,N26,2,0.0016326530612244899
N16,N23,N27,2,0.0016326530612244899
N16,N23,N32,2,0.0016326530612244899
N16,N23,N33,2,0.0016326530612244899
N16,N23,N34,2,0.0016326530612244899
N16,N23,N35,2,0.0016326530612244899
N16,N23,N39,2,0.0016326530612244899
N16,N23,N40,2,0.0016326530612244899
N16,N23,N42,2,0.0016326530612244899
N16,N24,N32,2,0.0016326530612244899
N16,N24,N33,2,0.0016326530612244899
N16,N24,N36,2,0.0016326530612244899
N16,N24,N39,2,0.0016326530612244899
N16,N24,N40,2,0.0016326530612244899
N16,N24,N41,2,0.0016326530612244899
N16,N25,N26,2,0.0016326530612244899
N16,N25,N37,2,0.0016326530612244899
N16,N25,N38,2,0.0016326530612244899
N16,N25,N42,2,0.0016326530612244899
N16,N25,N45,2,0.0016326530612244899
N16,N26,N30,2,0.0016326530612244899
N16,N26,N38,2,0.0016326530612244899
N16,N26,N39,2,0.0016326530612244899
N16,N26,N40,2,0.0016326530612244899
N16,N26,N43,2,0.0016326530612244899
N16,N26,N45,2,0.0016326530612244899
N16,N27,N38,2,0.0016326530612244899
N16,N27,N39,2,0.0016326530612244899
N16,N27,N41,2,0.0016326530612244899
N16,N27,N44,2,0.0016326530612244899
N16,N28,N30,2,0.0016326530612244899
N16,N28,N34,2,0.0016326530612244899
N16,N28,N35,2,0.0016326530612244899
N16,N28,N40,2,0.0016326530612244899
N16,N28,N41,2,0.0016326530612244899
N16,N28,N42,2,0.0016326530612244899
N16,N28,N43,2,0.0016326530612244899
N16,N28,N44,2,0.0016326530612244899
N16,N29,N33,2,0.0016326530612244899
N16,N29,N34,2,0.0016326530612244899
N16,N29,N40,2,0.0016326530612244899
N16,N29,N42,2,0.0016326530612244899
N16,N30,N34,2,0.0016326530612244899
N16,N30,N37,2,0.0016326530612244899
N16,N30,N44,2,0.0016326530612244899
N16,N31,N32,2,0.0016326530612244899
N16,N31,N34,2,0.0016326530612244899
N16,N31,N38,2,0.0016326530612244899
N16,N31,N39,2,0.0016326530612244899
N16,N31,N41,2,0.0016326530612244899
N16,N31,N44,2,0.0016326530612244899
N16,N32,N39,2,0.0016326530612244899
N16,N32,N41,2,0.0016326530612244899
N16,N32,N43,2,0.0016326530612244899
N16,N33,N38,2,0.0016326530612244899
N16,N33,N43,2,0.0016326530612244899
N16,N33,N45,2,0.0016326530612244899
N16,N34,N35,2,0.0016326530612244899
N16,N34,N37,2,0.0016326530612244899
N16,N34,N38,2,0.0016326530612244899
N16,N34,N40,2,0.0016326530612244899
N16,N34,N43,2,0.0016326530612244899
N16,N35,N36,2,0.0016326530612244899
N16,N35,N37,2,0.0016326530612244899
N16,N35,N43,2,0.0016326530612244899
N16,N35,N45,2,0.0016326530612244899
N16,N36,N37,2,0.0016326530612244899
N16,N36,N41,2,0.0016326530612244899
N16,N36,N43,2,0.0016326530612244899
N16,N37,N39,2,0.0016326530612244899
N16,N37,N44,2,0.0016326530612244899
N16,N37,N45,2,0.0016326530612244899
N16,N38,N39,2,0.0016326530612244899
N16,N38,N40,2,0.0016326530612244899
N16,N38,N44,2,0.0016326530612244899
N16,N39,N41,2,0.0016326530612244899
N16,N39,N45,2,0.0016326530612244899
N16,N40,N44,2,0.0016326530612244899
N16,N40,N45,2,0.0016326530612244899
N17,N18,N24,2,0.0016326530612244899
N17,N18,N25,2,0.0016326530612244899
N17,N18,N28,2,0.0016326530612244899
N17,N18,N30,2,0.0016326530612244899
N17,N18,N31,2,0.0016326530612244899
N17,N18,N38,2,0.0016326530612244899
N17,N18,N43,2,0.0016326530612244899
N17,N18,N44,2,0.0016326530612244899
N17,N19,N20,2,0.0016326530612244899
N17,N19,N27,2,0.0016326530612244899
N17,N19,N28,2,0.0016326530612244899
N17,N19,N30,2,0.0016326530612244899
N17,N19,N37,2,0.0016326530612244899
N17,N19,N38,2,0.0016326530612244899
N17,N19,N40,2,0.0016326530612244899
N17,N19,N41,2,0.0016326530612244899
N17,N19,N43,2,0.0016326530612244899
N17,N20,N24,2,0.0016326530612244899
N17,N20,N27,2,0.0016326530612244899
N17,N20,N33,2,0.0016326530612244899
N17,N20,N39,2,0.0016326530612244899
N17,N20,N40,2,0.0016326530612244899
N17,N20,N43,2,0.0016326530612244899
N17,N21,N23,2,0.0016326530612244899
N17,N21,N31,2,0.0016326530612244899
N17,N21,N32,2,0.0016326530612244899
N17,N21,N33,2,0.0016326530612244899
N17,N21,N34,2,0.0016326530612244899
N17,N21,N37,2,0.0016326530612244899
N17,N21,N45,2,0.0016326530612244899
N17,N22,N25,2,0.0016326530612244899
N17,N22,N26,2,0.0016326530612244899
N17,N22,N28,2,0.0016326530612244899
N17,N22,N30,2,0.0016326530612244899
N17,N22,N32,2,0.0016326530612244899
N17,N22,N35,2,0.0016326530612244899
N17,N22,N37,2,0.0016326530612244899
N17,N22,N40,2,0.0016326530612244899
N17,N23,N24,2,0.0016326530612244899
N17,N23,N25,2,0.0016326530612244899
N17,N23,N39,2,0.0016326530612244899
N17,N23,N43,2,0.0016326530612244899
N17,N23,N44,2,0.0016326530612244899
N17,N24,N30,2,0.0016326530612244899
N17,N24,N41,2,0.0016326530612244899
N17,N24,N44,2,0.0016326530612244899
N17,N25,N26,2,0.0016326530612244899
N17,N25,N30,2,0.0016326530612244899
N17,N25,N31,2,0.0016326530612244899
N17,N25,N33,2,0.0016326530612244899
N17,N25,N35,2,0.0016326530612244899
N17,N25,N37,2,0.0016326530612244899
N17,N25,N38,2,0.0016326530612244899
N17,N26,N31,2,0.0016326530612244899
N17,N26,N35,2,0.0016326530612244899
N17,N26,N37,2,0.0016326530612244899
N17,N26,N40,2,0.0016326530612244899
N17,N26,N42,2,0.0016326530612244899
N17,N26,N45,2,0.0016326530612244899
N17,N27,N28,2,0.0016326530612244899
N17,N27,N29,2,0.0016326530612244899
N17,N27,N31,2,0.0016326530612244899
N17,N27,N33,2,0.0016326530612244899
N17,N27,N40,2,0.0016326530612244899
N17,N27,N45,2,0.0016326530612244899
N17,N28,N30,2,0.0016326530612244899
N17,N28,N35,2,0.0016326530612244899
N17,N28,N37,2,0.0016326530612244899
N17,N28,N39,2,0.0016326530612244899
N17,N28,N41,2,0.0016326530612244899
N17,N28,N43,2,0.0016326530612244899
N17,N28,N44,2,0.0016326530612244899
N17,N28,N45,2,0.0016326530612244899
N17,N29,N32,2,0.0016326530612244899
N17,N29,N34,2,0.0016326530612244899
N17,N29,N35,2,0.0016326530612244899
N17,N29,N39,2,0.0016326530612244899
N17,N29,N43,2,0.0016326530612244899
N17,N31,N44,2,0.0016326530612244899
N17,N31,N45,2,0.0016326530612244899
N17,N32,N39,2,0.0016326530612244899
N17,N32,N41,2,0.0016326530612244899
N17,N32,N42,2,0.0016326530612244899
N17,N33,N35,2,0.0016326530612244899
N17,N33,N36,2,0.0016326530612244899
N17,N33,N38,2,0.0016326530612244899
N17,N33,N40,2,0.0016326530612244899
N17,N33,N42,2,0.0016326530612244899
N17,N33,N45,2,0.0016326530612244899
N17,N34,N35,2,0.0016326530612244899
N17,N34,N37,2,0.0016326530612244899
N17,N34,N41,2,0.0016326530612244899
N17,N34,N43,2,0.0016326530612244899
N17,N34,N44,2,0.0016326530612244899
N17,N35,N40,2,0.0016326530612244899
N17,N35,N41,2,0.0016326530612244899
N17,N35,N42,2,0.0016326530612244899
N17,N36,N38,2,0.0016326530612244899
N17,N36,N40,2,0.0016326530612244899
N17,N36,N41,2,0.0016326530612244899
N17,N36,N42,2,0.0016326530612244899
N17,N37,N44,2,0.0016326530612244899
N17,N39,N40,2,0.0016326530612244899
N17,N39,N43,2,0.0016326530612244899
N17,N40,N43,2,0.0016326530612244899
N17,N40,N44,2,0.0016326530612244899
N17,N41,N43,2,0.0016326530612244899
N17,N42,N44,2,0.0016326530612244899
N18,N19,N25,2,0.0016326530612244899
N18,N19,N26,2,0.0016326530612244899
N18,N19,N27,2,0.0016326530612244899
N18,N19,N29,2,0.0016326530612244899
N18,N19,N30,2,0.0016326530612244899
N18,N19,N32,2,0.0016326530612244899
N18,N19,N33,2,0.0016326530612244899
N18,N19,N42,2,0.0016326530612244899
N18,N19,N45,2,0.0016326530612244899
N18,N20,N33,2,0.0016326530612244899
N18,N20,N35,2,0.0016326530612244899
N18,N20,N43,2,0.0016326530612244899
N18,N21,N28,2,0.0016326530612244899
N18,N21,N29,2,0.0016326530612244899
N18,N21,N32,2,0.0016326530612244899
N18,N21,N33,2,0.0016326530612244899
N18,N21,N39,2,0.0016326530612244899
N18,N21,N43,2,0.0016326530612244899
N18,N22,N28,2,0.0016326530612244899
N18,N22,N34,2,0.0016326530612244899
N18,N22,N35,2,0.0016326530612244899
N18,N22,N39,2,0.0016326530612244899
N18,N23,N25,2,0.0016326530612244899
N18,N23,N28,2,0.0016326530612244899
N18,N23,N35,2,0.0016326530612244899
N18,N23,N36,2,0.0016326530612244899
N18,N23,N40,2,0.0016326530612244899
N18,N23,N41,2,0.0016326530612244899
N18,N23,N43,2,0.0016326530612244899
N18,N23,N45,2,0.0016326530612244899
N18,N24,N30,2,0.0016326530612244899
N18,N24,N31,2,0.0016326530612244899
N18,N24,N33,2,0.0016326530612244899
N18,N24,N44,2,0.0016326530612244899
N18,N25,N26,2,0.0016326530612244899
N18,N25,N33,2,0.0016326530612244899
N18,N25,N34,2,0.0016326530612244899
N18,N25,N35,2,0.0016326530612244899
N18,N25,N37,2,0.0016326530612244899
N18,N25,N38,2,0.0016326530612244899
N18,N25,N39,2,0.0016326530612244899
N18,N26,N33,2,0.0016326530612244899
N18,N26,N36,2,0.0016326530612244899
N18,N26,N37,2,0.0016326530612244899
N18,N26,N44,2,0.0016326530612244899
N18,N27,N32,2,0.0016326530612244899
N18,N27,N41,2,0.0016326530612244899
N18,N27,N42,2,0.0016326530612244899
N18,N27,N45,2,0.0016326530612244899
N18,N28,N31,2,0.0016326530612244899
N18,N28,N34,2,0.0016326530612244899
N18,N28,N35,2,0.0016326530612244899
N18,N28,N36,2,0.0016326530612244899
N18,N28,N37,2,0.0016326530612244899
N18,N28,N39,2,0.0016326530612244899
N18,N28,N45,2,0.0016326530612244899
N18,N29,N33,2,0.0016326530612244899
N18,N29,N35,2,0.0016326530612244899
N18,N29,N37,2,0.0016326530612244899
N18,N30,N31,2,0.0016326530612244899
N18,N30,N36,2,0.0016326530612244899
N18,N30,N40,2,0.0016326530612244899
N18,N30,N44,2,0.0016326530612244899
N18,N31,N37,2,0.0016326530612244899
N18,N31,N42,2,0.0016326530612244899
N18,N32,N38,2,0.0016326530612244899
N18,N32,N39,2,0.0016326530612244899
N18,N32,N40,2,0.0016326530612244899
N18,N33,N37,2,0.0016326530612244899
N18,N33,N44,2,0.0016326530612244899
N18,N34,N41,2,0.0016326530612244899
N18,N34,N42,2,0.0016326530612244899
N18,N34,N43,2,0.0016326530612244899
N18,N35,N37,2,0.0016326530612244899
N18,N35,N43,2,0.0016326530612244899
N18,N35,N45,2,0.0016326530612244899
N18,N36,N37,2,0.0016326530612244899
N18,N36,N43,2,0.0016326530612244899
N18,N37,N38,2,0.0016326530612244899
N18,N37,N39,2,0.0016326530612244899
N18,N37,N40,2,0.0016326530612244899
N18,N38,N44,2,0.0016326530612244899
N18,N39,N40,2,0.0016326530612244899
N18,N39,N41,2,0.0016326530612244899
N18,N41,N42,2,0.0016326530612244899
N18,N41,N43,2,0.0016326530612244899
N18,N42,N44,2,0.0016326530612244899
N18,N43,N44,2,0.0016326530612244899
N18,N43,N45,2,0.0016326530612244899
N19,N20,N21,2,0.0016326530612244899
N19,N20,N30,2,0.0016326530612244899
N19,N20,N33,2,0.0016326530612244899
N19,N20,N35,2,0.0016326530612244899
N19,N20,N38,2,0.0016326530612244899
N19,N20,N39,2,0.0016326530612244899
N19,N20,N40,2,0.0016326530612244899
N19,N20,N43,2,0.0016326530612244899
N19,N20,N44,2,0.0016326530612244899
N19,N20,N45,2,0.0016326530612244899
N19,N21,N23,2,0.0016326530612244899
N19,N21,N24,2,0.0016326530612244899
N19,N21,N29,2,0.0016326530612244899
N19,N21,N36,2,0.0016326530612244899
N19,N21,N40,2,0.0016326530612244899
N19,N21,N43,2,0.0016326530612244899
N19,N22,N28,2,0.0016326530612244899
N19,N22,N34,2,0.0016326530612244899
N19,N22,N36,2,0.0016326530612244899
N19,N22,N37,2,0.0016326530612244899
N19,N22,N43,2,0.0016326530612244899
N19,N23,N32,2,0.0016326530612244899
N19,N23,N33,2,0.0016326530612244899
N19,N24,N27,2,0.0016326530612244899
N19,N24,N30,2,0.0016326530612244899
N19,N24,N36,2,0.0016326530612244899
N19,N24,N40,2,0.0016326530612244899
N19,N24,N42,2,0.0016326530612244899
N19,N25,N32,2,0.0016326530612244899
N19,N25,N38,2,0.0016326530612244899
N19,N25,N42,2,0.0016326530612244899
N19,N26,N28,2,0.0016326530612244899
N19,N26,N31,2,0.0016326530612244899
N19,N26,N39,2,0.0016326530612244899
N19,N26,N40,2,0.0016326530612244899
N19,N26,N44,2,0.0016326530612244899
N19,N27,N28,2,0.0016326530612244899
N19,N27,N31,2,0.0016326530612244899
N19,N27,N34,2,0.0016326530612244899
N19,N27,N35,2,0.0016326530612244899
N19,N27,N41,2,0.0016326530612244899
N19,N28,N31,2,0.0016326530612244899
N19,N28,N33,2,0.0016326530612244899
N19,N28,N36,2,0.0016326530612244899
N19,N28,N37,2,0.0016326530612244899
N19,N28,N45,2,0.0016326530612244899
N19,N29,N32,2,0.0016326530612244899
N19,N29,N35,2,0.0016326530612244899
N19,N29,N36,2,0.0016326530612244899
N19,N29,N42,2,0.0016326530612244899
N19,N30,N39,2,0.0016326530612244899
N19,N30,N43,2,0.0016326530612244899
N19,N30,N45,2,0.0016326530612244899
N19,N31,N35,2,0.0016326530612244899
N19,N31,N38,2,0.0016326530612244899
N19,N31,N39,2,0.0016326530612244899
N19,N31,N43,2,0.0016326530612244899
N19,N31,N44,2,0.0016326530612244899
N19,N32,N36,2,0.0016326530612244899
N19,N32,N38,2,0.0016326530612244899
N19,N32,N41,2,0.0016326530612244899
N19,N32,N45,2,0.0016326530612244899
N19,N33,N39,2,0.0016326530612244899
N19,N33,N40,2,0.0016326530612244899
N19,N33,N42,2,0.0016326530612244899
N19,N34,N35,2,0.0016326530612244899
N19,N34,N42,2,0.0016326530612244899
N19,N34,N43,2,0.0016326530612244899
N19,N34,N45,2,0.0016326530612244899
N19,N35,N38,2,0.0016326530612244899
N19,N35,N39,2,0.0016326530612244899
N19,N35,N42,2,0.0016326530612244899
N19,N36,N39,2,0.0016326530612244899
N19,N36,N45,2,0.0016326530612244899
N19,N37,N39,2,0.0016326530612244899
N19,N37,N40,2,0.0016326530612244899
N19,N37,N41,2,0.0016326530612244899
N19,N38,N41,2,0.0016326530612244899
N19,N39,N43,2,0.0016326530612244899
N19,N41,N42,2,0.0016326530612244899
N19,N41,N43,2,0.0016326530612244899
N19,N42,N44,2,0.0016326530612244899
N19,N42,N45,2,0.0016326530612244899
N19,N43,N45,2,0.0016326530612244899
N20,N21,N22,2,0.0016326530612244899
N20,N21,N29,2,0.0016326530612244899
N20,N21,N30,2,0.0016326530612244899
N20,N21,N32,2,0.0016326530612244899
N20,N21,N33,2,0.0016326530612244899
N20,N21,N37,2,0.0016326530612244899
N20,N21,N44,2,0.0016326530612244899
N20,N22,N23,2,0.0016326530612244899
N20,N22,N28,2,0.0016326530612244899
N20,N22,N29,2,0.0016326530612244899
N20,N22,N33,2,0.0016326530612244899
N20,N22,N36,2,0.0016326530612244899
N20,N22,N38,2,0.0016326530612244899
N20,N22,N40,2,0.0016326530612244899
N20,N22,N41,2,0.0016326530612244899
N20,N23,N24,2,0.0016326530612244899
N20,N23,N26,2,0.0016326530612244899
N20,N23,N31,2,0.0016326530612244899
N20,N23,N32,2,0.0016326530612244899
N20,N23,N40,2,0.0016326530612244899
N20,N23,N42,2,0.0016326530612244899
N20,N24,N28,2,0.0016326530612244899
N20,N24,N31,2,0.0016326530612244899
N20,N24,N32,2,0.0016326530612244899
N20,N24,N34,2,0.0016326530612244899
N20,N24,N37,2,0.0016326530612244899
N20,N24,N40,2,0.0016326530612244899
N20,N24,N41,2,0.0016326530612244899
N20,N24,N42,2,0.0016326530612244899
N20,N24,N44,2,0.0016326530612244899
N20,N24,N45,2,0.0016326530612244899
N20,N25,N29,2,0.0016326530612244899
N20,N25,N31,2,0.0016326530612244899
N20,N25,N33,2,0.0016326530612244899
N20,N25,N41,2,0.0016326530612244899
N20,N25,N43,2,0.0016326530612244899
N20,N25,N45,2,0.0016326530612244899
N20,N26,N27,2,0.0016326530612244899
N20,N26,N30,2,0.0016326530612244899
N20,N26,N33,2,0.0016326530612244899
N20,N26,N40,2,0.0016326530612244899
N20,N26,N42,2,0.0016326530612244899
N20,N26,N43,2,0.0016326530612244899
N20,N27,N28,2,0.0016326530612244899
N20,N27,N33,2,0.0016326530612244899
N20,N27,N37,2,0.0016326530612244899
N20,N27,N39,2,0.0016326530612244899
N20,N27,N43,2,0.0016326530612244899
N20,N27,N44,2,0.0016326530612244899
N20,N28,N29,2,0.0016326530612244899
N20,N28,N30,2,0.0016326530612244899
N20,N28,N37,2,0.0016326530612244899
N20,N29,N31,2,0.0016326530612244899
N20,N29,N42,2,0.0016326530612244899
N20,N30,N34,2,0.0016326530612244899
N20,N30,N36,2,0.0016326530612244899
N20,N30,N37,2,0.0016326530612244899
N20,N30,N38,2,0.0016326530612244899
N20,N30,N40,2,0.0016326530612244899
N20,N30,N44,2,0.0016326530612244899
N20,N31,N32,2,0.0016326530612244899
N20,N31,N33,2,0.0016326530612244899
N20,N31,N34,2,0.0016326530612244899
N20,N31,N35,2,0.0016326530612244899
N20,N31,N37,2,0.0016326530612244899
N20,N31,N41,2,0.0016326530612244899
N20,N32,N33,2,0.0016326530612244899
N20,N32,N36,2,0.0016326530612244899
N20,N32,N38,2,0.0016326530612244899
N20,N32,N39,2,0.0016326530612244899
N20,N32,N40,2,0.0016326530612244899
N20,N32,N41,2,0.0016326530612244899
N20,N32,N43,2,0.0016326530612244899
N20,N33,N34,2,0.0016326530612244899
N20,N33,N42,2,0.0016326530612244899
N20,N33,N43,2,0.0016326530612244899
N20,N33,N45,2,0.0016326530612244899
N20,N34,N35,2,0.0016326530612244899
N20,N34,N42,2,0.0016326530612244899
N20,N36,N38,2,0.0016326530612244899
N20,N36,N39,2,0.0016326530612244899
N20,N36,N42,2,0.0016326530612244899
N20,N37,N39,2,0.0016326530612244899
N20,N37,N40,2,0.0016326530612244899
N20,N37,N43,2,0.0016326530612244899
N20,N38,N43,2,0.0016326530612244899
N20,N39,N41,2,0.0016326530612244899
N20,N39,N42,2,0.0016326530612244899
N20,N40,N45,2,0.0016326530612244899
N20,N44,N45,2,0.0016326530612244899
N21,N22,N28,2,0.0016326530612244899
N21,N22,N31,2,0.0016326530612244899
N21,N22,N34,2,0.0016326530612244899
N21,N22,N35,2,0.0016326530612244899
N21,N22,N38,2,0.0016326530612244899
N21,N22,N41,2,0.0016326530612244899
N21,N22,N42,2,0.0016326530612244899
N21,N22,N44,2,0.0016326530612244899
N21,N23,N30,2,0.0016326530612244899
N21,N23,N32,2,0.0016326530612244899
N21,N23,N34,2,0.0016326530612244899
N21,N23,N39,2,0.0016326530612244899
N21,N23,N45,2,0.0016326530612244899
N21,N24,N29,2,0.0016326530612244899
N21,N24,N33,2,0.0016326530612244899
N21,N24,N36,2,0.0016326530612244899
N21,N24,N37,2,0.0016326530612244899
N21,N24,N41,2,0.0016326530612244899
N21,N24,N43,2,0.0016326530612244899
N21,N24,N44,2,0.0016326530612244899
N21,N25,N26,2,0.0016326530612244899
N21,N25,N29,2,0.0016326530612244899
N21,N25,N33,2,0.0016326530612244899
N21,N25,N40,2,0.0016326530612244899
N21,N25,N41,2,0.0016326530612244899
N21,N25,N42,2,0.0016326530612244899
N21,N26,N30,2,0.0016326530612244899
N21,N26,N31,2,0.0016326530612244899
N21,N26,N32,2,0.0016326530612244899
N21,N26,N37,2,0.0016326530612244899
N21,N27,N32,2,0.0016326530612244899
N21,N27,N38,2,0.0016326530612244899
N21,N27,N39,2,0.0016326530612244899
N21,N27,N43,2,0.0016326530612244899
N21,N28,N31,2,0.0016326530612244899
N21,N28,N35,2,0.0016326530612244899
N21,N28,N36,2,0.0016326530612244899
N21,N28,N42,2,0.0016326530612244899
N21,N28,N45,2,0.0016326530612244899
N21,N29,N32,2,0.0016326530612244899
N21,N29,N33,2,0.0016326530612244899
N21,N29,N34,2,0.0016326530612244899
N21,N29,N40,2,0.0016326530612244899
N21,N29,N43,2,0.0016326530612244899
N21,N29,N44,2,0.0016326530612244899
N21,N30,N32,2,0.0016326530612244899
N21,N30,N38,2,0.0016326530612244899
N21,N30,N44,2,0.0016326530612244899
N21,N31,N36,2,0.0016326530612244899
N21,N31,N38,2,0.0016326530612244899
N21,N31,N40,2,0.0016326530612244899
N21,N31,N43,2,0.0016326530612244899
N21,N32,N34,2,0.0016326530612244899
N21,N32,N36,2,0.0016326530612244899
N21,N32,N37,2,0.0016326530612244899
N21,N32,N38,2,0.0016326530612244899
N21,N32,N44,2,0.0016326530612244899
N21,N32,N45,2,0.0016326530612244899
N21,N33,N36,2,0.0016326530612244899
N21,N33,N38,2,0.0016326530612244899
N21,N33,N39,2,0.0016326530612244899
N21,N33,N40,2,0.0016326530612244899
N21,N33,N41,2,0.0016326530612244899
N21,N34,N36,2,0.0016326530612244899
N21,N34,N43,2,0.0016326530612244899
N21,N35,N40,2,0.0016326530612244899
N21,N35,N43,2,0.0016326530612244899
N21,N36,N39,2,0.0016326530612244899
N21,N36,N40,2,0.0016326530612244899
N21,N36,N44,2,0.0016326530612244899
N21,N37,N38,2,0.0016326530612244899
N21,N37,N40,2,0.0016326530612244899
N21,N38,N39,2,0.0016326530612244899
N21,N38,N42,2,0.0016326530612244899
N21,N38,N45,2,0.0016326530612244899
N21,N40,N42,2,0.0016326530612244899
N21,N41,N42,2,0.0016326530612244899
N21,N43,N44,2,0.0016326530612244899
N22,N23,N29,2,0.0016326530612244899
N22,N23,N34,2,0.0016326530612244899
N22,N23,N37,2,0.0016326530612244899
N22,N23,N38,2,0.0016326530612244899
N22,N23,N43,2,0.0016326530612244899
N22,N24,N26,2,0.0016326530612244899
N22,N24,N27,2,0.0016326530612244899
N22,N24,N31,2,0.0016326530612244899
N22,N24,N33,2,0.0016326530612244899
N22,N24,N34,2,0.0016326530612244899
N22,N24,N37,2,0.0016326530612244899
N22,N24,N40,2,0.0016326530612244899
N22,N24,N41,2,0.0016326530612244899
N22,N25,N29,2,0.0016326530612244899
N22,N25,N31,2,0.0016326530612244899
N22,N25,N32,2,0.0016326530612244899
N22,N25,N34,2,0.0016326530612244899
N22,N25,N40,2,0.0016326530612244899
N22,N25,N43,2,0.0016326530612244899
N22,N25,N45,2,0.0016326530612244899
N22,N26,N27,2,0.0016326530612244899
N22,N26,N34,2,0.0016326530612244899
N22,N26,N38,2,0.0016326530612244899
N22,N26,N40,2,0.0016326530612244899
N22,N26,N41,2,0.0016326530612244899
N22,N26,N44,2,0.0016326530612244899
N22,N27,N30,2,0.0016326530612244899
N22,N27,N33,2,0.0016326530612244899
N22,N27,N36,2,0.0016326530612244899
N22,N27,N43,2,0.0016326530612244899
N22,N28,N29,2,0.0016326530612244899
N22,N28,N32,2,0.0016326530612244899
N22,N28,N39,2,0.0016326530612244899
N22,N28,N43,2,0.0016326530612244899
N22,N29,N31,2,0.0016326530612244899
N22,N29,N32,2,0.0016326530612244899
N22,N29,N43,2,0.0016326530612244899
N22,N29,N44,2,0.0016326530612244899
N22,N29,N45,2,0.0016326530612244899
N22,N30,N35,2,0.0016326530612244899
N22,N30,N37,2,0.0016326530612244899
N22,N30,N39,2,0.0016326530612244899
N22,N30,N43,2,0.0016326530612244899
N22,N30,N44,2,0.0016326530612244899
N22,N31,N32,2,0.0016326530612244899
N22,N31,N35,2,0.0016326530612244899
N22,N31,N38,2,0.0016326530612244899
N22,N31,N39,2,0.0016326530612244899
N22,N31,N40,2,0.0016326530612244899
N22,N31,N43,2,0.0016326530612244899
N22,N32,N33,2,0.0016326530612244899
N22,N32,N34,2,0.0016326530612244899
N22,N32,N35,2,0.0016326530612244899
N22,N32,N38,2,0.0016326530612244899
N22,N32,N42,2,0.0016326530612244899
N22,N33,N34,2,0.0016326530612244899
N22,N33,N36,2,0.0016326530612244899
N22,N33,N41,2,0.0016326530612244899
N22,N34,N35,2,0.0016326530612244899
N22,N34,N37,2,0.0016326530612244899
N22,N35,N36,2,0.0016326530612244899
N22,N35,N37,2,0.0016326530612244899
N22,N36,N37,2,0.0016326530612244899
N22,N36,N38,2,0.0016326530612244899
N22,N36,N39,2,0.0016326530612244899
N22,N37,N43,2,0.0016326530612244899
N22,N38,N39,2,0.0016326530612244899
N22,N38,N40,2,0.0016326530612244899
N22,N38,N41,2,0.0016326530612244899
N22,N38,N45,2,0.0016326530612244899
N22,N39,N44,2,0.0016326530612244899
N22,N41,N42,2,0.0016326530612244899
N22,N42,N43,2,0.0016326530612244899
N23,N24,N30,2,0.0016326530612244899
N23,N24,N36,2,0.0016326530612244899
N23,N24,N38,2,0.0016326530612244899
N23,N24,N39,2,0.0016326530612244899
N23,N24,N45,2,0.0016326530612244899
N23,N25,N27,2,0.0016326530612244899
N23,N25,N29,2,0.0016326530612244899
N23,N25,N32,2,0.0016326530612244899
N23,N25,N39,2,0.0016326530612244899
N23,N25,N41,2,0.0016326530612244899
N23,N25,N45,2,0.0016326530612244899
N23,N26,N27,2,0.0016326530612244899
N23,N26,N29,2,0.0016326530612244899
N23,N26,N31,2,0.0016326530612244899
N23,N26,N35,2,0.0016326530612244899
N23,N26,N40,2,0.0016326530612244899
N23,N26,N43,2,0.0016326530612244899
N23,N27,N33,2,0.0016326530612244899
N23,N27,N36,2,0.0016326530612244899
N23,N27,N44,2,0.0016326530612244899
N23,N27,N45,2,0.0016326530612244899
N23,N28,N34,2,0.0016326530612244899
N23,N28,N35,2,0.0016326530612244899
N23,N28,N36,2,0.0016326530612244899
N23,N28,N37,2,0.0016326530612244899
N23,N28,N38,2,0.0016326530612244899
N23,N28,N44,2,0.0016326530612244899
N23,N28,N45,2,0.0016326530612244899
N23,N29,N31,2,0.0016326530612244899
N23,N29,N34,2,0.0016326530612244899
N23,N29,N39,2,0.0016326530612244899
N23,N29,N41,2,0.0016326530612244899
N23,N29,N43,2,0.0016326530612244899
N23,N29,N45,2,0.0016326530612244899
N23,N30,N32,2,0.0016326530612244899
N23,N30,N43,2,0.0016326530612244899
N23,N31,N33,2,0.0016326530612244899
N23,N31,N34,2,0.0016326530612244899
N23,N31,N38,2,0.0016326530612244899
N23,N31,N40,2,0.0016326530612244899
N23,N31,N44,2,0.0016326530612244899
N23,N31,N45,2,0.0016326530612244899
N23,N32,N34,2,0.0016326530612244899
N23,N32,N40,2,0.0016326530612244899
N23,N32,N45,2,0.0016326530612244899
N23,N33,N37,2,0.0016326530612244899
N23,N33,N39,2,0.0016326530612244899
N23,N33,N40,2,0.0016326530612244899
N23,N33,N44,2,0.0016326530612244899
N23,N34,N35,2,0.0016326530612244899
N23,N34,N40,2,0.0016326530612244899
N23,N34,N41,2,0.0016326530612244899
N23,N34,N43,2,0.0016326530612244899
N23,N35,N37,2,0.0016326530612244899
N23,N35,N44,2,0.0016326530612244899
N23,N35,N45,2,0.0016326530612244899
N23,N36,N37,2,0.0016326530612244899
N23,N36,N38,2,0.0016326530612244899
N23,N36,N40,2,0.0016326530612244899
N23,N37,N38,2,0.0016326530612244899
N23,N37,N40,2,0.0016326530612244899
N23,N38,N39,2,0.0016326530612244899
N23,N39,N40,2,0.0016326530612244899
N23,N39,N42,2,0.0016326530612244899
N23,N40,N45,2,0.0016326530612244899
N23,N41,N45,2,0.0016326530612244899
N23,N43,N44,2,0.0016326530612244899
N23,N43,N45,2,0.0016326530612244899
N24,N25,N30,2,0.0016326530612244899
N24,N25,N31,2,0.0016326530612244899
N24,N25,N32,2,0.0016326530612244899
N24,N25,N34,2,0.0016326530612244899
N24,N25,N35,2,0.0016326530612244899
N24,N26,N34,2,0.0016326530612244899
N24,N26,N38,2,0.0016326530612244899
N24,N26,N39,2,0.0016326530612244899
N24,N26,N40,2,0.0016326530612244899
N24,N26,N42,2,0.0016326530612244899
N24,N27,N29,2,0.0016326530612244899
N24,N27,N34,2,0.0016326530612244899
N24,N27,N39,2,0.0016326530612244899
N24,N27,N43,2,0.0016326530612244899
N24,N28,N35,2,0.0016326530612244899
N24,N28,N36,2,0.0016326530612244899
N24,N28,N39,2,0.0016326530612244899
N24,N28,N40,2,0.0016326530612244899
N24,N29,N31,2,0.0016326530612244899
N24,N29,N42,2,0.0016326530612244899
N24,N30,N33,2,0.0016326530612244899
N24,N30,N37,2,0.0016326530612244899
N24,N30,N39,2,0.0016326530612244899
N24,N31,N44,2,0.0016326530612244899
N24,N32,N33,2,0.0016326530612244899
N24,N32,N34,2,0.0016326530612244899
N24,N32,N36,2,0.0016326530612244899
N24,N32,N37,2,0.0016326530612244899
N24,N32,N38,2,0.0016326530612244899
N24,N32,N40,2,0.0016326530612244899
N24,N32,N44,2,0.0016326530612244899
N24,N33,N34,2,0.0016326530612244899
N24,N33,N35,2,0.0016326530612244899
N24,N33,N36,2,0.0016326530612244899
N24,N33,N42,2,0.0016326530612244899
N24,N33,N44,2,0.0016326530612244899
N24,N33,N45,2,0.0016326530612244899
N24,N34,N36,2,0.0016326530612244899
N24,N34,N39,2,0.0016326530612244899
N24,N34,N41,2,0.0016326530612244899
N24,N34,N44,2,0.0016326530612244899
N24,N36,N38,2,0.0016326530612244899
N24,N36,N41,2,0.0016326530612244899
N24,N36,N44,2,0.0016326530612244899
N24,N37,N38,2,0.0016326530612244899
N24,N37,N40,2,0.0016326530612244899
N24,N38,N39,2,0.0016326530612244899
N24,N39,N41,2,0.0016326530612244899
N24,N39,N42,2,0.0016326530612244899
N24,N44,N45,2,0.0016326530612244899
N25,N26,N30,2,0.0016326530612244899
N25,N26,N33,2,0.0016326530612244899
N25,N27,N32,2,0.0016326530612244899
N25,N27,N37,2,0.0016326530612244899
N25,N27,N40,2,0.0016326530612244899
N25,N27,N41,2,0.0016326530612244899
N25,N28,N30,2,0.0016326530612244899
N25,N28,N32,2,0.0016326530612244899
N25,N28,N36,2,0.0016326530612244899
N25,N28,N38,2,0.0016326530612244899
N25,N29,N32,2,0.0016326530612244899
N25,N29,N44,2,0.0016326530612244899
N25,N29,N45,2,0.0016326530612244899
N25,N30,N31,2,0.0016326530612244899
N25,N30,N33,2,0.0016326530612244899
N25,N30,N40,2,0.0016326530612244899
N25,N30,N42,2,0.0016326530612244899
N25,N31,N32,2,0.0016326530612244899
N25,N31,N37,2,0.0016326530612244899
N25,N31,N40,2,0.0016326530612244899
N25,N31,N43,2,0.0016326530612244899
N25,N31,N45,2,0.0016326530612244899
N25,N32,N36,2,0.0016326530612244899
N25,N32,N37,2,0.0016326530612244899
N25,N32,N40,2,0.0016326530612244899
N25,N32,N42,2,0.0016326530612244899
N25,N32,N44,2,0.0016326530612244899
N25,N32,N45,2,0.0016326530612244899
N25,N33,N34,2,0.0016326530612244899
N25,N33,N39,2,0.0016326530612244899
N25,N33,N43,2,0.0016326530612244899
N25,N34,N38,2,0.0016326530612244899
N25,N34,N39,2,0.0016326530612244899
N25,N34,N40,2,0.0016326530612244899
N25,N34,N44,2,0.0016326530612244899
N25,N35,N37,2,0.0016326530612244899
N25,N35,N43,2,0.0016326530612244899
N25,N35,N44,2,0.0016326530612244899
N25,N36,N37,2,0.0016326530612244899
N25,N36,N40,2,0.0016326530612244899
N25,N36,N44,2,0.0016326530612244899
N25,N37,N39,2,0.0016326530612244899
N25,N37,N42,2,0.0016326530612244899
N25,N37,N43,2,0.0016326530612244899
N25,N38,N41,2,0.0016326530612244899
N25,N38,N42,2,0.0016326530612244899
N25,N41,N44,2,0.0016326530612244899
N25,N41,N45,2,0.0016326530612244899
N26,N27,N28,2,0.0016326530612244899
N26,N27,N32,2,0.0016326530612244899
N26,N27,N34,2,0.0016326530612244899
N26,N27,N36,2,0.0016326530612244899
N26,N27,N37,2,0.0016326530612244899
N26,N27,N39,2,0.0016326530612244899
N26,N27,N43,2,0.0016326530612244899
N26,N28,N29,2,0.0016326530612244899
N26,N28,N33,2,0.0016326530612244899
N26,N28,N44,2,0.0016326530612244899
N26,N29,N31,2,0.0016326530612244899
N26,N29,N37,2,0.0016326530612244899
N26,N29,N42,2,0.0016326530612244899
N26,N29,N43,2,0.0016326530612244899
N26,N30,N34,2,0.0016326530612244899
N26,N30,N36,2,0.0016326530612244899
N26,N30,N38,2,0.0016326530612244899
N26,N30,N39,2,0.0016326530612244899
N26,N30,N45,2,0.0016326530612244899
N26,N31,N33,2,0.0016326530612244899
N26,N31,N35,2,0.0016326530612244899
N26,N31,N39,2,0.0016326530612244899
N26,N31,N45,2,0.0016326530612244899
N26,N32,N33,2,0.0016326530612244899
N26,N32,N34,2,0.0016326530612244899
N26,N32,N36,2,0.0016326530612244899
N26,N32,N38,2,0.0016326530612244899
N26,N32,N42,2,0.0016326530612244899
N26,N33,N34,2,0.0016326530612244899
N26,N33,N36,2,0.0016326530612244899
N26,N33,N39,2,0.0016326530612244899
N26,N33,N43,2,0.0016326530612244899
N26,N33,N45,2,0.0016326530612244899
N26,N34,N41,2,0.0016326530612244899
N26,N34,N43,2,0.0016326530612244899
N26,N34,N44,2,0.0016326530612244899
N26,N34,N45,2,0.0016326530612244899
N26,N35,N37,2,0.0016326530612244899
N26,N35,N39,2,0.0016326530612244899
N26,N35,N42,2,0.0016326530612244899
N26,N35,N43,2,0.0016326530612244899
N26,N36,N41,2,0.0016326530612244899
N26,N36,N42,2,0.0016326530612244899
N26,N36,N45,2,0.0016326530612244899
N26,N38,N40,2,0.0016326530612244899
N26,N38,N45,2,0.0016326530612244899
N26,N39,N41,2,0.0016326530612244899
N26,N39,N42,2,0.0016326530612244899
N26,N40,N42,2,0.0016326530612244899
N26,N42,N43,2,0.0016326530612244899
N26,N42,N45,2,0.0016326530612244899
N26,N43,N44,2,0.0016326530612244899
N27,N28,N30,2,0.0016326530612244899
N27,N28,N36,2,0.0016326530612244899
N27,N28,N37,2,0.0016326530612244899
N27,N28,N42,2,0.0016326530612244899
N27,N28,N43,2,0.0016326530612244899
N27,N29,N34,2,0.0016326530612244899
N27,N29,N37,2,0.0016326530612244899
N27,N29,N41,2,0.0016326530612244899
N27,N29,N42,2,0.0016326530612244899
N27,N29,N43,2,0.0016326530612244899
N27,N30,N33,2,0.0016326530612244899
N27,N30,N34,2,0.0016326530612244899
N27,N30,N39,2,0.0016326530612244899
N27,N31,N32,2,0.0016326530612244899
N27,N31,N35,2,0.0016326530612244899
N27,N31,N38,2,0.0016326530612244899
N27,N32,N38,2,0.0016326530612244899
N27,N32,N42,2,0.0016326530612244899
N27,N33,N36,2,0.0016326530612244899
N27,N33,N37,2,0.0016326530612244899
N27,N33,N39,2,0.0016326530612244899
N27,N33,N41,2,0.0016326530612244899
N27,N34,N35,2,0.0016326530612244899
N27,N34,N40,2,0.0016326530612244899
N27,N34,N41,2,0.0016326530612244899
N27,N34,N42,2,0.0016326530612244899
N27,N34,N44,2,0.0016326530612244899
N27,N34,N45,2,0.0016326530612244899
N27,N35,N36,2,0.0016326530612244899
N27,N36,N37,2,0.0016326530612244899
N27,N36,N41,2,0.0016326530612244899
N27,N36,N43,2,0.0016326530612244899
N27,N37,N38,2,0.0016326530612244899
N27,N37,N39,2,0.0016326530612244899
N27,N38,N39,2,0.0016326530612244899
N27,N38,N41,2,0.0016326530612244899
N27,N38,N42,2,0.0016326530612244899
N27,N38,N43,2,0.0016326530612244899
N27,N38,N44,2,0.0016326530612244899
N27,N39,N40,2,0.0016326530612244899
N27,N40,N41,2,0.0016326530612244899
N27,N40,N42,2,0.0016326530612244899
N27,N40,N44,2,0.0016326530612244899
N27,N40,N45,2,0.0016326530612244899
N27,N41,N43,2,0.0016326530612244899
N27,N41,N45,2,0.0016326530612244899
N27,N43,N44,2,0.0016326530612244899
N27,N44,N45,2,0.0016326530612244899
N28,N29,N30,2,0.0016326530612244899
N28,N29,N34,2,0.0016326530612244899
N28,N29,N39,2,0.0016326530612244899
N28,N29,N43,2,0.0016326530612244899
N28,N29,N44,2,0.0016326530612244899
N28,N30,N33,2,0.0016326530612244899
N28,N30,N34,2,0.0016326530612244899
N28,N30,N35,2,0.0016326530612244899
N28,N30,N38,2,0.0016326530612244899
N28,N30,N41,2,0.0016326530612244899
N28,N30,N42,2,0.0016326530612244899
N28,N30,N43,2,0.0016326530612244899
N28,N31,N32,2,0.0016326530612244899
N28,N31,N33,2,0.0016326530612244899
N28,N31,N34,2,0.0016326530612244899
N28,N31,N36,2,0.0016326530612244899
N28,N31,N41,2,0.0016326530612244899
N28,N31,N43,2,0.0016326530612244899
N28,N31,N45,2,0.0016326530612244899
N28,N32,N34,2,0.0016326530612244899
N28,N32,N40,2,0.0016326530612244899
N28,N32,N45,2,0.0016326530612244899
N28,N33,N36,2,0.0016326530612244899
N28,N33,N40,2,0.0016326530612244899
N28,N33,N45,2,0.0016326530612244899
N28,N34,N40,2,0.0016326530612244899
N28,N35,N39,2,0.0016326530612244899
N28,N35,N40,2,0.0016326530612244899
N28,N35,N41,2,0.0016326530612244899
N28,N35,N43,2,0.0016326530612244899
N28,N36,N45,2,0.0016326530612244899
N28,N37,N42,2,0.0016326530612244899
N28,N37,N45,2,0.0016326530612244899
N28,N38,N39,2,0.0016326530612244899
N28,N38,N45,2,0.0016326530612244899
N28,N39,N40,2,0.0016326530612244899
N28,N39,N42,2,0.0016326530612244899
N28,N39,N43,2,0.0016326530612244899
N28,N39,N45,2,0.0016326530612244899
N28,N40,N43,2,0.0016326530612244899
N28,N41,N42,2,0.0016326530612244899
N28,N42,N43,2,0.0016326530612244899
N28,N43,N45,2,0.0016326530612244899
N29,N30,N34,2,0.0016326530612244899
N29,N30,N35,2,0.0016326530612244899
N29,N30,N43,2,0.0016326530612244899
N29,N31,N33,2,0.0016326530612244899
N29,N31,N36,2,0.0016326530612244899
N29,N31,N38,2,0.0016326530612244899
N29,N31,N40,2,0.0016326530612244899
N29,N31,N42,2,0.0016326530612244899
N29,N32,N44,2,0.0016326530612244899
N29,N33,N34,2,0.0016326530612244899
N29,N33,N38,2,0.0016326530612244899
N29,N33,N41,2,0.0016326530612244899
N29,N33,N45,2,0.0016326530612244899
N29,N34,N36,2,0.0016326530612244899
N29,N34,N38,2,0.0016326530612244899
N29,N34,N44,2,0.0016326530612244899
N29,N35,N37,2,0.0016326530612244899
N29,N35,N43,2,0.0016326530612244899
N29,N36,N41,2,0.0016326530612244899
N29,N36,N45,2,0.0016326530612244899
N29,N37,N38,2,0.0016326530612244899
N29,N37,N43,2,0.0016326530612244899
N29,N38,N39,2,0.0016326530612244899
N29,N38,N42,2,0.0016326530612244899
N29,N39,N41,2,0.0016326530612244899
N29,N39,N42,2,0.0016326530612244899
N29,N39,N45,2,0.0016326530612244899
N29,N40,N41,2,0.0016326530612244899
N29,N41,N42,2,0.0016326530612244899
N29,N42,N43,2,0.0016326530612244899
N29,N42,N45,2,0.0016326530612244899
N29,N43,N44,2,0.0016326530612244899
N29,N43,N45,2,0.0016326530612244899
N30,N31,N32,2,0.0016326530612244899
N30,N31,N33,2,0.0016326530612244899
N30,N31,N34,2,0.0016326530612244899
N30,N31,N39,2,0.0016326530612244899
N30,N31,N43,2,0.0016326530612244899
N30,N31,N45,2,0.0016326530612244899
N30,N32,N35,2,0.0016326530612244899
N30,N32,N37,2,0.0016326530612244899
N30,N32,N38,2,0.0016326530612244899
N30,N32,N40,2,0.0016326530612244899
N30,N33,N38,2,0.0016326530612244899
N30,N33,N42,2,0.0016326530612244899
N30,N33,N43,2,0.0016326530612244899
N30,N33,N44,2,0.0016326530612244899
N30,N34,N36,2,0.0016326530612244899
N30,N34,N37,2,0.0016326530612244899
N30,N34,N38,2,0.0016326530612244899
N30,N34,N40,2,0.0016326530612244899
N30,N34,N42,2,0.0016326530612244899
N30,N35,N36,2,0.0016326530612244899
N30,N35,N37,2,0.0016326530612244899
N30,N35,N39,2,0.0016326530612244899
N30,N36,N37,2,0.0016326530612244899
N30,N36,N41,2,0.0016326530612244899
N30,N36,N42,2,0.0016326530612244899
N30,N36,N44,2,0.0016326530612244899
N30,N36,N45,2,0.0016326530612244899
N30,N37,N40,2,0.0016326530612244899
N30,N37,N41,2,0.0016326530612244899
N30,N37,N45,2,0.0016326530612244899
N30,N38,N40,2,0.0016326530612244899
N30,N39,N40,2,0.0016326530612244899
N30,N40,N41,2,0.0016326530612244899
N30,N40,N42,2,0.0016326530612244899
N30,N40,N43,2,0.0016326530612244899
N30,N41,N43,2,0.0016326530612244899
N30,N41,N44,2,0.0016326530612244899
N30,N42,N43,2,0.0016326530612244899
N31,N32,N34,2,0.0016326530612244899
N31,N32,N36,2,0.0016326530612244899
N31,N32,N43,2,0.0016326530612244899
N31,N33,N34,2,0.0016326530612244899
N31,N33,N36,2,0.0016326530612244899
N31,N33,N42,2,0.0016326530612244899
N31,N33,N45,2,0.0016326530612244899
N31,N34,N35,2,0.0016326530612244899
N31,N34,N36,2,0.0016326530612244899
N31,N34,N37,2,0.0016326530612244899
N31,N34,N38,2,0.0016326530612244899
N31,N34,N39,2,0.0016326530612244899
N31,N35,N37,2,0.0016326530612244899
N31,N35,N39,2,0.0016326530612244899
N31,N35,N44,2,0.0016326530612244899
N31,N36,N37,2,0.0016326530612244899
N31,N37,N38,2,0.0016326530612244899
N31,N37,N42,2,0.0016326530612244899
N31,N37,N44,2,0.0016326530612244899
N31,N38,N39,2,0.0016326530612244899
N31,N39,N40,2,0.0016326530612244899
N31,N40,N41,2,0.0016326530612244899
N31,N40,N42,2,0.0016326530612244899
N31,N40,N43,2,0.0016326530612244899
N31,N40,N45,2,0.0016326530612244899
N31,N41,N45,2,0.0016326530612244899
N32,N33,N38,2,0.0016326530612244899
N32,N33,N42,2,0.0016326530612244899
N32,N33,N44,2,0.0016326530612244899
N32,N33,N45,2,0.0016326530612244899
N32,N34,N40,2,0.0016326530612244899
N32,N34,N44,2,0.0016326530612244899
N32,N34,N45,2,0.0016326530612244899
N32,N35,N37,2,0.0016326530612244899
N32,N35,N40,2,0.0016326530612244899
N32,N35,N45,2,0.0016326530612244899
N32,N36,N42,2,0.0016326530612244899
N32,N37,N40,2,0.0016326530612244899
N32,N37,N41,2,0.0016326530612244899
N32,N37,N43,2,0.0016326530612244899
N32,N37,N45,2,0.0016326530612244899
N32,N38,N43,2,0.0016326530612244899
N32,N38,N44,2,0.0016326530612244899
N32,N39,N41,2,0.0016326530612244899
N32,N39,N42,2,0.0016326530612244899
N32,N40,N43,2,0.0016326530612244899
N32,N41,N43,2,0.0016326530612244899
N32,N41,N45,2,0.0016326530612244899
N32,N44,N45,2,0.0016326530612244899
N33,N34,N36,2,0.0016326530612244899
N33,N34,N38,2,0.0016326530612244899
N33,N34,N42,2,0.0016326530612244899
N33,N34,N43,2,0.0016326530612244899
N33,N34,N44,2,0.0016326530612244899
N33,N35,N38,2,0.0016326530612244899
N33,N35,N39,2,0.0016326530612244899
N33,N35,N44,2,0.0016326530612244899
N33,N36,N39,2,0.0016326530612244899
N33,N36,N42,2,0.0016326530612244899
N33,N36,N43,2,0.0016326530612244899
N33,N36,N44,2,0.0016326530612244899
N33,N36,N45,2,0.0016326530612244899
N33,N37,N41,2,0.0016326530612244899
N33,N37,N44,2,0.0016326530612244899
N33,N37,N45,2,0.0016326530612244899
N33,N39,N41,2,0.0016326530612244899
N33,N39,N44,2,0.0016326530612244899
N33,N41,N42,2,0.0016326530612244899
N34,N35,N41,2,0.0016326530612244899
N34,N35,N42,2,0.0016326530612244899
N34,N35,N44,2,0.0016326530612244899
N34,N36,N37,2,0.0016326530612244899
N34,N36,N41,2,0.0016326530612244899
N34,N37,N38,2,0.0016326530612244899
N34,N37,N40,2,0.0016326530612244899
N34,N38,N39,2,0.0016326530612244899
N34,N38,N41,2,0.0016326530612244899
N34,N38,N43,2,0.0016326530612244899
N34,N38,N45,2,0.0016326530612244899
N34,N39,N42,2,0.0016326530612244899
N34,N39,N43,2,0.0016326530612244899
N34,N39,N44,2,0.0016326530612244899
N34,N40,N43,2,0.0016326530612244899
N34,N42,N43,2,0.0016326530612244899
N34,N43,N44,2,0.0016326530612244899
N34,N43,N45,2,0.0016326530612244899
N34,N44,N45,2,0.0016326530612244899
N35,N36,N39,2,0.0016326530612244899
N35,N36,N40,2,0.0016326530612244899
N35,N37,N39,2,0.0016326530612244899
N35,N37,N42,2,0.0016326530612244899
N35,N38,N39,2,0.0016326530612244899
N35,N39,N41,2,0.0016326530612244899
N35,N39,N44,2,0.0016326530612244899
N35,N39,N45,2,0.0016326530612244899
N35,N40,N44,2,0.0016326530612244899
N35,N40,N45,2,0.0016326530612244899
N35,N41,N42,2,0.0016326530612244899
N35,N41,N43,2,0.0016326530612244899
N35,N41,N44,2,0.0016326530612244899
N35,N42,N44,2,0.0016326530612244899
N35,N44,N45,2,0.0016326530612244899
N36,N37,N43,2,0.0016326530612244899
N36,N38,N39,2,0.0016326530612244899
N36,N38,N40,2,0.0016326530612244899
N36,N39,N40,2,0.0016326530612244899
N36,N39,N44,2,0.0016326530612244899
N36,N40,N42,2,0.0016326530612244899
N36,N40,N43,2,0.0016326530612244899
N36,N41,N42,2,0.0016326530612244899
N36,N41,N43,2,0.0016326530612244899
N36,N42,N43,2,0.0016326530612244899
N36,N42,N44,2,0.0016326530612244899
N36,N43,N45,2,0.0016326530612244899
N37,N38,N39,2,0.0016326530612244899
N37,N38,N42,2,0.0016326530612244899
N37,N38,N44,2,0.0016326530612244899
N37,N38,N45,2,0.0016326530612244899
N37,N39,N43,2,0.0016326530612244899
N37,N40,N44,2,0.0016326530612244899
N37,N40,N45,2,0.0016326530612244899
N37,N41,N42,2,0.0016326530612244899
N38,N39,N40,2,0.0016326530612244899
N38,N40,N42,2,0.0016326530612244899
N38,N40,N45,2,0.0016326530612244899
N38,N42,N43,2,0.0016326530612244899
N38,N42,N45,2,0.0016326530612244899
N39,N40,N43,2,0.0016326530612244899
N39,N40,N44,2,0.0016326530612244899
N39,N42,N45,2,0.0016326530612244899
N39,N43,N45,2,0.0016326530612244899
N40,N41,N44,2,0.0016326530612244899
N42,N43,N45,2,0.0016326530612244899
N43,N44,N45,2,0.0016326530612244899
N01,N02,N05,1,0.0008163265306122449
N01,N02,N07,1,0.0008163265306122449
N01,N02,N12,1,0.0008163265306122449
N01,N02,N13,1,0.0008163265306122449
N01,N02,N21,1,0.0008163265306122449
N01,N02,N22,1,0.0008163265306122449
N01,N02,N24,1,0.0008163265306122449
N01,N02,N29,1,0.0008163265306122449
N01,N02,N30,1,0.0008163265306122449
N01,N02,N31,1,0.0008163265306122449
N01,N02,N32,1,0.0008163265306122449
N01,N02,N33,1,0.0008163265306122449
N01,N02,N35,1,0.0008163265306122449
N01,N02,N37,1,0.0008163265306122449
N01,N02,N40,1,0.0008163265306122449
N01,N03,N06,1,0.0008163265306122449
N01,N03,N07,1,0.0008163265306122449
N01,N03,N10,1,0.0008163265306122449
N01,N03,N11,1,0.0008163265306122449
N01,N03,N33,1,0.0008163265306122449
N01,N03,N34,1,0.0008163265306122449
N01,N03,N40,1,0.0008163265306122449
N01,N03,N44,1,0.0008163265306122449
N01,N04,N05,1,0.0008163265306122449
N01,N04,N09,1,0.0008163265306122449
N01,N04,N11,1,0.0008163265306122449
N01,N04,N15,1,0.0008163265306122449
N01,N04,N19,1,0.0008163265306122449
N01,N04,N26,1,0.0008163265306122449
N01,N04,N28,1,0.0008163265306122449
N01,N04,N32,1,0.0008163265306122449
N01,N04,N33,1,0.0008163265306122449
N01,N04,N35,1,0.0008163265306122449
N01,N04,N43,1,0.0008163265306122449
N01,N05,N07,1,0.0008163265306122449
N01,N05,N08,1,0.0008163265306122449
N01,N05,N10,1,0.0008163265306122449
N01,N05,N23,1,0.0008163265306122449
N01,N05,N25,1,0.0008163265306122449
N01,N05,N29,1,0.0008163265306122449
N01,N05,N31,1,0.0008163265306122449
N01,N05,N32,1,0.0008163265306122449
N01,N05,N33,1,0.0008163265306122449
N01,N05,N37,1,0.0008163265306122449
N01,N05,N38,1,0.0008163265306122449
N01,N05,N40,1,0.0008163265306122449
N01,N05,N43,1,0.0008163265306122449
N01,N05,N44,1,0.0008163265306122449
N01,N06,N11,1,0.0008163265306122449
N01,N06,N12,1,0.0008163265306122449
N01,N06,N15,1,0.0008163265306122449
N01,N06,N21,1,0.0008163265306122449
N01,N06,N22,1,0.0008163265306122449
N01,N06,N24,1,0.0008163265306122449
N01,N06,N25,1,0.0008163265306122449
N01,N06,N31,1,0.0008163265306122449
N01,N06,N34,1,0.0008163265306122449
N01,N06,N39,1,0.0008163265306122449
N01,N06,N40,1,0.0008163265306122449
N01,N06,N45,1,0.0008163265306122449
N01,N07,N08,1,0.0008163265306122449
N01,N07,N10,1,0.0008163265306122449
N01,N07,N11,1,0.0008163265306122449
N01,N07,N14,1,0.0008163265306122449
N01,N07,N16,1,0.0008163265306122449
N01,N07,N17,1,0.0008163265306122449
N01,N07,N19,1,0.0008163265306122449
N01,N07,N20,1,0.0008163265306122449
N01,N07,N21,1,0.0008163265306122449
N01,N07,N22,1,0.0008163265306122449
N01,N07,N24,1,0.0008163265306122449
N01,N07,N28,1,0.0008163265306122449
N01,N07,N30,1,0.0008163265306122449
N01,N07,N32,1,0.0008163265306122449
N01,N07,N33,1,0.0008163265306122449
N01,N07,N36,1,0.0008163265306122449
N01,N07,N40,1,0.0008163265306122449
N01,N07,N41,1,0.0008163265306122449
N01,N07,N43,1,0.0008163265306122449
N01,N08,N09,1,0.0008163265306122449
N01,N08,N10,1,0.0008163265306122449
N01,N08,N12,1,0.0008163265306122449
N01,N08,N14,1,0.0008163265306122449
N01,N08,N15,1,0.0008163265306122449
N01,N08,N16,1,0.0008163265306122449
N01,N08,N23,1,0.0008163265306122449
N01,N08,N26,1,0.0008163265306122449
N01,N08,N32,1,0.0008163265306122449
N01,N08,N35,1,0.0008163265306122449
N01,N09,N11,1,0.0008163265306122449
N01,N09,N18,1,0.0008163265306122449
N01,N09,N19,1,0.0008163265306122449
N01,N09,N20,1,0.0008163265306122449
N01,N09,N24,1,0.0008163265306122449
N01,N09,N25,1,0.0008163265306122449
N01,N09,N30,1,0.0008163265306122449
N01,N09,N31,1,0.0008163265306122449
N01,N09,N32,1,0.0008163265306122449
N01,N09,N33,1,0.0008163265306122449
N01,N09,N36,1,0.0008163265306122449
N01,N09,N39,1,0.0008163265306122449
N01,N09,N40,1,0.0008163265306122449
N01,N09,N42,1,0.0008163265306122449
N01,N09,N43,1,0.0008163265306122449
N01,N09,N44,1,0.0008163265306122449
N01,N09,N45,1,0.0008163265306122449
N01,N10,N14,1,0.0008163265306122449
N01,N10,N21,1,0.0008163265306122449
N01,N10,N22,1,0.0008163265306122449
N01,N10,N23,1,0.0008163265306122449
N01,N10,N33,1,0.0008163265306122449
N01,N10,N36,1,0.0008163265306122449
N01,N10,N38,1,0.0008163265306122449
N01,N10,N41,1,0.0008163265306122449
N01,N10,N45,1,0.0008163265306122449
N01,N11,N20,1,0.0008163265306122449
N01,N11,N22,1,0.0008163265306122449
N01,N11,N25,1,0.0008163265306122449
N01,N11,N27,1,0.0008163265306122449
N01,N11,N32,1,0.0008163265306122449
N01,N11,N37,1,0.0008163265306122449
N01,N11,N38,1,0.0008163265306122449
N01,N11,N41,1,0.0008163265306122449
N01,N11,N45,1,0.0008163265306122449
N01,N12,N15,1,0.0008163265306122449
N01,N12,N17,1,0.0008163265306122449
N01,N12,N22,1,0.0008163265306122449
N01,N12,N24,1,0.0008163265306122449
N01,N12,N34,1,0.0008163265306122449
N01,N12,N37,1,0.0008163265306122449
N01,N12,N39,1,0.0008163265306122449
N01,N12,N40,1,0.0008163265306122449
N01,N12,N44,1,0.0008163265306122449
N01,N13,N14,1,0.0008163265306122449
N01,N13,N16,1,0.0008163265306122449
N01,N13,N17,1,0.0008163265306122449
N01,N13,N18,1,0.0008163265306122449
N01,N13,N31,1,0.0008163265306122449
N01,N13,N42,1,0.0008163265306122449
N01,N14,N21,1,0.0008163265306122449
N01,N14,N24,1,0.0008163265306122449
N01,N14,N32,1,0.0008163265306122449
N01,N14,N33,1,0.0008163265306122449
N01,N14,N38,1,0.0008163265306122449
N01,N14,N39,1,0.0008163265306122449
N01,N14,N40,1,0.0008163265306122449
N01,N14,N42,1,0.0008163265306122449
N01,N14,N44,1,0.0008163265306122449
N01,N15,N16,1,0.0008163265306122449
N01,N15,N18,1,0.0008163265306122449
N01,N15,N22,1,0.0008163265306122449
N01,N15,N26,1,0.0008163265306122449
N01,N15,N38,1,0.0008163265306122449
N01,N15,N44,1,0.0008163265306122449
N01,N16,N21,1,0.0008163265306122449
N01,N16,N22,1,0.0008163265306122449
N01,N16,N25,1,0.0008163265306122449
N01,N16,N26,1,0.0008163265306122449
N01,N16,N30,1,0.0008163265306122449
N01,N16,N31,1,0.0008163265306122449
N01,N16,N35,1,0.0008163265306122449
N01,N16,N36,1,0.0008163265306122449
N01,N16,N37,1,0.0008163265306122449
N01,N16,N42,1,0.0008163265306122449
N01,N16,N44,1,0.0008163265306122449
N01,N16,N45,1,0.0008163265306122449
N01,N17,N19,1,0.0008163265306122449
N01,N17,N22,1,0.0008163265306122449
N01,N17,N23,1,0.0008163265306122449
N01,N17,N30,1,0.0008163265306122449
N01,N17,N33,1,0.0008163265306122449
N01,N17,N36,1,0.0008163265306122449
N01,N17,N37,1,0.0008163265306122449
N01,N17,N38,1,0.0008163265306122449
N01,N17,N43,1,0.0008163265306122449
N01,N18,N19,1,0.0008163265306122449
N01,N18,N22,1,0.0008163265306122449
N01,N18,N24,1,0.0008163265306122449
N01,N18,N26,1,0.0008163265306122449
N01,N18,N33,1,0.0008163265306122449
N01,N18,N35,1,0.0008163265306122449
N01,N18,N36,1,0.0008163265306122449
N01,N18,N40,1,0.0008163265306122449
N01,N18,N42,1,0.0008163265306122449
N01,N18,N44,1,0.0008163265306122449
N01,N18,N45,1,0.0008163265306122449
N01,N19,N21,1,0.0008163265306122449
N01,N19,N26,1,0.0008163265306122449
N01,N19,N27,1,0.0008163265306122449
N01,N19,N30,1,0.0008163265306122449
N01,N19,N33,1,0.0008163265306122449
N01,N19,N35,1,0.0008163265306122449
N01,N19,N38,1,0.0008163265306122449
N01,N19,N39,1,0.0008163265306122449
N01,N19,N41,1,0.0008163265306122449
N01,N19,N44,1,0.0008163265306122449
N01,N20,N22,1,0.0008163265306122449
N01,N20,N23,1,0.0008163265306122449
N01,N20,N29,1,0.0008163265306122449
N01,N20,N31,1,0.0008163265306122449
N01,N20,N34,1,0.0008163265306122449
N01,N20,N36,1,0.0008163265306122449
N01,N20,N39,1,0.0008163265306122449
N01,N20,N42,1,0.0008163265306122449
N01,N20,N43,1,0.0008163265306122449
N01,N20,N44,1,0.0008163265306122449
N01,N21,N22,1,0.0008163265306122449
N01,N21,N23,1,0.0008163265306122449
N01,N21,N28,1,0.0008163265306122449
N01,N21,N32,1,0.0008163265306122449
N01,N21,N39,1,0.0008163265306122449
N01,N21,N42,1,0.0008163265306122449
N01,N21,N45,1,0.0008163265306122449
N01,N22,N32,1,0.0008163265306122449
N01,N22,N39,1,0.0008163265306122449
N01,N22,N40,1,0.0008163265306122449
N01,N22,N42,1,0.0008163265306122449
N01,N22,N45,1,0.0008163265306122449
N01,N23,N26,1,0.0008163265306122449
N01,N23,N29,1,0.0008163265306122449
N01,N23,N30,1,0.0008163265306122449
N01,N23,N33,1,0.0008163265306122449
N01,N23,N37,1,0.0008163265306122449
N01,N23,N39,1,0.0008163265306122449
N01,N24,N25,1,0.0008163265306122449
N01,N24,N26,1,0.0008163265306122449
N01,N24,N28,1,0.0008163265306122449
N01,N24,N31,1,0.0008163265306122449
N01,N24,N32,1,0.0008163265306122449
N01,N24,N33,1,0.0008163265306122449
N01,N24,N34,1,0.0008163265306122449
N01,N24,N36,1,0.0008163265306122449
N01,N24,N38,1,0.0008163265306122449
N01,N24,N39,1,0.0008163265306122449
N01,N24,N43,1,0.0008163265306122449
N01,N25,N26,1,0.0008163265306122449
N01,N25,N29,1,0.0008163265306122449
N01,N25,N31,1,0.0008163265306122449
N01,N25,N34,1,0.0008163265306122449
N01,N25,N35,1,0.0008163265306122449
N01,N25,N36,1,0.0008163265306122449
N01,N25,N39,1,0.0008163265306122449
N01,N25,N40,1,0.0008163265306122449
N01,N25,N44,1,0.0008163265306122449
N01,N25,N45,1,0.0008163265306122449
N01,N26,N30,1,0.0008163265306122449
N01,N26,N31,1,0.0008163265306122449
N01,N26,N32,1,0.0008163265306122449
N01,N26,N33,1,0.0008163265306122449
N01,N26,N38,1,0.0008163265306122449
N01,N26,N44,1,0.0008163265306122449
N01,N27,N30,1,0.0008163265306122449
N01,N27,N34,1,0.0008163265306122449
N01,N27,N41,1,0.0008163265306122449
N01,N27,N43,1,0.0008163265306122449
N01,N28,N29,1,0.0008163265306122449
N01,N28,N33,1,0.0008163265306122449
N01,N28,N36,1,0.0008163265306122449
N01,N28,N39,1,0.0008163265306122449
N01,N28,N44,1,0.0008163265306122449
N01,N29,N31,1,0.0008163265306122449
N01,N29,N32,1,0.0008163265306122449
N01,N29,N35,1,0.0008163265306122449
N01,N29,N36,1,0.0008163265306122449
N01,N30,N32,1,0.0008163265306122449
N01,N30,N33,1,0.0008163265306122449
N01,N30,N38,1,0.0008163265306122449
N01,N30,N39,1,0.0008163265306122449
N01,N30,N42,1,0.0008163265306122449
N01,N30,N43,1,0.0008163265306122449
N01,N31,N40,1,0.0008163265306122449
N01,N31,N41,1,0.0008163265306122449
N01,N31,N42,1,0.0008163265306122449
N01,N32,N33,1,0.0008163265306122449
N01,N32,N34,1,0.0008163265306122449
N01,N32,N36,1,0.0008163265306122449
N01,N33,N34,1,0.0008163265306122449
N01,N33,N36,1,0.0008163265306122449
N01,N33,N37,1,0.0008163265306122449
N01,N33,N39,1,0.0008163265306122449
N01,N34,N35,1,0.0008163265306122449
N01,N34,N38,1,0.0008163265306122449
N01,N34,N41,1,0.0008163265306122449
N01,N35,N37,1,0.0008163265306122449
N01,N35,N39,1,0.0008163265306122449
N01,N35,N40,1,0.0008163265306122449
N01,N35,N42,1,0.0008163265306122449
N01,N36,N38,1,0.0008163265306122449
N01,N37,N39,1,0.0008163265306122449
N01,N37,N41,1,0.0008163265306122449
N01,N37,N45,1,0.0008163265306122449
N01,N38,N41,1,0.0008163265306122449
N01,N38,N45,1,0.0008163265306122449
N01,N39,N40,1,0.0008163265306122449
N01,N39,N44,1,0.0008163265306122449
N01,N40,N42,1,0.0008163265306122449
N01,N40,N43,1,0.0008163265306122449
N01,N40,N44,1,0.0008163265306122449
N01,N41,N44,1,0.0008163265306122449
N01,N42,N45,1,0.0008163265306122449
N01,N43,N44,1,0.0008163265306122449
N02,N03,N04,1,0.0008163265306122449
N02,N03,N13,1,0.0008163265306122449
N02,N03,N14,1,0.0008163265306122449
N02,N03,N16,1,0.0008163265306122449
N02,N03,N17,1,0.0008163265306122449
N02,N03,N19,1,0.0008163265306122449
N02,N03,N23,1,0.0008163265306122449
N02,N03,N25,1,0.0008163265306122449
N02,N03,N29,1,0.0008163265306122449
N02,N03,N30,1,0.0008163265306122449
N02,N03,N33,1,0.0008163265306122449
N02,N03,N34,1,0.0008163265306122449
N02,N03,N36,1,0.0008163265306122449
N02,N03,N37,1,0.0008163265306122449
N02,N03,N38,1,0.0008163265306122449
N02,N03,N40,1,0.0008163265306122449
N02,N03,N42,1,0.0008163265306122449
N02,N04,N06,1,0.0008163265306122449
N02,N04,N19,1,0.0008163265306122449
N02,N04,N24,1,0.0008163265306122449
N02,N04,N30,1,0.0008163265306122449
N02,N04,N35,1,0.0008163265306122449
N02,N04,N39,1,0.0008163265306122449
N02,N04,N44,1,0.0008163265306122449
N02,N05,N07,1,0.0008163265306122449
N02,N05,N08,1,0.0008163265306122449
N02,N05,N10,1,0.0008163265306122449
N02,N05,N13,1,0.0008163265306122449
N02,N05,N15,1,0.0008163265306122449
N02,N05,N16,1,0.0008163265306122449
N02,N05,N19,1,0.0008163265306122449
N02,N05,N22,1,0.0008163265306122449
N02,N05,N23,1,0.0008163265306122449
N02,N05,N29,1,0.0008163265306122449
N02,N05,N33,1,0.0008163265306122449
N02,N05,N36,1,0.0008163265306122449
N02,N05,N40,1,0.0008163265306122449
N02,N05,N45,1,0.0008163265306122449
N02,N06,N07,1,0.0008163265306122449
N02,N06,N09,1,0.0008163265306122449
N02,N06,N29,1,0.0008163265306122449
N02,N06,N36,1,0.0008163265306122449
N02,N06,N38,1,0.0008163265306122449
N02,N06,N40,1,0.0008163265306122449
N02,N06,N42,1,0.0008163265306122449
N02,N06,N44,1,0.0008163265306122449
N02,N07,N08,1,0.0008163265306122449
N02,N07,N10,1,0.0008163265306122449
N02,N07,N13,1,0.0008163265306122449
N02,N07,N14,1,0.0008163265306122449
N02,N07,N16,1,0.0008163265306122449
N02,N07,N18,1,0.0008163265306122449
N02,N07,N20,1,0.0008163265306122449
N02,N07,N21,1,0.0008163265306122449
N02,N07,N22,1,0.0008163265306122449
N02,N07,N26,1,0.0008163265306122449
N02,N07,N27,1,0.0008163265306122449
N02,N07,N28,1,0.0008163265306122449
N02,N07,N30,1,0.0008163265306122449
N02,N07,N34,1,0.0008163265306122449
N02,N07,N36,1,0.0008163265306122449
N02,N07,N38,1,0.0008163265306122449
N02,N07,N39,1,0.0008163265306122449
N02,N07,N41,1,0.0008163265306122449
N02,N07,N42,1,0.0008163265306122449
N02,N08,N09,1,0.0008163265306122449
N02,N08,N11,1,0.0008163265306122449
N02,N08,N16,1,0.0008163265306122449
N02,N08,N18,1,0.0008163265306122449
N02,N08,N21,1,0.0008163265306122449
N02,N08,N24,1,0.0008163265306122449
N02,N08,N34,1,0.0008163265306122449
N02,N09,N12,1,0.0008163265306122449
N02,N09,N14,1,0.0008163265306122449
N02,N09,N19,1,0.0008163265306122449
N02,N09,N24,1,0.0008163265306122449
N02,N09,N26,1,0.0008163265306122449
N02,N09,N27,1,0.0008163265306122449
N02,N09,N28,1,0.0008163265306122449
N02,N09,N29,1,0.0008163265306122449
N02,N09,N31,1,0.0008163265306122449
N02,N09,N33,1,0.0008163265306122449
N02,N09,N34,1,0.0008163265306122449
N02,N09,N35,1,0.0008163265306122449
N02,N09,N37,1,0.0008163265306122449
N02,N09,N38,1,0.0008163265306122449
N02,N09,N41,1,0.0008163265306122449
N02,N09,N42,1,0.0008163265306122449
N02,N09,N43,1,0.0008163265306122449
N02,N09,N44,1,0.0008163265306122449
N02,N10,N11,1,0.0008163265306122449
N02,N10,N15,1,0.0008163265306122449
N02,N10,N25,1,0.0008163265306122449
N02,N10,N26,1,0.0008163265306122449
N02,N10,N29,1,0.0008163265306122449
N02,N10,N33,1,0.0008163265306122449
N02,N10,N34,1,0.0008163265306122449
N02,N10,N36,1,0.0008163265306122449
N02,N10,N37,1,0.0008163265306122449
N02,N10,N38,1,0.0008163265306122449
N02,N10,N39,1,0.0008163265306122449
N02,N10,N40,1,0.0008163265306122449
N02,N10,N42,1,0.0008163265306122449
N02,N10,N45,1,0.0008163265306122449
N02,N11,N12,1,0.0008163265306122449
N02,N11,N14,1,0.0008163265306122449
N02,N11,N22,1,0.0008163265306122449
N02,N11,N23,1,0.0008163265306122449
N02,N11,N24,1,0.0008163265306122449
N02,N11,N32,1,0.0008163265306122449
N02,N11,N34,1,0.0008163265306122449
N02,N11,N36,1,0.0008163265306122449
N02,N11,N41,1,0.0008163265306122449
N02,N11,N45,1,0.0008163265306122449
N02,N12,N21,1,0.0008163265306122449
N02,N12,N22,1,0.0008163265306122449
N02,N12,N26,1,0.0008163265306122449
N02,N12,N27,1,0.0008163265306122449
N02,N12,N28,1,0.0008163265306122449
N02,N12,N38,1,0.0008163265306122449
N02,N12,N43,1,0.0008163265306122449
N02,N13,N14,1,0.0008163265306122449
N02,N13,N17,1,0.0008163265306122449
N02,N13,N18,1,0.0008163265306122449
N02,N13,N23,1,0.0008163265306122449
N02,N13,N32,1,0.0008163265306122449
N02,N13,N34,1,0.0008163265306122449
N02,N13,N36,1,0.0008163265306122449
N02,N13,N38,1,0.0008163265306122449
N02,N13,N40,1,0.0008163265306122449
N02,N13,N41,1,0.0008163265306122449
N02,N14,N16,1,0.0008163265306122449
N02,N14,N21,1,0.0008163265306122449
N02,N14,N23,1,0.0008163265306122449
N02,N14,N25,1,0.0008163265306122449
N02,N14,N29,1,0.0008163265306122449
N02,N14,N31,1,0.0008163265306122449
N02,N14,N36,1,0.0008163265306122449
N02,N14,N39,1,0.0008163265306122449
N02,N14,N41,1,0.0008163265306122449
N02,N14,N42,1,0.0008163265306122449
N02,N15,N18,1,0.0008163265306122449
N02,N15,N30,1,0.0008163265306122449
N02,N15,N36,1,0.0008163265306122449
N02,N15,N37,1,0.0008163265306122449
N02,N15,N38,1,0.0008163265306122449
N02,N15,N39,1,0.0008163265306122449
N02,N15,N40,1,0.0008163265306122449
N02,N15,N41,1,0.0008163265306122449
N02,N15,N42,1,0.0008163265306122449
N02,N16,N21,1,0.0008163265306122449
N02,N16,N23,1,0.0008163265306122449
N02,N16,N24,1,0.0008163265306122449
N02,N16,N27,1,0.0008163265306122449
N02,N16,N37,1,0.0008163265306122449
N02,N16,N38,1,0.0008163265306122449
N02,N16,N41,1,0.0008163265306122449
N02,N16,N43,1,0.0008163265306122449
N02,N17,N22,1,0.0008163265306122449
N02,N17,N33,1,0.0008163265306122449
N02,N17,N34,1,0.0008163265306122449
N02,N17,N35,1,0.0008163265306122449
N02,N17,N36,1,0.0008163265306122449
N02,N17,N40,1,0.0008163265306122449
N02,N17,N41,1,0.0008163265306122449
N02,N17,N43,1,0.0008163265306122449
N02,N18,N20,1,0.0008163265306122449
N02,N18,N23,1,0.0008163265306122449
N02,N18,N25,1,0.0008163265306122449
N02,N18,N26,1,0.0008163265306122449
N02,N18,N27,1,0.0008163265306122449
N02,N18,N28,1,0.0008163265306122449
N02,N18,N30,1,0.0008163265306122449
N02,N18,N31,1,0.0008163265306122449
N02,N18,N36,1,0.0008163265306122449
N02,N18,N37,1,0.0008163265306122449
N02,N18,N38,1,0.0008163265306122449
N02,N18,N39,1,0.0008163265306122449
N02,N18,N40,1,0.0008163265306122449
N02,N18,N42,1,0.0008163265306122449
N02,N18,N43,1,0.0008163265306122449
N02,N18,N44,1,0.0008163265306122449
N02,N18,N45,1,0.0008163265306122449
N02,N19,N20,1,0.0008163265306122449
N02,N19,N22,1,0.0008163265306122449
N02,N19,N23,1,0.0008163265306122449
N02,N19,N29,1,0.0008163265306122449
N02,N19,N33,1,0.0008163265306122449
N02,N19,N37,1,0.0008163265306122449
N02,N19,N43,1,0.0008163265306122449
N02,N19,N44,1,0.0008163265306122449
N02,N20,N21,1,0.0008163265306122449
N02,N20,N25,1,0.0008163265306122449
N02,N20,N31,1,0.0008163265306122449
N02,N20,N32,1,0.0008163265306122449
N02,N20,N38,1,0.0008163265306122449
N02,N20,N41,1,0.0008163265306122449
N02,N20,N43,1,0.0008163265306122449
N02,N20,N45,1,0.0008163265306122449
N02,N21,N27,1,0.0008163265306122449
N02,N21,N29,1,0.0008163265306122449
N02,N21,N30,1,0.0008163265306122449
N02,N21,N35,1,0.0008163265306122449
N02,N21,N36,1,0.0008163265306122449
N02,N21,N38,1,0.0008163265306122449
N02,N21,N39,1,0.0008163265306122449
N02,N21,N41,1,0.0008163265306122449
N02,N21,N43,1,0.0008163265306122449
N02,N21,N44,1,0.0008163265306122449
N02,N22,N23,1,0.0008163265306122449
N02,N22,N24,1,0.0008163265306122449
N02,N22,N29,1,0.0008163265306122449
N02,N22,N30,1,0.0008163265306122449
N02,N22,N31,1,0.0008163265306122449
N02,N22,N38,1,0.0008163265306122449
N02,N22,N39,1,0.0008163265306122449
N02,N22,N41,1,0.0008163265306122449
N02,N22,N42,1,0.0008163265306122449
N02,N22,N43,1,0.0008163265306122449
N02,N23,N25,1,0.0008163265306122449
N02,N23,N26,1,0.0008163265306122449
N02,N23,N27,1,0.0008163265306122449
N02,N23,N28,1,0.0008163265306122449
N02,N23,N29,1,0.0008163265306122449
N02,N23,N31,1,0.0008163265306122449
N02,N23,N37,1,0.0008163265306122449
N02,N23,N41,1,0.0008163265306122449
N02,N23,N43,1,0.0008163265306122449
N02,N24,N27,1,0.0008163265306122449
N02,N24,N28,1,0.0008163265306122449
N02,N24,N31,1,0.0008163265306122449
N02,N24,N33,1,0.0008163265306122449
N02,N24,N35,1,0.0008163265306122449
N02,N24,N36,1,0.0008163265306122449
N02,N24,N37,1,0.0008163265306122449
N02,N24,N43,1,0.0008163265306122449
N02,N25,N27,1,0.0008163265306122449
N02,N25,N30,1,0.0008163265306122449
N02,N25,N32,1,0.0008163265306122449
N02,N25,N38,1,0.0008163265306122449
N02,N25,N41,1,0.0008163265306122449
N02,N25,N44,1,0.0008163265306122449
N02,N26,N29,1,0.0008163265306122449
N02,N26,N30,1,0.0008163265306122449
N02,N26,N31,1,0.0008163265306122449
N02,N26,N33,1,0.0008163265306122449
N02,N26,N36,1,0.0008163265306122449
N02,N26,N38,1,0.0008163265306122449
N02,N26,N41,1,0.0008163265306122449
N02,N26,N45,1,0.0008163265306122449
N02,N27,N28,1,0.0008163265306122449
N02,N27,N29,1,0.0008163265306122449
N02,N27,N30,1,0.0008163265306122449
N02,N27,N32,1,0.0008163265306122449
N02,N27,N36,1,0.0008163265306122449
N02,N27,N40,1,0.0008163265306122449
N02,N28,N33,1,0.0008163265306122449
N02,N28,N35,1,0.0008163265306122449
N02,N28,N36,1,0.0008163265306122449
N02,N28,N38,1,0.0008163265306122449
N02,N28,N41,1,0.0008163265306122449
N02,N28,N44,1,0.0008163265306122449
N02,N29,N30,1,0.0008163265306122449
N02,N29,N31,1,0.0008163265306122449
N02,N29,N32,1,0.0008163265306122449
N02,N29,N34,1,0.0008163265306122449
N02,N29,N39,1,0.0008163265306122449
N02,N29,N44,1,0.0008163265306122449
N02,N29,N45,1,0.0008163265306122449
N02,N30,N35,1,0.0008163265306122449
N02,N30,N36,1,0.0008163265306122449
N02,N30,N37,1,0.0008163265306122449
N02,N30,N39,1,0.0008163265306122449
N02,N30,N40,1,0.0008163265306122449
N02,N30,N42,1,0.0008163265306122449
N02,N31,N35,1,0.0008163265306122449
N02,N31,N39,1,0.0008163265306122449
N02,N31,N40,1,0.0008163265306122449
N02,N31,N43,1,0.0008163265306122449
N02,N31,N44,1,0.0008163265306122449
N02,N31,N45,1,0.0008163265306122449
N02,N32,N35,1,0.0008163265306122449
N02,N32,N39,1,0.0008163265306122449
N02,N32,N42,1,0.0008163265306122449
N02,N33,N39,1,0.0008163265306122449
N02,N33,N45,1,0.0008163265306122449
N02,N34,N37,1,0.0008163265306122449
N02,N34,N38,1,0.0008163265306122449
N02,N34,N41,1,0.0008163265306122449
N02,N34,N44,1,0.0008163265306122449
N02,N35,N36,1,0.0008163265306122449
N02,N35,N40,1,0.0008163265306122449
N02,N35,N42,1,0.0008163265306122449
N02,N35,N43,1,0.0008163265306122449
N02,N36,N41,1,0.0008163265306122449
N02,N37,N40,1,0.0008163265306122449
N02,N37,N43,1,0.0008163265306122449
N02,N37,N44,1,0.0008163265306122449
N02,N37,N45,1,0.0008163265306122449
N02,N38,N39,1,0.0008163265306122449
N02,N38,N40,1,0.0008163265306122449
N02,N38,N41,1,0.0008163265306122449
N02,N39,N41,1,0.0008163265306122449
N02,N39,N42,1,0.0008163265306122449
N02,N39,N43,1,0.0008163265306122449
N02,N40,N41,1,0.0008163265306122449
N02,N40,N43,1,0.0008163265306122449
N02,N40,N44,1,0.0008163265306122449
N02,N42,N44,1,0.0008163265306122449
N03,N04,N05,1,0.0008163265306122449
N03,N04,N07,1,0.0008163265306122449
N03,N04,N08,1,0.0008163265306122449
N03,N04,N23,1,0.0008163265306122449
N03,N04,N26,1,0.0008163265306122449
N03,N04,N36,1,0.0008163265306122449
N03,N04,N38,1,0.0008163265306122449
N03,N04,N43,1,0.0008163265306122449
N03,N04,N45,1,0.0008163265306122449
N03,N05,N06,1,0.0008163265306122449
N03,N05,N07,1,0.0008163265306122449
N03,N05,N08,1,0.0008163265306122449
N03,N05,N11,1,0.0008163265306122449
N03,N05,N17,1,0.0008163265306122449
N03,N05,N19,1,0.0008163265306122449
N03,N05,N21,1,0.0008163265306122449
N03,N05,N22,1,0.0008163265306122449
N03,N05,N24,1,0.0008163265306122449
N03,N05,N27,1,0.0008163265306122449
N03,N05,N29,1,0.0008163265306122449
N03,N05,N30,1,0.0008163265306122449
N03,N05,N32,1,0.0008163265306122449
N03,N05,N33,1,0.0008163265306122449
N03,N05,N35,1,0.0008163265306122449
N03,N05,N37,1,0.0008163265306122449
N03,N05,N38,1,0.0008163265306122449
N03,N05,N43,1,0.0008163265306122449
N03,N06,N08,1,0.0008163265306122449
N03,N06,N09,1,0.0008163265306122449
N03,N06,N11,1,0.0008163265306122449
N03,N06,N15,1,0.0008163265306122449
N03,N06,N16,1,0.0008163265306122449
N03,N06,N19,1,0.0008163265306122449
N03,N06,N27,1,0.0008163265306122449
N03,N06,N28,1,0.0008163265306122449
N03,N06,N29,1,0.0008163265306122449
N03,N06,N32,1,0.0008163265306122449
N03,N06,N36,1,0.0008163265306122449
N03,N06,N38,1,0.0008163265306122449
N03,N06,N42,1,0.0008163265306122449
N03,N06,N44,1,0.0008163265306122449
N03,N07,N21,1,0.0008163265306122449
N03,N07,N23,1,0.0008163265306122449
N03,N07,N25,1,0.0008163265306122449
N03,N07,N27,1,0.0008163265306122449
N03,N07,N29,1,0.0008163265306122449
N03,N07,N32,1,0.0008163265306122449
N03,N07,N33,1,0.0008163265306122449
N03,N07,N37,1,0.0008163265306122449
N03,N07,N44,1,0.0008163265306122449
N03,N08,N09,1,0.0008163265306122449
N03,N08,N11,1,0.0008163265306122449
N03,N08,N16,1,0.0008163265306122449
N03,N08,N18,1,0.0008163265306122449
N03,N08,N21,1,0.0008163265306122449
N03,N08,N22,1,0.0008163265306122449
N03,N08,N23,1,0.0008163265306122449
N03,N08,N33,1,0.0008163265306122449
N03,N08,N36,1,0.0008163265306122449
N03,N08,N39,1,0.0008163265306122449
N03,N08,N40,1,0.0008163265306122449
N03,N08,N44,1,0.0008163265306122449
N03,N09,N10,1,0.0008163265306122449
N03,N09,N14,1,0.0008163265306122449
N03,N09,N15,1,0.0008163265306122449
N03,N09,N17,1,0.0008163265306122449
N03,N09,N23,1,0.0008163265306122449
N03,N09,N32,1,0.0008163265306122449
N03,N09,N34,1,0.0008163265306122449
N03,N09,N35,1,0.0008163265306122449
N03,N09,N38,1,0.0008163265306122449
N03,N09,N39,1,0.0008163265306122449
N03,N09,N42,1,0.0008163265306122449
N03,N09,N43,1,0.0008163265306122449
N03,N09,N45,1,0.0008163265306122449
N03,N10,N11,1,0.0008163265306122449
N03,N10,N25,1,0.0008163265306122449
N03,N10,N27,1,0.0008163265306122449
N03,N10,N33,1,0.0008163265306122449
N03,N10,N42,1,0.0008163265306122449
N03,N10,N44,1,0.0008163265306122449
N03,N11,N16,1,0.0008163265306122449
N03,N11,N18,1,0.0008163265306122449
N03,N11,N19,1,0.0008163265306122449
N03,N11,N33,1,0.0008163265306122449
N03,N11,N34,1,0.0008163265306122449
N03,N11,N35,1,0.0008163265306122449
N03,N11,N45,1,0.0008163265306122449
N03,N12,N16,1,0.0008163265306122449
N03,N12,N17,1,0.0008163265306122449
N03,N12,N21,1,0.0008163265306122449
N03,N12,N30,1,0.0008163265306122449
N03,N12,N39,1,0.0008163265306122449
N03,N12,N41,1,0.0008163265306122449
N03,N13,N14,1,0.0008163265306122449
N03,N13,N30,1,0.0008163265306122449
N03,N14,N21,1,0.0008163265306122449
N03,N14,N25,1,0.0008163265306122449
N03,N14,N28,1,0.0008163265306122449
N03,N14,N30,1,0.0008163265306122449
N03,N14,N34,1,0.0008163265306122449
N03,N14,N44,1,0.0008163265306122449
N03,N14,N45,1,0.0008163265306122449
N03,N15,N19,1,0.0008163265306122449
N03,N15,N23,1,0.0008163265306122449
N03,N15,N26,1,0.0008163265306122449
N03,N15,N28,1,0.0008163265306122449
N03,N15,N30,1,0.0008163265306122449
N03,N16,N17,1,0.0008163265306122449
N03,N16,N21,1,0.0008163265306122449
N03,N16,N27,1,0.0008163265306122449
N03,N16,N28,1,0.0008163265306122449
N03,N16,N29,1,0.0008163265306122449
N03,N16,N32,1,0.0008163265306122449
N03,N16,N35,1,0.0008163265306122449
N03,N16,N36,1,0.0008163265306122449
N03,N16,N39,1,0.0008163265306122449
N03,N17,N21,1,0.0008163265306122449
N03,N17,N26,1,0.0008163265306122449
N03,N17,N28,1,0.0008163265306122449
N03,N17,N33,1,0.0008163265306122449
N03,N17,N36,1,0.0008163265306122449
N03,N17,N38,1,0.0008163265306122449
N03,N17,N39,1,0.0008163265306122449
N03,N17,N42,1,0.0008163265306122449
N03,N17,N44,1,0.0008163265306122449
N03,N18,N22,1,0.0008163265306122449
N03,N18,N24,1,0.0008163265306122449
N03,N18,N30,1,0.0008163265306122449
N03,N18,N31,1,0.0008163265306122449
N03,N18,N33,1,0.0008163265306122449
N03,N18,N34,1,0.0008163265306122449
N03,N18,N37,1,0.0008163265306122449
N03,N18,N39,1,0.0008163265306122449
N03,N18,N42,1,0.0008163265306122449
N03,N18,N43,1,0.0008163265306122449
N03,N18,N44,1,0.0008163265306122449
N03,N19,N20,1,0.0008163265306122449
N03,N19,N21,1,0.0008163265306122449
N03,N19,N23,1,0.0008163265306122449
N03,N19,N25,1,0.0008163265306122449
N03,N19,N28,1,0.0008163265306122449
N03,N19,N30,1,0.0008163265306122449
N03,N19,N35,1,0.0008163265306122449
N03,N19,N36,1,0.0008163265306122449
N03,N19,N37,1,0.0008163265306122449
N03,N19,N38,1,0.0008163265306122449
N03,N19,N41,1,0.0008163265306122449
N03,N20,N32,1,0.0008163265306122449
N03,N20,N33,1,0.0008163265306122449
N03,N20,N39,1,0.0008163265306122449
N03,N21,N23,1,0.0008163265306122449
N03,N21,N25,1,0.0008163265306122449
N03,N21,N26,1,0.0008163265306122449
N03,N21,N29,1,0.0008163265306122449
N03,N21,N31,1,0.0008163265306122449
N03,N21,N34,1,0.0008163265306122449
N03,N21,N38,1,0.0008163265306122449
N03,N21,N39,1,0.0008163265306122449
N03,N21,N42,1,0.0008163265306122449
N03,N21,N44,1,0.0008163265306122449
N03,N22,N26,1,0.0008163265306122449
N03,N22,N28,1,0.0008163265306122449
N03,N22,N29,1,0.0008163265306122449
N03,N22,N35,1,0.0008163265306122449
N03,N22,N36,1,0.0008163265306122449
N03,N22,N39,1,0.0008163265306122449
N03,N22,N43,1,0.0008163265306122449
N03,N22,N45,1,0.0008163265306122449
N03,N23,N26,1,0.0008163265306122449
N03,N23,N27,1,0.0008163265306122449
N03,N23,N28,1,0.0008163265306122449
N03,N23,N29,1,0.0008163265306122449
N03,N23,N32,1,0.0008163265306122449
N03,N23,N43,1,0.0008163265306122449
N03,N23,N44,1,0.0008163265306122449
N03,N24,N25,1,0.0008163265306122449
N03,N24,N26,1,0.0008163265306122449
N03,N24,N29,1,0.0008163265306122449
N03,N24,N36,1,0.0008163265306122449
N03,N24,N40,1,0.0008163265306122449
N03,N24,N41,1,0.0008163265306122449
N03,N24,N42,1,0.0008163265306122449
N03,N24,N43,1,0.0008163265306122449
N03,N25,N29,1,0.0008163265306122449
N03,N25,N32,1,0.0008163265306122449
N03,N25,N33,1,0.0008163265306122449
N03,N25,N44,1,0.0008163265306122449
N03,N26,N29,1,0.0008163265306122449
N03,N26,N31,1,0.0008163265306122449
N03,N26,N33,1,0.0008163265306122449
N03,N26,N35,1,0.0008163265306122449
N03,N26,N37,1,0.0008163265306122449
N03,N26,N38,1,0.0008163265306122449
N03,N26,N41,1,0.0008163265306122449
N03,N26,N44,1,0.0008163265306122449
N03,N27,N31,1,0.0008163265306122449
N03,N27,N33,1,0.0008163265306122449
N03,N27,N34,1,0.0008163265306122449
N03,N27,N36,1,0.0008163265306122449
N03,N27,N37,1,0.0008163265306122449
N03,N27,N43,1,0.0008163265306122449
N03,N28,N30,1,0.0008163265306122449
N03,N28,N31,1,0.0008163265306122449
N03,N28,N43,1,0.0008163265306122449
N03,N29,N36,1,0.0008163265306122449
N03,N29,N38,1,0.0008163265306122449
N03,N29,N41,1,0.0008163265306122449
N03,N29,N43,1,0.0008163265306122449
N03,N29,N44,1,0.0008163265306122449
N03,N30,N35,1,0.0008163265306122449
N03,N30,N38,1,0.0008163265306122449
N03,N30,N39,1,0.0008163265306122449
N03,N30,N40,1,0.0008163265306122449
N03,N30,N43,1,0.0008163265306122449
N03,N31,N34,1,0.0008163265306122449
N03,N31,N35,1,0.0008163265306122449
N03,N31,N38,1,0.0008163265306122449
N03,N31,N45,1,0.0008163265306122449
N03,N32,N33,1,0.0008163265306122449
N03,N32,N34,1,0.0008163265306122449
N03,N32,N41,1,0.0008163265306122449
N03,N32,N44,1,0.0008163265306122449
N03,N33,N35,1,0.0008163265306122449
N03,N33,N41,1,0.0008163265306122449
N03,N34,N37,1,0.0008163265306122449
N03,N34,N45,1,0.0008163265306122449
N03,N35,N39,1,0.0008163265306122449
N03,N35,N40,1,0.0008163265306122449
N03,N35,N43,1,0.0008163265306122449
N03,N36,N40,1,0.0008163265306122449
N03,N36,N41,1,0.0008163265306122449
N03,N36,N42,1,0.0008163265306122449
N03,N37,N41,1,0.0008163265306122449
N03,N37,N42,1,0.0008163265306122449
N03,N37,N44,1,0.0008163265306122449
N03,N38,N43,1,0.0008163265306122449
N03,N39,N43,1,0.0008163265306122449
N03,N39,N44,1,0.0008163265306122449
N03,N39,N45,1,0.0008163265306122449
N03,N40,N42,1,0.0008163265306122449
N03,N41,N42,1,0.0008163265306122449
N03,N41,N43,1,0.0008163265306122449
N03,N41,N45,1,0.0008163265306122449
N03,N43,N45,1,0.0008163265306122449
N04,N05,N07,1,0.0008163265306122449
N04,N05,N15,1,0.0008163265306122449
N04,N05,N18,1,0.0008163265306122449
N04,N05,N21,1,0.0008163265306122449
N04,N05,N23,1,0.0008163265306122449
N04,N05,N29,1,0.0008163265306122449
N04,N05,N38,1,0.0008163265306122449
N04,N05,N39,1,0.0008163265306122449
N04,N05,N40,1,0.0008163265306122449
N04,N05,N41,1,0.0008163265306122449
N04,N06,N09,1,0.0008163265306122449
N04,N06,N12,1,0.0008163265306122449
N04,N06,N15,1,0.0008163265306122449
N04,N06,N19,1,0.0008163265306122449
N04,N06,N20,1,0.0008163265306122449
N04,N06,N21,1,0.0008163265306122449
N04,N06,N30,1,0.0008163265306122449
N04,N06,N31,1,0.0008163265306122449
N04,N06,N33,1,0.0008163265306122449
N04,N06,N39,1,0.0008163265306122449
N04,N06,N41,1,0.0008163265306122449
N04,N06,N43,1,0.0008163265306122449
N04,N06,N44,1,0.0008163265306122449
N04,N07,N10,1,0.0008163265306122449
N04,N07,N12,1,0.0008163265306122449
N04,N07,N13,1,0.0008163265306122449
N04,N07,N15,1,0.0008163265306122449
N04,N07,N17,1,0.0008163265306122449
N04,N07,N20,1,0.0008163265306122449
N04,N07,N22,1,0.0008163265306122449
N04,N07,N23,1,0.0008163265306122449
N04,N07,N25,1,0.0008163265306122449
N04,N07,N29,1,0.0008163265306122449
N04,N07,N32,1,0.0008163265306122449
N04,N07,N35,1,0.0008163265306122449
N04,N07,N38,1,0.0008163265306122449
N04,N08,N09,1,0.0008163265306122449
N04,N08,N10,1,0.0008163265306122449
N04,N08,N11,1,0.0008163265306122449
N04,N08,N15,1,0.0008163265306122449
N04,N08,N21,1,0.0008163265306122449
N04,N08,N22,1,0.0008163265306122449
N04,N08,N23,1,0.0008163265306122449
N04,N08,N24,1,0.0008163265306122449
N04,N08,N26,1,0.0008163265306122449
N04,N08,N29,1,0.0008163265306122449
N04,N08,N30,1,0.0008163265306122449
N04,N08,N31,1,0.0008163265306122449
N04,N08,N33,1,0.0008163265306122449
N04,N08,N34,1,0.0008163265306122449
N04,N08,N36,1,0.0008163265306122449
N04,N08,N41,1,0.0008163265306122449
N04,N08,N44,1,0.0008163265306122449
N04,N09,N12,1,0.0008163265306122449
N04,N09,N14,1,0.0008163265306122449
N04,N09,N15,1,0.0008163265306122449
N04,N09,N16,1,0.0008163265306122449
N04,N09,N19,1,0.0008163265306122449
N04,N09,N21,1,0.0008163265306122449
N04,N09,N22,1,0.0008163265306122449
N04,N09,N24,1,0.0008163265306122449
N04,N09,N25,1,0.0008163265306122449
N04,N09,N27,1,0.0008163265306122449
N04,N09,N28,1,0.0008163265306122449
N04,N09,N30,1,0.0008163265306122449
N04,N09,N38,1,0.0008163265306122449
N04,N09,N39,1,0.0008163265306122449
N04,N10,N13,1,0.0008163265306122449
N04,N10,N21,1,0.0008163265306122449
N04,N10,N23,1,0.0008163265306122449
N04,N10,N24,1,0.0008163265306122449
N04,N10,N25,1,0.0008163265306122449
N04,N10,N26,1,0.0008163265306122449
N04,N10,N30,1,0.0008163265306122449
N04,N10,N34,1,0.0008163265306122449
N04,N10,N35,1,0.0008163265306122449
N04,N10,N37,1,0.0008163265306122449
N04,N10,N38,1,0.0008163265306122449
N04,N10,N41,1,0.0008163265306122449
N04,N11,N13,1,0.0008163265306122449
N04,N11,N14,1,0.0008163265306122449
N04,N11,N18,1,0.0008163265306122449
N04,N11,N21,1,0.0008163265306122449
N04,N11,N29,1,0.0008163265306122449
N04,N11,N35,1,0.0008163265306122449
N04,N11,N38,1,0.0008163265306122449
N04,N11,N40,1,0.0008163265306122449
N04,N12,N18,1,0.0008163265306122449
N04,N12,N19,1,0.0008163265306122449
N04,N12,N23,1,0.0008163265306122449
N04,N12,N26,1,0.0008163265306122449
N04,N12,N35,1,0.0008163265306122449
N04,N12,N42,1,0.0008163265306122449
N04,N13,N14,1,0.0008163265306122449
N04,N13,N19,1,0.0008163265306122449
N04,N13,N22,1,0.0008163265306122449
N04,N13,N23,1,0.0008163265306122449
N04,N13,N26,1,0.0008163265306122449
N04,N13,N28,1,0.0008163265306122449
N04,N13,N32,1,0.0008163265306122449
N04,N13,N33,1,0.0008163265306122449
N04,N13,N36,1,0.0008163265306122449
N04,N13,N38,1,0.0008163265306122449
N04,N13,N42,1,0.0008163265306122449
N04,N13,N43,1,0.0008163265306122449
N04,N13,N45,1,0.0008163265306122449
N04,N14,N16,1,0.0008163265306122449
N04,N14,N19,1,0.0008163265306122449
N04,N14,N20,1,0.0008163265306122449
N04,N14,N24,1,0.0008163265306122449
N04,N14,N26,1,0.0008163265306122449
N04,N14,N28,1,0.0008163265306122449
N04,N14,N29,1,0.0008163265306122449
N04,N14,N31,1,0.0008163265306122449
N04,N14,N32,1,0.0008163265306122449
N04,N14,N33,1,0.0008163265306122449
N04,N14,N40,1,0.0008163265306122449
N04,N15,N21,1,0.0008163265306122449
N04,N15,N24,1,0.0008163265306122449
N04,N15,N25,1,0.0008163265306122449
N04,N15,N31,1,0.0008163265306122449
N04,N15,N39,1,0.0008163265306122449
N04,N15,N42,1,0.0008163265306122449
N04,N15,N43,1,0.0008163265306122449
N04,N15,N45,1,0.0008163265306122449
N04,N16,N18,1,0.0008163265306122449
N04,N16,N21,1,0.0008163265306122449
N04,N16,N22,1,0.0008163265306122449
N04,N16,N24,1,0.0008163265306122449
N04,N16,N27,1,0.0008163265306122449
N04,N16,N28,1,0.0008163265306122449
N04,N16,N30,1,0.0008163265306122449
N04,N16,N32,1,0.0008163265306122449
N04,N16,N37,1,0.0008163265306122449
N04,N16,N39,1,0.0008163265306122449
N04,N17,N23,1,0.0008163265306122449
N04,N17,N33,1,0.0008163265306122449
N04,N17,N38,1,0.0008163265306122449
N04,N17,N41,1,0.0008163265306122449
N04,N17,N44,1,0.0008163265306122449
N04,N18,N19,1,0.0008163265306122449
N04,N18,N21,1,0.0008163265306122449
N04,N18,N22,1,0.0008163265306122449
N04,N18,N24,1,0.0008163265306122449
N04,N18,N29,1,0.0008163265306122449
N04,N18,N30,1,0.0008163265306122449
N04,N18,N40,1,0.0008163265306122449
N04,N18,N41,1,0.0008163265306122449
N04,N19,N24,1,0.0008163265306122449
N04,N19,N25,1,0.0008163265306122449
N04,N19,N29,1,0.0008163265306122449
N04,N19,N31,1,0.0008163265306122449
N04,N19,N34,1,0.0008163265306122449
N04,N19,N38,1,0.0008163265306122449
N04,N19,N39,1,0.0008163265306122449
N04,N19,N41,1,0.0008163265306122449
N04,N19,N43,1,0.0008163265306122449
N04,N20,N21,1,0.0008163265306122449
N04,N20,N22,1,0.0008163265306122449
N04,N20,N25,1,0.0008163265306122449
N04,N20,N30,1,0.0008163265306122449
N04,N20,N31,1,0.0008163265306122449
N04,N20,N33,1,0.0008163265306122449
N04,N20,N36,1,0.0008163265306122449
N04,N20,N37,1,0.0008163265306122449
N04,N20,N38,1,0.0008163265306122449
N04,N20,N39,1,0.0008163265306122449
N04,N20,N45,1,0.0008163265306122449
N04,N21,N22,1,0.0008163265306122449
N04,N21,N23,1,0.0008163265306122449
N04,N21,N24,1,0.0008163265306122449
N04,N21,N25,1,0.0008163265306122449
N04,N21,N29,1,0.0008163265306122449
N04,N21,N32,1,0.0008163265306122449
N04,N21,N36,1,0.0008163265306122449
N04,N21,N37,1,0.0008163265306122449
N04,N21,N38,1,0.0008163265306122449
N04,N21,N39,1,0.0008163265306122449
N04,N21,N40,1,0.0008163265306122449
N04,N21,N42,1,0.0008163265306122449
N04,N21,N44,1,0.0008163265306122449
N04,N21,N45,1,0.0008163265306122449
N04,N22,N26,1,0.0008163265306122449
N04,N22,N37,1,0.0008163265306122449
N04,N22,N44,1,0.0008163265306122449
N04,N23,N27,1,0.0008163265306122449
N04,N23,N28,1,0.0008163265306122449
N04,N23,N30,1,0.0008163265306122449
N04,N23,N35,1,0.0008163265306122449
N04,N23,N36,1,0.0008163265306122449
N04,N23,N37,1,0.0008163265306122449
N04,N24,N26,1,0.0008163265306122449
N04,N24,N28,1,0.0008163265306122449
N04,N24,N32,1,0.0008163265306122449
N04,N24,N36,1,0.0008163265306122449
N04,N24,N38,1,0.0008163265306122449
N04,N24,N40,1,0.0008163265306122449
N04,N24,N42,1,0.0008163265306122449
N04,N24,N44,1,0.0008163265306122449
N04,N25,N31,1,0.0008163265306122449
N04,N25,N32,1,0.0008163265306122449
N04,N25,N41,1,0.0008163265306122449
N04,N25,N42,1,0.0008163265306122449
N04,N25,N45,1,0.0008163265306122449
N04,N26,N31,1,0.0008163265306122449
N04,N27,N30,1,0.0008163265306122449
N04,N27,N36,1,0.0008163265306122449
N04,N27,N41,1,0.0008163265306122449
N04,N27,N42,1,0.0008163265306122449
N04,N27,N43,1,0.0008163265306122449
N04,N27,N44,1,0.0008163265306122449
N04,N28,N30,1,0.0008163265306122449
N04,N28,N31,1,0.0008163265306122449
N04,N28,N32,1,0.0008163265306122449
N04,N28,N34,1,0.0008163265306122449
N04,N28,N35,1,0.0008163265306122449
N04,N28,N36,1,0.0008163265306122449
N04,N28,N38,1,0.0008163265306122449
N04,N28,N39,1,0.0008163265306122449
N04,N28,N42,1,0.0008163265306122449
N04,N28,N43,1,0.0008163265306122449
N04,N29,N32,1,0.0008163265306122449
N04,N29,N35,1,0.0008163265306122449
N04,N29,N36,1,0.0008163265306122449
N04,N29,N37,1,0.0008163265306122449
N04,N30,N31,1,0.0008163265306122449
N04,N30,N35,1,0.0008163265306122449
N04,N30,N36,1,0.0008163265306122449
N04,N30,N37,1,0.0008163265306122449
N04,N30,N40,1,0.0008163265306122449
N04,N30,N41,1,0.0008163265306122449
N04,N30,N42,1,0.0008163265306122449
N04,N31,N33,1,0.0008163265306122449
N04,N31,N35,1,0.0008163265306122449
N04,N31,N36,1,0.0008163265306122449
N04,N31,N39,1,0.0008163265306122449
N04,N31,N40,1,0.0008163265306122449
N04,N31,N44,1,0.0008163265306122449
N04,N32,N36,1,0.0008163265306122449
N04,N32,N39,1,0.0008163265306122449
N04,N32,N43,1,0.0008163265306122449
N04,N33,N35,1,0.0008163265306122449
N04,N33,N37,1,0.0008163265306122449
N04,N33,N42,1,0.0008163265306122449
N04,N33,N44,1,0.0008163265306122449
N04,N34,N40,1,0.0008163265306122449
N04,N34,N41,1,0.0008163265306122449
N04,N34,N44,1,0.0008163265306122449
N04,N35,N36,1,0.0008163265306122449
N04,N35,N42,1,0.0008163265306122449
N04,N36,N39,1,0.0008163265306122449
N04,N36,N41,1,0.0008163265306122449
N04,N36,N43,1,0.0008163265306122449
N04,N36,N45,1,0.0008163265306122449
N04,N37,N39,1,0.0008163265306122449
N04,N37,N42,1,0.0008163265306122449
N04,N37,N43,1,0.0008163265306122449
N04,N38,N39,1,0.0008163265306122449
N04,N38,N41,1,0.0008163265306122449
N04,N38,N43,1,0.0008163265306122449
N04,N39,N40,1,0.0008163265306122449
N04,N40,N42,1,0.0008163265306122449
N04,N41,N42,1,0.0008163265306122449
N04,N41,N43,1,0.0008163265306122449
N04,N41,N45,1,0.0008163265306122449
N04,N42,N43,1,0.0008163265306122449
N04,N43,N44,1,0.0008163265306122449
N05,N06,N15,1,0.0008163265306122449
N05,N06,N18,1,0.0008163265306122449
N05,N06,N19,1,0.0008163265306122449
N05,N06,N21,1,0.0008163265306122449
N05,N06,N22,1,0.0008163265306122449
N05,N06,N29,1,0.0008163265306122449
N05,N06,N31,1,0.0008163265306122449
N05,N06,N32,1,0.0008163265306122449
N05,N07,N08,1,0.0008163265306122449
N05,N07,N09,1,0.0008163265306122449
N05,N07,N15,1,0.0008163265306122449
N05,N07,N21,1,0.0008163265306122449
N05,N07,N29,1,0.0008163265306122449
N05,N07,N30,1,0.0008163265306122449
N05,N07,N32,1,0.0008163265306122449
N05,N07,N33,1,0.0008163265306122449
N05,N07,N34,1,0.0008163265306122449
N05,N07,N39,1,0.0008163265306122449
N05,N07,N40,1,0.0008163265306122449
N05,N07,N44,1,0.0008163265306122449
N05,N08,N14,1,0.0008163265306122449
N05,N08,N17,1,0.0008163265306122449
N05,N08,N18,1,0.0008163265306122449
N05,N08,N23,1,0.0008163265306122449
N05,N08,N25,1,0.0008163265306122449
N05,N08,N26,1,0.0008163265306122449
N05,N08,N27,1,0.0008163265306122449
N05,N08,N31,1,0.0008163265306122449
N05,N08,N35,1,0.0008163265306122449
N05,N08,N41,1,0.0008163265306122449
N05,N08,N43,1,0.0008163265306122449
N05,N09,N13,1,0.0008163265306122449
N05,N09,N14,1,0.0008163265306122449
N05,N09,N17,1,0.0008163265306122449
N05,N09,N19,1,0.0008163265306122449
N05,N09,N20,1,0.0008163265306122449
N05,N09,N22,1,0.0008163265306122449
N05,N09,N25,1,0.0008163265306122449
N05,N09,N31,1,0.0008163265306122449
N05,N09,N32,1,0.0008163265306122449
N05,N09,N34,1,0.0008163265306122449
N05,N09,N36,1,0.0008163265306122449
N05,N09,N41,1,0.0008163265306122449
N05,N09,N45,1,0.0008163265306122449
N05,N10,N11,1,0.0008163265306122449
N05,N10,N12,1,0.0008163265306122449
N05,N10,N18,1,0.0008163265306122449
N05,N10,N19,1,0.0008163265306122449
N05,N10,N20,1,0.0008163265306122449
N05,N10,N21,1,0.0008163265306122449
N05,N10,N22,1,0.0008163265306122449
N05,N10,N24,1,0.0008163265306122449
N05,N10,N28,1,0.0008163265306122449
N05,N10,N29,1,0.0008163265306122449
N05,N10,N30,1,0.0008163265306122449
N05,N10,N35,1,0.0008163265306122449
N05,N10,N36,1,0.0008163265306122449
N05,N10,N37,1,0.0008163265306122449
N05,N10,N39,1,0.0008163265306122449
N05,N10,N41,1,0.0008163265306122449
N05,N10,N45,1,0.0008163265306122449
N05,N11,N15,1,0.0008163265306122449
N05,N11,N16,1,0.0008163265306122449
N05,N11,N22,1,0.0008163265306122449
N05,N11,N25,1,0.0008163265306122449
N05,N11,N26,1,0.0008163265306122449
N05,N11,N28,1,0.0008163265306122449
N05,N11,N30,1,0.0008163265306122449
N05,N11,N31,1,0.0008163265306122449
N05,N11,N40,1,0.0008163265306122449
N05,N11,N42,1,0.0008163265306122449
N05,N12,N15,1,0.0008163265306122449
N05,N12,N17,1,0.0008163265306122449
N05,N12,N19,1,0.0008163265306122449
N05,N12,N23,1,0.0008163265306122449
N05,N12,N28,1,0.0008163265306122449
N05,N12,N38,1,0.0008163265306122449
N05,N12,N43,1,0.0008163265306122449
N05,N12,N45,1,0.0008163265306122449
N05,N13,N16,1,0.0008163265306122449
N05,N13,N24,1,0.0008163265306122449
N05,N13,N25,1,0.0008163265306122449
N05,N13,N32,1,0.0008163265306122449
N05,N13,N35,1,0.0008163265306122449
N05,N13,N43,1,0.0008163265306122449
N05,N14,N16,1,0.0008163265306122449
N05,N14,N17,1,0.0008163265306122449
N05,N14,N18,1,0.0008163265306122449
N05,N14,N19,1,0.0008163265306122449
N05,N14,N21,1,0.0008163265306122449
N05,N14,N23,1,0.0008163265306122449
N05,N14,N25,1,0.0008163265306122449
N05,N14,N28,1,0.0008163265306122449
N05,N14,N31,1,0.0008163265306122449
N05,N14,N35,1,0.0008163265306122449
N05,N14,N36,1,0.0008163265306122449
N05,N14,N38,1,0.0008163265306122449
N05,N14,N40,1,0.0008163265306122449
N05,N15,N16,1,0.0008163265306122449
N05,N15,N18,1,0.0008163265306122449
N05,N15,N20,1,0.0008163265306122449
N05,N15,N26,1,0.0008163265306122449
N05,N15,N27,1,0.0008163265306122449
N05,N15,N31,1,0.0008163265306122449
N05,N15,N35,1,0.0008163265306122449
N05,N15,N36,1,0.0008163265306122449
N05,N15,N39,1,0.0008163265306122449
N05,N15,N40,1,0.0008163265306122449
N05,N16,N18,1,0.0008163265306122449
N05,N16,N22,1,0.0008163265306122449
N05,N16,N30,1,0.0008163265306122449
N05,N16,N31,1,0.0008163265306122449
N05,N16,N32,1,0.0008163265306122449
N05,N16,N33,1,0.0008163265306122449
N05,N16,N34,1,0.0008163265306122449
N05,N16,N35,1,0.0008163265306122449
N05,N16,N37,1,0.0008163265306122449
N05,N16,N38,1,0.0008163265306122449
N05,N16,N40,1,0.0008163265306122449
N05,N17,N21,1,0.0008163265306122449
N05,N17,N22,1,0.0008163265306122449
N05,N17,N24,1,0.0008163265306122449
N05,N17,N30,1,0.0008163265306122449
N05,N17,N33,1,0.0008163265306122449
N05,N17,N40,1,0.0008163265306122449
N05,N17,N41,1,0.0008163265306122449
N05,N17,N42,1,0.0008163265306122449
N05,N18,N21,1,0.0008163265306122449
N05,N18,N25,1,0.0008163265306122449
N05,N18,N28,1,0.0008163265306122449
N05,N18,N31,1,0.0008163265306122449
N05,N18,N33,1,0.0008163265306122449
N05,N18,N34,1,0.0008163265306122449
N05,N18,N40,1,0.0008163265306122449
N05,N18,N41,1,0.0008163265306122449
N05,N19,N20,1,0.0008163265306122449
N05,N19,N21,1,0.0008163265306122449
N05,N19,N23,1,0.0008163265306122449
N05,N19,N24,1,0.0008163265306122449
N05,N19,N25,1,0.0008163265306122449
N05,N19,N27,1,0.0008163265306122449
N05,N19,N30,1,0.0008163265306122449
N05,N19,N38,1,0.0008163265306122449
N05,N19,N39,1,0.0008163265306122449
N05,N20,N27,1,0.0008163265306122449
N05,N20,N28,1,0.0008163265306122449
N05,N20,N31,1,0.0008163265306122449
N05,N20,N36,1,0.0008163265306122449
N05,N20,N39,1,0.0008163265306122449
N05,N20,N41,1,0.0008163265306122449
N05,N20,N45,1,0.0008163265306122449
N05,N21,N22,1,0.0008163265306122449
N05,N21,N29,1,0.0008163265306122449
N05,N21,N35,1,0.0008163265306122449
N05,N21,N36,1,0.0008163265306122449
N05,N21,N39,1,0.0008163265306122449
N05,N21,N42,1,0.0008163265306122449
N05,N22,N25,1,0.0008163265306122449
N05,N22,N29,1,0.0008163265306122449
N05,N22,N33,1,0.0008163265306122449
N05,N22,N35,1,0.0008163265306122449
N05,N22,N37,1,0.0008163265306122449
N05,N22,N38,1,0.0008163265306122449
N05,N22,N41,1,0.0008163265306122449
N05,N23,N24,1,0.0008163265306122449
N05,N23,N25,1,0.0008163265306122449
N05,N23,N26,1,0.0008163265306122449
N05,N23,N28,1,0.0008163265306122449
N05,N23,N33,1,0.0008163265306122449
N05,N23,N36,1,0.0008163265306122449
N05,N23,N38,1,0.0008163265306122449
N05,N24,N26,1,0.0008163265306122449
N05,N24,N29,1,0.0008163265306122449
N05,N24,N33,1,0.0008163265306122449
N05,N24,N34,1,0.0008163265306122449
N05,N24,N35,1,0.0008163265306122449
N05,N24,N37,1,0.0008163265306122449
N05,N24,N40,1,0.0008163265306122449
N05,N24,N44,1,0.0008163265306122449
N05,N25,N29,1,0.0008163265306122449
N05,N25,N30,1,0.0008163265306122449
N05,N25,N32,1,0.0008163265306122449
N05,N25,N34,1,0.0008163265306122449
N05,N25,N40,1,0.0008163265306122449
N05,N26,N28,1,0.0008163265306122449
N05,N26,N31,1,0.0008163265306122449
N05,N26,N35,1,0.0008163265306122449
N05,N26,N37,1,0.0008163265306122449
N05,N26,N40,1,0.0008163265306122449
N05,N26,N44,1,0.0008163265306122449
N05,N27,N28,1,0.0008163265306122449
N05,N27,N31,1,0.0008163265306122449
N05,N27,N32,1,0.0008163265306122449
N05,N27,N33,1,0.0008163265306122449
N05,N27,N41,1,0.0008163265306122449
N05,N27,N42,1,0.0008163265306122449
N05,N28,N29,1,0.0008163265306122449
N05,N28,N30,1,0.0008163265306122449
N05,N28,N31,1,0.0008163265306122449
N05,N28,N32,1,0.0008163265306122449
N05,N28,N36,1,0.0008163265306122449
N05,N28,N37,1,0.0008163265306122449
N05,N28,N39,1,0.0008163265306122449
N05,N28,N44,1,0.0008163265306122449
N05,N28,N45,1,0.0008163265306122449
N05,N29,N30,1,0.0008163265306122449
N05,N29,N31,1,0.0008163265306122449
N05,N29,N41,1,0.0008163265306122449
N05,N29,N42,1,0.0008163265306122449
N05,N29,N45,1,0.0008163265306122449
N05,N30,N31,1,0.0008163265306122449
N05,N30,N33,1,0.0008163265306122449
N05,N30,N36,1,0.0008163265306122449
N05,N30,N37,1,0.0008163265306122449
N05,N30,N38,1,0.0008163265306122449
N05,N30,N40,1,0.0008163265306122449
N05,N30,N41,1,0.0008163265306122449
N05,N30,N42,1,0.0008163265306122449
N05,N30,N44,1,0.0008163265306122449
N05,N31,N36,1,0.0008163265306122449
N05,N31,N40,1,0.0008163265306122449
N05,N31,N42,1,0.0008163265306122449
N05,N32,N33,1,0.0008163265306122449
N05,N32,N35,1,0.0008163265306122449
N05,N32,N39,1,0.0008163265306122449
N05,N32,N40,1,0.0008163265306122449
N05,N32,N43,1,0.0008163265306122449
N05,N32,N44,1,0.0008163265306122449
N05,N33,N37,1,0.0008163265306122449
N05,N33,N38,1,0.0008163265306122449
N05,N33,N44,1,0.0008163265306122449
N05,N34,N37,1,0.0008163265306122449
N05,N34,N38,1,0.0008163265306122449
N05,N35,N38,1,0.0008163265306122449
N05,N35,N40,1,0.0008163265306122449
N05,N35,N42,1,0.0008163265306122449
N05,N36,N38,1,0.0008163265306122449
N05,N36,N43,1,0.0008163265306122449
N05,N37,N39,1,0.0008163265306122449
N05,N37,N45,1,0.0008163265306122449
N05,N38,N41,1,0.0008163265306122449
N05,N38,N42,1,0.0008163265306122449
N05,N38,N44,1,0.0008163265306122449
N05,N38,N45,1,0.0008163265306122449
N05,N39,N42,1,0.0008163265306122449
N05,N39,N45,1,0.0008163265306122449
N05,N40,N41,1,0.0008163265306122449
N05,N41,N43,1,0.0008163265306122449
N05,N41,N44,1,0.0008163265306122449
N05,N42,N43,1,0.0008163265306122449
N05,N43,N44,1,0.0008163265306122449
N06,N07,N09,1,0.0008163265306122449
N06,N07,N10,1,0.0008163265306122449
N06,N07,N14,1,0.0008163265306122449
N06,N07,N27,1,0.0008163265306122449
N06,N07,N29,1,0.0008163265306122449
N06,N07,N31,1,0.0008163265306122449
N06,N07,N32,1,0.0008163265306122449
N06,N07,N33,1,0.0008163265306122449
N06,N07,N35,1,0.0008163265306122449
N06,N07,N37,1,0.0008163265306122449
N06,N07,N42,1,0.0008163265306122449
N06,N07,N44,1,0.0008163265306122449
N06,N08,N11,1,0.0008163265306122449
N06,N08,N16,1,0.0008163265306122449
N06,N08,N17,1,0.0008163265306122449
N06,N08,N23,1,0.0008163265306122449
N06,N08,N28,1,0.0008163265306122449
N06,N08,N32,1,0.0008163265306122449
N06,N08,N33,1,0.0008163265306122449
N06,N08,N36,1,0.0008163265306122449
N06,N08,N37,1,0.0008163265306122449
N06,N08,N40,1,0.0008163265306122449
N06,N09,N10,1,0.0008163265306122449
N06,N09,N15,1,0.0008163265306122449
N06,N09,N21,1,0.0008163265306122449
N06,N09,N23,1,0.0008163265306122449
N06,N09,N30,1,0.0008163265306122449
N06,N09,N33,1,0.0008163265306122449
N06,N09,N35,1,0.0008163265306122449
N06,N09,N37,1,0.0008163265306122449
N06,N09,N39,1,0.0008163265306122449
N06,N09,N40,1,0.0008163265306122449
N06,N09,N41,1,0.0008163265306122449
N06,N10,N12,1,0.0008163265306122449
N06,N10,N15,1,0.0008163265306122449
N06,N10,N21,1,0.0008163265306122449
N06,N10,N22,1,0.0008163265306122449
N06,N10,N26,1,0.0008163265306122449
N06,N10,N29,1,0.0008163265306122449
N06,N10,N36,1,0.0008163265306122449
N06,N10,N39,1,0.0008163265306122449
N06,N10,N42,1,0.0008163265306122449
N06,N10,N43,1,0.0008163265306122449
N06,N10,N44,1,0.0008163265306122449
N06,N11,N12,1,0.0008163265306122449
N06,N11,N13,1,0.0008163265306122449
N06,N11,N20,1,0.0008163265306122449
N06,N11,N23,1,0.0008163265306122449
N06,N11,N25,1,0.0008163265306122449
N06,N11,N29,1,0.0008163265306122449
N06,N11,N30,1,0.0008163265306122449
N06,N11,N33,1,0.0008163265306122449
N06,N11,N34,1,0.0008163265306122449
N06,N11,N36,1,0.0008163265306122449
N06,N11,N45,1,0.0008163265306122449
N06,N12,N13,1,0.0008163265306122449
N06,N12,N14,1,0.0008163265306122449
N06,N12,N15,1,0.0008163265306122449
N06,N12,N22,1,0.0008163265306122449
N06,N12,N23,1,0.0008163265306122449
N06,N12,N25,1,0.0008163265306122449
N06,N12,N27,1,0.0008163265306122449
N06,N12,N28,1,0.0008163265306122449
N06,N12,N29,1,0.0008163265306122449
N06,N12,N30,1,0.0008163265306122449
N06,N12,N33,1,0.0008163265306122449
N06,N12,N39,1,0.0008163265306122449
N06,N12,N45,1,0.0008163265306122449
N06,N13,N14,1,0.0008163265306122449
N06,N13,N18,1,0.0008163265306122449
N06,N13,N19,1,0.0008163265306122449
N06,N13,N25,1,0.0008163265306122449
N06,N13,N33,1,0.0008163265306122449
N06,N13,N38,1,0.0008163265306122449
N06,N13,N39,1,0.0008163265306122449
N06,N13,N41,1,0.0008163265306122449
N06,N14,N17,1,0.0008163265306122449
N06,N14,N23,1,0.0008163265306122449
N06,N14,N24,1,0.0008163265306122449
N06,N14,N28,1,0.0008163265306122449
N06,N14,N33,1,0.0008163265306122449
N06,N14,N34,1,0.0008163265306122449
N06,N14,N35,1,0.0008163265306122449
N06,N14,N43,1,0.0008163265306122449
N06,N15,N18,1,0.0008163265306122449
N06,N15,N28,1,0.0008163265306122449
N06,N15,N30,1,0.0008163265306122449
N06,N15,N31,1,0.0008163265306122449
N06,N15,N33,1,0.0008163265306122449
N06,N15,N35,1,0.0008163265306122449
N06,N15,N38,1,0.0008163265306122449
N06,N15,N41,1,0.0008163265306122449
N06,N15,N42,1,0.0008163265306122449
N06,N15,N43,1,0.0008163265306122449
N06,N15,N44,1,0.0008163265306122449
N06,N16,N17,1,0.0008163265306122449
N06,N16,N22,1,0.0008163265306122449
N06,N16,N23,1,0.0008163265306122449
N06,N16,N29,1,0.0008163265306122449
N06,N16,N33,1,0.0008163265306122449
N06,N16,N39,1,0.0008163265306122449
N06,N16,N45,1,0.0008163265306122449
N06,N17,N20,1,0.0008163265306122449
N06,N17,N26,1,0.0008163265306122449
N06,N17,N27,1,0.0008163265306122449
N06,N17,N30,1,0.0008163265306122449
N06,N17,N31,1,0.0008163265306122449
N06,N17,N33,1,0.0008163265306122449
N06,N17,N35,1,0.0008163265306122449
N06,N17,N45,1,0.0008163265306122449
N06,N18,N22,1,0.0008163265306122449
N06,N18,N24,1,0.0008163265306122449
N06,N18,N41,1,0.0008163265306122449
N06,N19,N26,1,0.0008163265306122449
N06,N19,N30,1,0.0008163265306122449
N06,N19,N31,1,0.0008163265306122449
N06,N19,N35,1,0.0008163265306122449
N06,N19,N39,1,0.0008163265306122449
N06,N20,N21,1,0.0008163265306122449
N06,N20,N23,1,0.0008163265306122449
N06,N20,N26,1,0.0008163265306122449
N06,N20,N29,1,0.0008163265306122449
N06,N20,N30,1,0.0008163265306122449
N06,N20,N31,1,0.0008163265306122449
N06,N20,N32,1,0.0008163265306122449
N06,N20,N33,1,0.0008163265306122449
N06,N20,N36,1,0.0008163265306122449
N06,N20,N37,1,0.0008163265306122449
N06,N20,N38,1,0.0008163265306122449
N06,N20,N40,1,0.0008163265306122449
N06,N20,N41,1,0.0008163265306122449
N06,N20,N42,1,0.0008163265306122449
N06,N21,N23,1,0.0008163265306122449
N06,N21,N26,1,0.0008163265306122449
N06,N21,N27,1,0.0008163265306122449
N06,N21,N29,1,0.0008163265306122449
N06,N21,N38,1,0.0008163265306122449
N06,N21,N42,1,0.0008163265306122449
N06,N21,N45,1,0.0008163265306122449
N06,N22,N25,1,0.0008163265306122449
N06,N22,N31,1,0.0008163265306122449
N06,N22,N41,1,0.0008163265306122449
N06,N23,N25,1,0.0008163265306122449
N06,N23,N28,1,0.0008163265306122449
N06,N23,N30,1,0.0008163265306122449
N06,N23,N34,1,0.0008163265306122449
N06,N23,N35,1,0.0008163265306122449
N06,N23,N36,1,0.0008163265306122449
N06,N23,N37,1,0.0008163265306122449
N06,N23,N38,1,0.0008163265306122449
N06,N23,N39,1,0.0008163265306122449
N06,N23,N40,1,0.0008163265306122449
N06,N23,N42,1,0.0008163265306122449
N06,N24,N31,1,0.0008163265306122449
N06,N24,N34,1,0.0008163265306122449
N06,N24,N36,1,0.0008163265306122449
N06,N24,N39,1,0.0008163265306122449
N06,N24,N40,1,0.0008163265306122449
N06,N24,N41,1,0.0008163265306122449
N06,N25,N31,1,0.0008163265306122449
N06,N25,N35,1,0.0008163265306122449
N06,N25,N38,1,0.0008163265306122449
N06,N25,N43,1,0.0008163265306122449
N06,N26,N28,1,0.0008163265306122449
N06,N26,N29,1,0.0008163265306122449
N06,N26,N30,1,0.0008163265306122449
N06,N26,N33,1,0.0008163265306122449
N06,N26,N34,1,0.0008163265306122449
N06,N26,N37,1,0.0008163265306122449
N06,N26,N40,1,0.0008163265306122449
N06,N26,N41,1,0.0008163265306122449
N06,N27,N29,1,0.0008163265306122449
N06,N27,N30,1,0.0008163265306122449
N06,N27,N31,1,0.0008163265306122449
N06,N27,N32,1,0.0008163265306122449
N06,N27,N35,1,0.0008163265306122449
N06,N27,N36,1,0.0008163265306122449
N06,N27,N40,1,0.0008163265306122449
N06,N27,N41,1,0.0008163265306122449
N06,N27,N45,1,0.0008163265306122449
N06,N28,N29,1,0.0008163265306122449
N06,N28,N33,1,0.0008163265306122449
N06,N28,N35,1,0.0008163265306122449
N06,N28,N45,1,0.0008163265306122449
N06,N29,N30,1,0.0008163265306122449
N06,N29,N32,1,0.0008163265306122449
N06,N29,N35,1,0.0008163265306122449
N06,N29,N36,1,0.0008163265306122449
N06,N29,N42,1,0.0008163265306122449
N06,N29,N43,1,0.0008163265306122449
N06,N30,N31,1,0.0008163265306122449
N06,N30,N32,1,0.0008163265306122449
N06,N30,N39,1,0.0008163265306122449
N06,N30,N42,1,0.0008163265306122449
N06,N31,N33,1,0.0008163265306122449
N06,N31,N36,1,0.0008163265306122449
N06,N31,N37,1,0.0008163265306122449
N06,N31,N39,1,0.0008163265306122449
N06,N31,N41,1,0.0008163265306122449
N06,N32,N42,1,0.0008163265306122449
N06,N33,N34,1,0.0008163265306122449
N06,N33,N38,1,0.0008163265306122449
N06,N33,N39,1,0.0008163265306122449
N06,N34,N45,1,0.0008163265306122449
N06,N35,N41,1,0.0008163265306122449
N06,N35,N42,1,0.0008163265306122449
N06,N35,N44,1,0.0008163265306122449
N06,N35,N45,1,0.0008163265306122449
N06,N36,N43,1,0.0008163265306122449
N06,N36,N44,1,0.0008163265306122449
N06,N36,N45,1,0.0008163265306122449
N06,N37,N43,1,0.0008163265306122449
N06,N38,N42,1,0.0008163265306122449
N06,N39,N44,1,0.0008163265306122449
N06,N39,N45,1,0.0008163265306122449
N06,N40,N42,1,0.0008163265306122449
N06,N40,N44,1,0.0008163265306122449
N06,N40,N45,1,0.0008163265306122449
N06,N42,N43,1,0.0008163265306122449
N06,N42,N44,1,0.0008163265306122449
N06,N42,N45,1,0.0008163265306122449
N07,N08,N10,1,0.0008163265306122449
N07,N08,N11,1,0.0008163265306122449
N07,N08,N13,1,0.0008163265306122449
N07,N08,N14,1,0.0008163265306122449
N07,N08,N16,1,0.0008163265306122449
N07,N08,N19,1,0.0008163265306122449
N07,N08,N22,1,0.0008163265306122449
N07,N08,N23,1,0.0008163265306122449
N07,N08,N27,1,0.0008163265306122449
N07,N08,N30,1,0.0008163265306122449
N07,N08,N31,1,0.0008163265306122449
N07,N08,N37,1,0.0008163265306122449
N07,N08,N38,1,0.0008163265306122449
N07,N08,N44,1,0.0008163265306122449
N07,N08,N45,1,0.0008163265306122449
N07,N09,N14,1,0.0008163265306122449
N07,N09,N20,1,0.0008163265306122449
N07,N09,N21,1,0.0008163265306122449
N07,N09,N25,1,0.0008163265306122449
N07,N09,N29,1,0.0008163265306122449
N07,N09,N30,1,0.0008163265306122449
N07,N09,N31,1,0.0008163265306122449
N07,N09,N32,1,0.0008163265306122449
N07,N09,N34,1,0.0008163265306122449
N07,N09,N40,1,0.0008163265306122449
N07,N09,N43,1,0.0008163265306122449
N07,N09,N44,1,0.0008163265306122449
N07,N09,N45,1,0.0008163265306122449
N07,N10,N12,1,0.0008163265306122449
N07,N10,N15,1,0.0008163265306122449
N07,N10,N17,1,0.0008163265306122449
N07,N10,N21,1,0.0008163265306122449
N07,N10,N23,1,0.0008163265306122449
N07,N10,N26,1,0.0008163265306122449
N07,N10,N34,1,0.0008163265306122449
N07,N10,N42,1,0.0008163265306122449
N07,N11,N22,1,0.0008163265306122449
N07,N11,N23,1,0.0008163265306122449
N07,N11,N28,1,0.0008163265306122449
N07,N11,N30,1,0.0008163265306122449
N07,N11,N32,1,0.0008163265306122449
N07,N11,N38,1,0.0008163265306122449
N07,N11,N43,1,0.0008163265306122449
N07,N12,N13,1,0.0008163265306122449
N07,N12,N16,1,0.0008163265306122449
N07,N12,N17,1,0.0008163265306122449
N07,N12,N20,1,0.0008163265306122449
N07,N12,N29,1,0.0008163265306122449
N07,N12,N37,1,0.0008163265306122449
N07,N12,N39,1,0.0008163265306122449
N07,N12,N41,1,0.0008163265306122449
N07,N13,N17,1,0.0008163265306122449
N07,N13,N26,1,0.0008163265306122449
N07,N13,N27,1,0.0008163265306122449
N07,N13,N28,1,0.0008163265306122449
N07,N13,N30,1,0.0008163265306122449
N07,N13,N37,1,0.0008163265306122449
N07,N13,N38,1,0.0008163265306122449
N07,N13,N40,1,0.0008163265306122449
N07,N13,N44,1,0.0008163265306122449
N07,N14,N17,1,0.0008163265306122449
N07,N14,N24,1,0.0008163265306122449
N07,N14,N28,1,0.0008163265306122449
N07,N14,N31,1,0.0008163265306122449
N07,N14,N32,1,0.0008163265306122449
N07,N14,N35,1,0.0008163265306122449
N07,N14,N36,1,0.0008163265306122449
N07,N14,N37,1,0.0008163265306122449
N07,N14,N38,1,0.0008163265306122449
N07,N14,N42,1,0.0008163265306122449
N07,N14,N44,1,0.0008163265306122449
N07,N15,N18,1,0.0008163265306122449
N07,N15,N27,1,0.0008163265306122449
N07,N15,N28,1,0.0008163265306122449
N07,N15,N31,1,0.0008163265306122449
N07,N15,N32,1,0.0008163265306122449
N07,N16,N17,1,0.0008163265306122449
N07,N16,N21,1,0.0008163265306122449
N07,N16,N23,1,0.0008163265306122449
N07,N16,N26,1,0.0008163265306122449
N07,N16,N28,1,0.0008163265306122449
N07,N16,N43,1,0.0008163265306122449
N07,N17,N23,1,0.0008163265306122449
N07,N17,N26,1,0.0008163265306122449
N07,N17,N27,1,0.0008163265306122449
N07,N17,N32,1,0.0008163265306122449
N07,N17,N35,1,0.0008163265306122449
N07,N18,N21,1,0.0008163265306122449
N07,N18,N41,1,0.0008163265306122449
N07,N18,N43,1,0.0008163265306122449
N07,N19,N22,1,0.0008163265306122449
N07,N19,N32,1,0.0008163265306122449
N07,N19,N34,1,0.0008163265306122449
N07,N19,N37,1,0.0008163265306122449
N07,N19,N44,1,0.0008163265306122449
N07,N20,N24,1,0.0008163265306122449
N07,N20,N27,1,0.0008163265306122449
N07,N20,N28,1,0.0008163265306122449
N07,N20,N30,1,0.0008163265306122449
N07,N20,N31,1,0.0008163265306122449
N07,N20,N32,1,0.0008163265306122449
N07,N20,N34,1,0.0008163265306122449
N07,N20,N35,1,0.0008163265306122449
N07,N20,N41,1,0.0008163265306122449
N07,N20,N45,1,0.0008163265306122449
N07,N21,N23,1,0.0008163265306122449
N07,N21,N24,1,0.0008163265306122449
N07,N21,N26,1,0.0008163265306122449
N07,N21,N29,1,0.0008163265306122449
N07,N21,N31,1,0.0008163265306122449
N07,N21,N32,1,0.0008163265306122449
N07,N21,N33,1,0.0008163265306122449
N07,N21,N34,1,0.0008163265306122449
N07,N21,N36,1,0.0008163265306122449
N07,N21,N38,1,0.0008163265306122449
N07,N21,N41,1,0.0008163265306122449
N07,N21,N44,1,0.0008163265306122449
N07,N22,N28,1,0.0008163265306122449
N07,N22,N32,1,0.0008163265306122449
N07,N22,N39,1,0.0008163265306122449
N07,N22,N44,1,0.0008163265306122449
N07,N23,N27,1,0.0008163265306122449
N07,N23,N32,1,0.0008163265306122449
N07,N23,N33,1,0.0008163265306122449
N07,N23,N34,1,0.0008163265306122449
N07,N23,N35,1,0.0008163265306122449
N07,N23,N37,1,0.0008163265306122449
N07,N23,N43,1,0.0008163265306122449
N07,N23,N44,1,0.0008163265306122449
N07,N24,N26,1,0.0008163265306122449
N07,N24,N28,1,0.0008163265306122449
N07,N24,N33,1,0.0008163265306122449
N07,N24,N39,1,0.0008163265306122449
N07,N24,N41,1,0.0008163265306122449
N07,N24,N43,1,0.0008163265306122449
N07,N25,N33,1,0.0008163265306122449
N07,N25,N34,1,0.0008163265306122449
N07,N25,N35,1,0.0008163265306122449
N07,N25,N37,1,0.0008163265306122449
N07,N25,N39,1,0.0008163265306122449
N07,N25,N42,1,0.0008163265306122449
N07,N25,N44,1,0.0008163265306122449
N07,N25,N45,1,0.0008163265306122449
N07,N26,N30,1,0.0008163265306122449
N07,N26,N34,1,0.0008163265306122449
N07,N26,N36,1,0.0008163265306122449
N07,N26,N38,1,0.0008163265306122449
N07,N26,N39,1,0.0008163265306122449
N07,N27,N39,1,0.0008163265306122449
N07,N28,N33,1,0.0008163265306122449
N07,N28,N34,1,0.0008163265306122449
N07,N28,N35,1,0.0008163265306122449
N07,N28,N36,1,0.0008163265306122449
N07,N28,N37,1,0.0008163265306122449
N07,N28,N40,1,0.0008163265306122449
N07,N28,N44,1,0.0008163265306122449
N07,N28,N45,1,0.0008163265306122449
N07,N29,N40,1,0.0008163265306122449
N07,N29,N42,1,0.0008163265306122449
N07,N29,N45,1,0.0008163265306122449
N07,N30,N33,1,0.0008163265306122449
N07,N30,N34,1,0.0008163265306122449
N07,N30,N36,1,0.0008163265306122449
N07,N30,N43,1,0.0008163265306122449
N07,N31,N35,1,0.0008163265306122449
N07,N31,N37,1,0.0008163265306122449
N07,N31,N39,1,0.0008163265306122449
N07,N31,N41,1,0.0008163265306122449
N07,N32,N37,1,0.0008163265306122449
N07,N32,N39,1,0.0008163265306122449
N07,N32,N40,1,0.0008163265306122449
N07,N32,N41,1,0.0008163265306122449
N07,N32,N42,1,0.0008163265306122449
N07,N32,N43,1,0.0008163265306122449
N07,N32,N44,1,0.0008163265306122449
N07,N32,N45,1,0.0008163265306122449
N07,N33,N34,1,0.0008163265306122449
N07,N33,N39,1,0.0008163265306122449
N07,N34,N37,1,0.0008163265306122449
N07,N34,N40,1,0.0008163265306122449
N07,N34,N45,1,0.0008163265306122449
N07,N35,N37,1,0.0008163265306122449
N07,N35,N39,1,0.0008163265306122449
N07,N35,N40,1,0.0008163265306122449
N07,N36,N43,1,0.0008163265306122449
N07,N36,N45,1,0.0008163265306122449
N07,N37,N41,1,0.0008163265306122449
N07,N37,N45,1,0.0008163265306122449
N07,N38,N39,1,0.0008163265306122449
N07,N38,N41,1,0.0008163265306122449
N07,N38,N45,1,0.0008163265306122449
N07,N39,N42,1,0.0008163265306122449
N07,N40,N42,1,0.0008163265306122449
N07,N41,N43,1,0.0008163265306122449
N07,N42,N44,1,0.0008163265306122449
N07,N43,N44,1,0.0008163265306122449
N07,N44,N45,1,0.0008163265306122449
N08,N09,N10,1,0.0008163265306122449
N08,N09,N12,1,0.0008163265306122449
N08,N09,N16,1,0.0008163265306122449
N08,N09,N20,1,0.0008163265306122449
N08,N09,N21,1,0.0008163265306122449
N08,N09,N22,1,0.0008163265306122449
N08,N09,N27,1,0.0008163265306122449
N08,N09,N28,1,0.0008163265306122449
N08,N09,N32,1,0.0008163265306122449
N08,N09,N35,1,0.0008163265306122449
N08,N09,N39,1,0.0008163265306122449
N08,N09,N41,1,0.0008163265306122449
N08,N09,N42,1,0.0008163265306122449
N08,N09,N44,1,0.0008163265306122449
N08,N09,N45,1,0.0008163265306122449
N08,N10,N11,1,0.0008163265306122449
N08,N10,N12,1,0.0008163265306122449
N08,N10,N16,1,0.0008163265306122449
N08,N10,N19,1,0.0008163265306122449
N08,N10,N28,1,0.0008163265306122449
N08,N10,N29,1,0.0008163265306122449
N08,N10,N30,1,0.0008163265306122449
N08,N10,N32,1,0.0008163265306122449
N08,N10,N35,1,0.0008163265306122449
N08,N10,N37,1,0.0008163265306122449
N08,N10,N38,1,0.0008163265306122449
N08,N10,N42,1,0.0008163265306122449
N08,N10,N43,1,0.0008163265306122449
N08,N10,N44,1,0.0008163265306122449
N08,N10,N45,1,0.0008163265306122449
N08,N11,N12,1,0.0008163265306122449
N08,N11,N25,1,0.0008163265306122449
N08,N11,N26,1,0.0008163265306122449
N08,N11,N28,1,0.0008163265306122449
N08,N11,N30,1,0.0008163265306122449
N08,N11,N33,1,0.0008163265306122449
N08,N11,N38,1,0.0008163265306122449
N08,N11,N41,1,0.0008163265306122449
N08,N11,N43,1,0.0008163265306122449
N08,N11,N44,1,0.0008163265306122449
N08,N12,N15,1,0.0008163265306122449
N08,N12,N19,1,0.0008163265306122449
N08,N12,N21,1,0.0008163265306122449
N08,N12,N24,1,0.0008163265306122449
N08,N12,N33,1,0.0008163265306122449
N08,N12,N35,1,0.0008163265306122449
N08,N12,N36,1,0.0008163265306122449
N08,N12,N40,1,0.0008163265306122449
N08,N12,N44,1,0.0008163265306122449
N08,N12,N45,1,0.0008163265306122449
N08,N13,N14,1,0.0008163265306122449
N08,N13,N24,1,0.0008163265306122449
N08,N13,N25,1,0.0008163265306122449
N08,N13,N26,1,0.0008163265306122449
N08,N13,N34,1,0.0008163265306122449
N08,N13,N35,1,0.0008163265306122449
N08,N13,N44,1,0.0008163265306122449
N08,N14,N16,1,0.0008163265306122449
N08,N14,N19,1,0.0008163265306122449
N08,N14,N20,1,0.0008163265306122449
N08,N14,N22,1,0.0008163265306122449
N08,N14,N23,1,0.0008163265306122449
N08,N14,N25,1,0.0008163265306122449
N08,N14,N28,1,0.0008163265306122449
N08,N14,N31,1,0.0008163265306122449
N08,N14,N34,1,0.0008163265306122449
N08,N14,N35,1,0.0008163265306122449
N08,N14,N40,1,0.0008163265306122449
N08,N14,N41,1,0.0008163265306122449
N08,N15,N16,1,0.0008163265306122449
N08,N15,N18,1,0.0008163265306122449
N08,N15,N22,1,0.0008163265306122449
N08,N15,N23,1,0.0008163265306122449
N08,N15,N25,1,0.0008163265306122449
N08,N15,N28,1,0.0008163265306122449
N08,N15,N32,1,0.0008163265306122449
N08,N15,N34,1,0.0008163265306122449
N08,N15,N35,1,0.0008163265306122449
N08,N15,N36,1,0.0008163265306122449
N08,N15,N39,1,0.0008163265306122449
N08,N15,N40,1,0.0008163265306122449
N08,N15,N41,1,0.0008163265306122449
N08,N16,N18,1,0.0008163265306122449
N08,N16,N23,1,0.0008163265306122449
N08,N16,N32,1,0.0008163265306122449
N08,N16,N33,1,0.0008163265306122449
N08,N16,N34,1,0.0008163265306122449
N08,N16,N37,1,0.0008163265306122449
N08,N16,N38,1,0.0008163265306122449
N08,N16,N41,1,0.0008163265306122449
N08,N16,N42,1,0.0008163265306122449
N08,N16,N45,1,0.0008163265306122449
N08,N17,N18,1,0.0008163265306122449
N08,N17,N21,1,0.0008163265306122449
N08,N17,N22,1,0.0008163265306122449
N08,N17,N23,1,0.0008163265306122449
N08,N17,N26,1,0.0008163265306122449
N08,N17,N32,1,0.0008163265306122449
N08,N17,N42,1,0.0008163265306122449
N08,N18,N19,1,0.0008163265306122449
N08,N18,N20,1,0.0008163265306122449
N08,N18,N22,1,0.0008163265306122449
N08,N18,N25,1,0.0008163265306122449
N08,N18,N28,1,0.0008163265306122449
N08,N18,N33,1,0.0008163265306122449
N08,N18,N34,1,0.0008163265306122449
N08,N19,N22,1,0.0008163265306122449
N08,N19,N28,1,0.0008163265306122449
N08,N19,N30,1,0.0008163265306122449
N08,N19,N33,1,0.0008163265306122449
N08,N19,N35,1,0.0008163265306122449
N08,N19,N37,1,0.0008163265306122449
N08,N19,N40,1,0.0008163265306122449
N08,N20,N21,1,0.0008163265306122449
N08,N20,N22,1,0.0008163265306122449
N08,N20,N23,1,0.0008163265306122449
N08,N20,N25,1,0.0008163265306122449
N08,N20,N30,1,0.0008163265306122449
N08,N20,N31,1,0.0008163265306122449
N08,N20,N37,1,0.0008163265306122449
N08,N20,N38,1,0.0008163265306122449
N08,N20,N39,1,0.0008163265306122449
N08,N20,N42,1,0.0008163265306122449
N08,N20,N44,1,0.0008163265306122449
N08,N20,N45,1,0.0008163265306122449
N08,N21,N24,1,0.0008163265306122449
N08,N21,N29,1,0.0008163265306122449
N08,N21,N30,1,0.0008163265306122449
N08,N21,N32,1,0.0008163265306122449
N08,N21,N34,1,0.0008163265306122449
N08,N21,N35,1,0.0008163265306122449
N08,N21,N37,1,0.0008163265306122449
N08,N22,N23,1,0.0008163265306122449
N08,N22,N24,1,0.0008163265306122449
N08,N22,N25,1,0.0008163265306122449
N08,N22,N28,1,0.0008163265306122449
N08,N22,N31,1,0.0008163265306122449
N08,N22,N33,1,0.0008163265306122449
N08,N22,N35,1,0.0008163265306122449
N08,N22,N36,1,0.0008163265306122449
N08,N22,N39,1,0.0008163265306122449
N08,N23,N24,1,0.0008163265306122449
N08,N23,N25,1,0.0008163265306122449
N08,N23,N26,1,0.0008163265306122449
N08,N23,N28,1,0.0008163265306122449
N08,N23,N41,1,0.0008163265306122449
N08,N23,N42,1,0.0008163265306122449
N08,N23,N45,1,0.0008163265306122449
N08,N24,N28,1,0.0008163265306122449
N08,N24,N33,1,0.0008163265306122449
N08,N24,N36,1,0.0008163265306122449
N08,N24,N37,1,0.0008163265306122449
N08,N24,N38,1,0.0008163265306122449
N08,N24,N39,1,0.0008163265306122449
N08,N24,N40,1,0.0008163265306122449
N08,N24,N41,1,0.0008163265306122449
N08,N24,N42,1,0.0008163265306122449
N08,N24,N43,1,0.0008163265306122449
N08,N25,N30,1,0.0008163265306122449
N08,N25,N33,1,0.0008163265306122449
N08,N25,N35,1,0.0008163265306122449
N08,N25,N38,1,0.0008163265306122449
N08,N25,N40,1,0.0008163265306122449
N08,N25,N43,1,0.0008163265306122449
N08,N26,N27,1,0.0008163265306122449
N08,N26,N28,1,0.0008163265306122449
N08,N26,N29,1,0.0008163265306122449
N08,N26,N30,1,0.0008163265306122449
N08,N26,N31,1,0.0008163265306122449
N08,N26,N34,1,0.0008163265306122449
N08,N26,N36,1,0.0008163265306122449
N08,N26,N37,1,0.0008163265306122449
N08,N26,N43,1,0.0008163265306122449
N08,N26,N44,1,0.0008163265306122449
N08,N27,N38,1,0.0008163265306122449
N08,N27,N42,1,0.0008163265306122449
N08,N28,N29,1,0.0008163265306122449
N08,N28,N35,1,0.0008163265306122449
N08,N28,N39,1,0.0008163265306122449
N08,N28,N41,1,0.0008163265306122449
N08,N28,N44,1,0.0008163265306122449
N08,N29,N30,1,0.0008163265306122449
N08,N29,N32,1,0.0008163265306122449
N08,N29,N34,1,0.0008163265306122449
N08,N30,N32,1,0.0008163265306122449
N08,N30,N39,1,0.0008163265306122449
N08,N30,N42,1,0.0008163265306122449
N08,N31,N33,1,0.0008163265306122449
N08,N31,N39,1,0.0008163265306122449
N08,N31,N40,1,0.0008163265306122449
N08,N31,N42,1,0.0008163265306122449
N08,N32,N38,1,0.0008163265306122449
N08,N33,N36,1,0.0008163265306122449
N08,N33,N37,1,0.0008163265306122449
N08,N33,N40,1,0.0008163265306122449
N08,N33,N44,1,0.0008163265306122449
N08,N33,N45,1,0.0008163265306122449
N08,N34,N37,1,0.0008163265306122449
N08,N36,N37,1,0.0008163265306122449
N08,N36,N38,1,0.0008163265306122449
N08,N36,N40,1,0.0008163265306122449
N08,N36,N41,1,0.0008163265306122449
N08,N36,N43,1,0.0008163265306122449
N08,N37,N40,1,0.0008163265306122449
N08,N38,N40,1,0.0008163265306122449
N08,N38,N41,1,0.0008163265306122449
N08,N38,N42,1,0.0008163265306122449
N08,N38,N44,1,0.0008163265306122449
N08,N39,N43,1,0.0008163265306122449
N08,N40,N43,1,0.0008163265306122449
N08,N41,N42,1,0.0008163265306122449
N08,N41,N43,1,0.0008163265306122449
N08,N41,N45,1,0.0008163265306122449
N08,N44,N45,1,0.0008163265306122449
N09,N10,N11,1,0.0008163265306122449
N09,N10,N15,1,0.0008163265306122449
N09,N10,N16,1,0.0008163265306122449
N09,N10,N21,1,0.0008163265306122449
N09,N10,N22,1,0.0008163265306122449
N09,N10,N25,1,0.0008163265306122449
N09,N10,N26,1,0.0008163265306122449
N09,N10,N27,1,0.0008163265306122449
N09,N10,N28,1,0.0008163265306122449
N09,N10,N30,1,0.0008163265306122449
N09,N10,N32,1,0.0008163265306122449
N09,N10,N34,1,0.0008163265306122449
N09,N10,N36,1,0.0008163265306122449
N09,N10,N39,1,0.0008163265306122449
N09,N10,N41,1,0.0008163265306122449
N09,N11,N12,1,0.0008163265306122449
N09,N11,N13,1,0.0008163265306122449
N09,N11,N14,1,0.0008163265306122449
N09,N11,N16,1,0.0008163265306122449
N09,N11,N17,1,0.0008163265306122449
N09,N11,N18,1,0.0008163265306122449
N09,N11,N19,1,0.0008163265306122449
N09,N11,N20,1,0.0008163265306122449
N09,N11,N23,1,0.0008163265306122449
N09,N11,N24,1,0.0008163265306122449
N09,N11,N26,1,0.0008163265306122449
N09,N11,N27,1,0.0008163265306122449
N09,N11,N36,1,0.0008163265306122449
N09,N11,N39,1,0.0008163265306122449
N09,N11,N40,1,0.0008163265306122449
N09,N11,N42,1,0.0008163265306122449
N09,N11,N43,1,0.0008163265306122449
N09,N11,N44,1,0.0008163265306122449
N09,N12,N14,1,0.0008163265306122449
N09,N12,N16,1,0.0008163265306122449
N09,N12,N30,1,0.0008163265306122449
N09,N12,N31,1,0.0008163265306122449
N09,N12,N33,1,0.0008163265306122449
N09,N12,N34,1,0.0008163265306122449
N09,N12,N35,1,0.0008163265306122449
N09,N12,N37,1,0.0008163265306122449
N09,N12,N40,1,0.0008163265306122449
N09,N12,N44,1,0.0008163265306122449
N09,N13,N15,1,0.0008163265306122449
N09,N13,N18,1,0.0008163265306122449
N09,N13,N20,1,0.0008163265306122449
N09,N13,N26,1,0.0008163265306122449
N09,N13,N27,1,0.0008163265306122449
N09,N13,N33,1,0.0008163265306122449
N09,N13,N34,1,0.0008163265306122449
N09,N13,N37,1,0.0008163265306122449
N09,N13,N41,1,0.0008163265306122449
N09,N13,N42,1,0.0008163265306122449
N09,N13,N44,1,0.0008163265306122449
N09,N14,N15,1,0.0008163265306122449
N09,N14,N16,1,0.0008163265306122449
N09,N14,N20,1,0.0008163265306122449
N09,N14,N21,1,0.0008163265306122449
N09,N14,N23,1,0.0008163265306122449
N09,N14,N25,1,0.0008163265306122449
N09,N14,N27,1,0.0008163265306122449
N09,N14,N29,1,0.0008163265306122449
N09,N14,N30,1,0.0008163265306122449
N09,N14,N35,1,0.0008163265306122449
N09,N14,N36,1,0.0008163265306122449
N09,N14,N38,1,0.0008163265306122449
N09,N14,N41,1,0.0008163265306122449
N09,N14,N43,1,0.0008163265306122449
N09,N15,N16,1,0.0008163265306122449
N09,N15,N17,1,0.0008163265306122449
N09,N15,N20,1,0.0008163265306122449
N09,N15,N21,1,0.0008163265306122449
N09,N15,N22,1,0.0008163265306122449
N09,N15,N25,1,0.0008163265306122449
N09,N15,N26,1,0.0008163265306122449
N09,N15,N30,1,0.0008163265306122449
N09,N15,N31,1,0.0008163265306122449
N09,N15,N38,1,0.0008163265306122449
N09,N15,N39,1,0.0008163265306122449
N09,N15,N40,1,0.0008163265306122449
N09,N15,N42,1,0.0008163265306122449
N09,N15,N43,1,0.0008163265306122449
N09,N15,N45,1,0.0008163265306122449
N09,N16,N25,1,0.0008163265306122449
N09,N16,N27,1,0.0008163265306122449
N09,N16,N32,1,0.0008163265306122449
N09,N16,N34,1,0.0008163265306122449
N09,N16,N35,1,0.0008163265306122449
N09,N16,N37,1,0.0008163265306122449
N09,N16,N38,1,0.0008163265306122449
N09,N16,N43,1,0.0008163265306122449
N09,N16,N44,1,0.0008163265306122449
N09,N16,N45,1,0.0008163265306122449
N09,N17,N21,1,0.0008163265306122449
N09,N17,N22,1,0.0008163265306122449
N09,N17,N24,1,0.0008163265306122449
N09,N17,N25,1,0.0008163265306122449
N09,N17,N26,1,0.0008163265306122449
N09,N17,N27,1,0.0008163265306122449
N09,N17,N28,1,0.0008163265306122449
N09,N17,N30,1,0.0008163265306122449
N09,N17,N31,1,0.0008163265306122449
N09,N17,N34,1,0.0008163265306122449
N09,N17,N36,1,0.0008163265306122449
N09,N17,N37,1,0.0008163265306122449
N09,N17,N39,1,0.0008163265306122449
N09,N17,N44,1,0.0008163265306122449
N09,N17,N45,1,0.0008163265306122449
N09,N18,N24,1,0.0008163265306122449
N09,N18,N26,1,0.0008163265306122449
N09,N18,N29,1,0.0008163265306122449
N09,N18,N30,1,0.0008163265306122449
N09,N18,N36,1,0.0008163265306122449
N09,N18,N39,1,0.0008163265306122449
N09,N18,N43,1,0.0008163265306122449
N09,N19,N20,1,0.0008163265306122449
N09,N19,N22,1,0.0008163265306122449
N09,N19,N26,1,0.0008163265306122449
N09,N19,N28,1,0.0008163265306122449
N09,N19,N29,1,0.0008163265306122449
N09,N19,N33,1,0.0008163265306122449
N09,N19,N34,1,0.0008163265306122449
N09,N19,N36,1,0.0008163265306122449
N09,N19,N37,1,0.0008163265306122449
N09,N19,N38,1,0.0008163265306122449
N09,N19,N39,1,0.0008163265306122449
N09,N19,N40,1,0.0008163265306122449
N09,N19,N45,1,0.0008163265306122449
N09,N20,N24,1,0.0008163265306122449
N09,N20,N26,1,0.0008163265306122449
N09,N20,N27,1,0.0008163265306122449
N09,N20,N28,1,0.0008163265306122449
N09,N20,N29,1,0.0008163265306122449
N09,N20,N30,1,0.0008163265306122449
N09,N20,N34,1,0.0008163265306122449
N09,N20,N37,1,0.0008163265306122449
N09,N20,N38,1,0.0008163265306122449
N09,N20,N41,1,0.0008163265306122449
N09,N20,N43,1,0.0008163265306122449
N09,N20,N44,1,0.0008163265306122449
N09,N20,N45,1,0.0008163265306122449
N09,N21,N22,1,0.0008163265306122449
N09,N21,N24,1,0.0008163265306122449
N09,N21,N25,1,0.0008163265306122449
N09,N21,N26,1,0.0008163265306122449
N09,N21,N31,1,0.0008163265306122449
N09,N21,N36,1,0.0008163265306122449
N09,N21,N41,1,0.0008163265306122449
N09,N21,N42,1,0.0008163265306122449
N09,N21,N43,1,0.0008163265306122449
N09,N21,N44,1,0.0008163265306122449
N09,N21,N45,1,0.0008163265306122449
N09,N22,N25,1,0.0008163265306122449
N09,N22,N27,1,0.0008163265306122449
N09,N22,N31,1,0.0008163265306122449
N09,N22,N33,1,0.0008163265306122449
N09,N22,N34,1,0.0008163265306122449
N09,N22,N35,1,0.0008163265306122449
N09,N22,N36,1,0.0008163265306122449
N09,N22,N38,1,0.0008163265306122449
N09,N22,N45,1,0.0008163265306122449
N09,N23,N25,1,0.0008163265306122449
N09,N23,N29,1,0.0008163265306122449
N09,N23,N32,1,0.0008163265306122449
N09,N23,N34,1,0.0008163265306122449
N09,N23,N37,1,0.0008163265306122449
N09,N23,N40,1,0.0008163265306122449
N09,N23,N43,1,0.0008163265306122449
N09,N23,N44,1,0.0008163265306122449
N09,N24,N28,1,0.0008163265306122449
N09,N24,N31,1,0.0008163265306122449
N09,N24,N32,1,0.0008163265306122449
N09,N24,N35,1,0.0008163265306122449
N09,N24,N37,1,0.0008163265306122449
N09,N24,N40,1,0.0008163265306122449
N09,N24,N41,1,0.0008163265306122449
N09,N24,N42,1,0.0008163265306122449
N09,N24,N43,1,0.0008163265306122449
N09,N24,N45,1,0.0008163265306122449
N09,N25,N26,1,0.0008163265306122449
N09,N25,N27,1,0.0008163265306122449
N09,N25,N28,1,0.0008163265306122449
N09,N25,N30,1,0.0008163265306122449
N09,N25,N32,1,0.0008163265306122449
N09,N25,N34,1,0.0008163265306122449
N09,N25,N35,1,0.0008163265306122449
N09,N25,N37,1,0.0008163265306122449
N09,N25,N40,1,0.0008163265306122449
N09,N25,N44,1,0.0008163265306122449
N09,N25,N45,1,0.0008163265306122449
N09,N26,N29,1,0.0008163265306122449
N09,N26,N31,1,0.0008163265306122449
N09,N26,N33,1,0.0008163265306122449
N09,N26,N37,1,0.0008163265306122449
N09,N26,N41,1,0.0008163265306122449
N09,N26,N43,1,0.0008163265306122449
N09,N26,N44,1,0.0008163265306122449
N09,N27,N28,1,0.0008163265306122449
N09,N27,N32,1,0.0008163265306122449
N09,N27,N34,1,0.0008163265306122449
N09,N28,N30,1,0.0008163265306122449
N09,N28,N31,1,0.0008163265306122449
N09,N28,N33,1,0.0008163265306122449
N09,N28,N34,1,0.0008163265306122449
N09,N28,N35,1,0.0008163265306122449
N09,N29,N35,1,0.0008163265306122449
N09,N29,N39,1,0.0008163265306122449
N09,N29,N41,1,0.0008163265306122449
N09,N29,N43,1,0.0008163265306122449
N09,N29,N45,1,0.0008163265306122449
N09,N30,N31,1,0.0008163265306122449
N09,N30,N36,1,0.0008163265306122449
N09,N30,N40,1,0.0008163265306122449
N09,N30,N42,1,0.0008163265306122449
N09,N31,N33,1,0.0008163265306122449
N09,N31,N34,1,0.0008163265306122449
N09,N31,N35,1,0.0008163265306122449
N09,N31,N38,1,0.0008163265306122449
N09,N31,N39,1,0.0008163265306122449
N09,N31,N40,1,0.0008163265306122449
N09,N31,N45,1,0.0008163265306122449
N09,N32,N33,1,0.0008163265306122449
N09,N32,N35,1,0.0008163265306122449
N09,N32,N36,1,0.0008163265306122449
N09,N32,N39,1,0.0008163265306122449
N09,N32,N42,1,0.0008163265306122449
N09,N32,N44,1,0.0008163265306122449
N09,N33,N39,1,0.0008163265306122449
N09,N33,N40,1,0.0008163265306122449
N09,N33,N41,1,0.0008163265306122449
N09,N33,N42,1,0.0008163265306122449
N09,N33,N43,1,0.0008163265306122449
N09,N34,N36,1,0.0008163265306122449
N09,N34,N42,1,0.0008163265306122449
N09,N34,N45,1,0.0008163265306122449
N09,N35,N36,1,0.0008163265306122449
N09,N35,N40,1,0.0008163265306122449
N09,N35,N43,1,0.0008163265306122449
N09,N35,N44,1,0.0008163265306122449
N09,N36,N37,1,0.0008163265306122449
N09,N36,N38,1,0.0008163265306122449
N09,N36,N42,1,0.0008163265306122449
N09,N36,N43,1,0.0008163265306122449
N09,N36,N44,1,0.0008163265306122449
N09,N37,N44,1,0.0008163265306122449
N09,N38,N44,1,0.0008163265306122449
N09,N38,N45,1,0.0008163265306122449
N09,N39,N44,1,0.0008163265306122449
N09,N40,N41,1,0.0008163265306122449
N09,N40,N44,1,0.0008163265306122449
N09,N40,N45,1,0.0008163265306122449
N09,N41,N45,1,0.0008163265306122449
N09,N42,N43,1,0.0008163265306122449
N09,N44,N45,1,0.0008163265306122449
N10,N11,N17,1,0.0008163265306122449
N10,N11,N19,1,0.0008163265306122449
N10,N11,N23,1,0.0008163265306122449
N10,N11,N26,1,0.0008163265306122449
N10,N11,N29,1,0.0008163265306122449
N10,N11,N32,1,0.0008163265306122449
N10,N11,N42,1,0.0008163265306122449
N10,N11,N44,1,0.0008163265306122449
N10,N11,N45,1,0.0008163265306122449
N10,N12,N14,1,0.0008163265306122449
N10,N12,N19,1,0.0008163265306122449
N10,N12,N21,1,0.0008163265306122449
N10,N12,N25,1,0.0008163265306122449
N10,N12,N27,1,0.0008163265306122449
N10,N12,N28,1,0.0008163265306122449
N10,N12,N35,1,0.0008163265306122449
N10,N12,N38,1,0.0008163265306122449
N10,N12,N39,1,0.0008163265306122449
N10,N12,N43,1,0.0008163265306122449
N10,N12,N45,1,0.0008163265306122449
N10,N13,N15,1,0.0008163265306122449
N10,N13,N16,1,0.0008163265306122449
N10,N13,N18,1,0.0008163265306122449
N10,N13,N21,1,0.0008163265306122449
N10,N13,N23,1,0.0008163265306122449
N10,N13,N24,1,0.0008163265306122449
N10,N13,N27,1,0.0008163265306122449
N10,N13,N34,1,0.0008163265306122449
N10,N13,N39,1,0.0008163265306122449
N10,N13,N41,1,0.0008163265306122449
N10,N13,N42,1,0.0008163265306122449
N10,N13,N45,1,0.0008163265306122449
N10,N14,N29,1,0.0008163265306122449
N10,N14,N39,1,0.0008163265306122449
N10,N14,N41,1,0.0008163265306122449
N10,N14,N43,1,0.0008163265306122449
N10,N14,N44,1,0.0008163265306122449
N10,N14,N45,1,0.0008163265306122449
N10,N15,N17,1,0.0008163265306122449
N10,N15,N26,1,0.0008163265306122449
N10,N15,N39,1,0.0008163265306122449
N10,N15,N43,1,0.0008163265306122449
N10,N16,N23,1,0.0008163265306122449
N10,N16,N44,1,0.0008163265306122449
N10,N16,N45,1,0.0008163265306122449
N10,N17,N21,1,0.0008163265306122449
N10,N17,N23,1,0.0008163265306122449
N10,N17,N32,1,0.0008163265306122449
N10,N17,N33,1,0.0008163265306122449
N10,N17,N35,1,0.0008163265306122449
N10,N17,N36,1,0.0008163265306122449
N10,N17,N37,1,0.0008163265306122449
N10,N17,N38,1,0.0008163265306122449
N10,N17,N42,1,0.0008163265306122449
N10,N17,N44,1,0.0008163265306122449
N10,N18,N24,1,0.0008163265306122449
N10,N18,N26,1,0.0008163265306122449
N10,N18,N38,1,0.0008163265306122449
N10,N18,N41,1,0.0008163265306122449
N10,N18,N43,1,0.0008163265306122449
N10,N18,N44,1,0.0008163265306122449
N10,N18,N45,1,0.0008163265306122449
N10,N19,N25,1,0.0008163265306122449
N10,N19,N28,1,0.0008163265306122449
N10,N19,N29,1,0.0008163265306122449
N10,N19,N30,1,0.0008163265306122449
N10,N19,N42,1,0.0008163265306122449
N10,N19,N43,1,0.0008163265306122449
N10,N20,N21,1,0.0008163265306122449
N10,N20,N24,1,0.0008163265306122449
N10,N20,N26,1,0.0008163265306122449
N10,N20,N28,1,0.0008163265306122449
N10,N20,N29,1,0.0008163265306122449
N10,N20,N30,1,0.0008163265306122449
N10,N20,N34,1,0.0008163265306122449
N10,N20,N36,1,0.0008163265306122449
N10,N20,N38,1,0.0008163265306122449
N10,N20,N39,1,0.0008163265306122449
N10,N20,N43,1,0.0008163265306122449
N10,N20,N45,1,0.0008163265306122449
N10,N21,N22,1,0.0008163265306122449
N10,N21,N25,1,0.0008163265306122449
N10,N21,N27,1,0.0008163265306122449
N10,N21,N29,1,0.0008163265306122449
N10,N21,N30,1,0.0008163265306122449
N10,N21,N34,1,0.0008163265306122449
N10,N21,N36,1,0.0008163265306122449
N10,N21,N37,1,0.0008163265306122449
N10,N21,N38,1,0.0008163265306122449
N10,N21,N40,1,0.0008163265306122449
N10,N21,N42,1,0.0008163265306122449
N10,N21,N45,1,0.0008163265306122449
N10,N22,N23,1,0.0008163265306122449
N10,N22,N33,1,0.0008163265306122449
N10,N22,N45,1,0.0008163265306122449
N10,N23,N25,1,0.0008163265306122449
N10,N23,N26,1,0.0008163265306122449
N10,N23,N29,1,0.0008163265306122449
N10,N23,N30,1,0.0008163265306122449
N10,N23,N31,1,0.0008163265306122449
N10,N23,N32,1,0.0008163265306122449
N10,N23,N42,1,0.0008163265306122449
N10,N23,N43,1,0.0008163265306122449
N10,N24,N26,1,0.0008163265306122449
N10,N24,N28,1,0.0008163265306122449
N10,N24,N29,1,0.0008163265306122449
N10,N24,N30,1,0.0008163265306122449
N10,N24,N32,1,0.0008163265306122449
N10,N24,N36,1,0.0008163265306122449
N10,N24,N39,1,0.0008163265306122449
N10,N24,N41,1,0.0008163265306122449
N10,N25,N26,1,0.0008163265306122449
N10,N25,N27,1,0.0008163265306122449
N10,N25,N36,1,0.0008163265306122449
N10,N25,N37,1,0.0008163265306122449
N10,N26,N28,1,0.0008163265306122449
N10,N26,N29,1,0.0008163265306122449
N10,N26,N31,1,0.0008163265306122449
N10,N26,N32,1,0.0008163265306122449
N10,N26,N33,1,0.0008163265306122449
N10,N26,N35,1,0.0008163265306122449
N10,N26,N36,1,0.0008163265306122449
N10,N26,N39,1,0.0008163265306122449
N10,N26,N40,1,0.0008163265306122449
N10,N26,N41,1,0.0008163265306122449
N10,N26,N43,1,0.0008163265306122449
N10,N27,N29,1,0.0008163265306122449
N10,N27,N30,1,0.0008163265306122449
N10,N27,N36,1,0.0008163265306122449
N10,N27,N41,1,0.0008163265306122449
N10,N27,N43,1,0.0008163265306122449
N10,N28,N30,1,0.0008163265306122449
N10,N28,N40,1,0.0008163265306122449
N10,N29,N34,1,0.0008163265306122449
N10,N29,N41,1,0.0008163265306122449
N10,N29,N42,1,0.0008163265306122449
N10,N30,N32,1,0.0008163265306122449
N10,N30,N36,1,0.0008163265306122449
N10,N30,N38,1,0.0008163265306122449
N10,N30,N39,1,0.0008163265306122449
N10,N30,N42,1,0.0008163265306122449
N10,N30,N43,1,0.0008163265306122449
N10,N30,N44,1,0.0008163265306122449
N10,N31,N36,1,0.0008163265306122449
N10,N31,N38,1,0.0008163265306122449
N10,N31,N41,1,0.0008163265306122449
N10,N31,N45,1,0.0008163265306122449
N10,N32,N33,1,0.0008163265306122449
N10,N32,N35,1,0.0008163265306122449
N10,N32,N37,1,0.0008163265306122449
N10,N32,N41,1,0.0008163265306122449
N10,N32,N43,1,0.0008163265306122449
N10,N32,N45,1,0.0008163265306122449
N10,N33,N36,1,0.0008163265306122449
N10,N33,N42,1,0.0008163265306122449
N10,N33,N45,1,0.0008163265306122449
N10,N34,N35,1,0.0008163265306122449
N10,N34,N37,1,0.0008163265306122449
N10,N34,N42,1,0.0008163265306122449
N10,N34,N43,1,0.0008163265306122449
N10,N35,N36,1,0.0008163265306122449
N10,N35,N38,1,0.0008163265306122449
N10,N35,N39,1,0.0008163265306122449
N10,N35,N41,1,0.0008163265306122449
N10,N35,N44,1,0.0008163265306122449
N10,N36,N41,1,0.0008163265306122449
N10,N36,N42,1,0.0008163265306122449
N10,N37,N39,1,0.0008163265306122449
N10,N37,N41,1,0.0008163265306122449
N10,N37,N43,1,0.0008163265306122449
N10,N38,N40,1,0.0008163265306122449
N10,N38,N42,1,0.0008163265306122449
N10,N38,N44,1,0.0008163265306122449
N10,N39,N42,1,0.0008163265306122449
N10,N39,N44,1,0.0008163265306122449
N10,N42,N44,1,0.0008163265306122449
N10,N43,N44,1,0.0008163265306122449
N10,N44,N45,1,0.0008163265306122449
N11,N12,N16,1,0.0008163265306122449
N11,N12,N17,1,0.0008163265306122449
N11,N12,N19,1,0.0008163265306122449
N11,N12,N25,1,0.0008163265306122449
N11,N12,N36,1,0.0008163265306122449
N11,N12,N37,1,0.0008163265306122449
N11,N12,N39,1,0.0008163265306122449
N11,N12,N41,1,0.0008163265306122449
N11,N12,N45,1,0.0008163265306122449
N11,N13,N16,1,0.0008163265306122449
N11,N13,N18,1,0.0008163265306122449
N11,N13,N23,1,0.0008163265306122449
N11,N13,N24,1,0.0008163265306122449
N11,N13,N30,1,0.0008163265306122449
N11,N13,N32,1,0.0008163265306122449
N11,N13,N35,1,0.0008163265306122449
N11,N13,N38,1,0.0008163265306122449
N11,N13,N40,1,0.0008163265306122449
N11,N13,N42,1,0.0008163265306122449
N11,N13,N44,1,0.0008163265306122449
N11,N14,N19,1,0.0008163265306122449
N11,N14,N22,1,0.0008163265306122449
N11,N14,N23,1,0.0008163265306122449
N11,N14,N31,1,0.0008163265306122449
N11,N14,N43,1,0.0008163265306122449
N11,N14,N45,1,0.0008163265306122449
N11,N15,N21,1,0.0008163265306122449
N11,N15,N36,1,0.0008163265306122449
N11,N15,N40,1,0.0008163265306122449
N11,N15,N42,1,0.0008163265306122449
N11,N15,N43,1,0.0008163265306122449
N11,N16,N22,1,0.0008163265306122449
N11,N16,N24,1,0.0008163265306122449
N11,N16,N28,1,0.0008163265306122449
N11,N16,N32,1,0.0008163265306122449
N11,N16,N33,1,0.0008163265306122449
N11,N16,N35,1,0.0008163265306122449
N11,N16,N37,1,0.0008163265306122449
N11,N16,N38,1,0.0008163265306122449
N11,N16,N40,1,0.0008163265306122449
N11,N16,N43,1,0.0008163265306122449
N11,N17,N20,1,0.0008163265306122449
N11,N17,N23,1,0.0008163265306122449
N11,N17,N30,1,0.0008163265306122449
N11,N17,N31,1,0.0008163265306122449
N11,N17,N32,1,0.0008163265306122449
N11,N17,N37,1,0.0008163265306122449
N11,N17,N38,1,0.0008163265306122449
N11,N17,N41,1,0.0008163265306122449
N11,N17,N43,1,0.0008163265306122449
N11,N17,N45,1,0.0008163265306122449
N11,N18,N19,1,0.0008163265306122449
N11,N18,N20,1,0.0008163265306122449
N11,N18,N22,1,0.0008163265306122449
N11,N18,N23,1,0.0008163265306122449
N11,N18,N28,1,0.0008163265306122449
N11,N18,N29,1,0.0008163265306122449
N11,N18,N35,1,0.0008163265306122449
N11,N18,N41,1,0.0008163265306122449
N11,N18,N42,1,0.0008163265306122449
N11,N19,N20,1,0.0008163265306122449
N11,N19,N24,1,0.0008163265306122449
N11,N19,N26,1,0.0008163265306122449
N11,N19,N27,1,0.0008163265306122449
N11,N19,N29,1,0.0008163265306122449
N11,N19,N34,1,0.0008163265306122449
N11,N19,N35,1,0.0008163265306122449
N11,N19,N40,1,0.0008163265306122449
N11,N19,N41,1,0.0008163265306122449
N11,N19,N45,1,0.0008163265306122449
N11,N20,N22,1,0.0008163265306122449
N11,N20,N23,1,0.0008163265306122449
N11,N20,N25,1,0.0008163265306122449
N11,N20,N27,1,0.0008163265306122449
N11,N20,N29,1,0.0008163265306122449
N11,N20,N37,1,0.0008163265306122449
N11,N20,N39,1,0.0008163265306122449
N11,N20,N42,1,0.0008163265306122449
N11,N20,N43,1,0.0008163265306122449
N11,N20,N45,1,0.0008163265306122449
N11,N21,N28,1,0.0008163265306122449
N11,N21,N42,1,0.0008163265306122449
N11,N22,N25,1,0.0008163265306122449
N11,N22,N26,1,0.0008163265306122449
N11,N22,N28,1,0.0008163265306122449
N11,N22,N29,1,0.0008163265306122449
N11,N22,N35,1,0.0008163265306122449
N11,N22,N42,1,0.0008163265306122449
N11,N22,N44,1,0.0008163265306122449
N11,N23,N24,1,0.0008163265306122449
N11,N23,N25,1,0.0008163265306122449
N11,N23,N26,1,0.0008163265306122449
N11,N23,N28,1,0.0008163265306122449
N11,N23,N34,1,0.0008163265306122449
N11,N23,N35,1,0.0008163265306122449
N11,N23,N36,1,0.0008163265306122449
N11,N23,N38,1,0.0008163265306122449
N11,N23,N42,1,0.0008163265306122449
N11,N23,N45,1,0.0008163265306122449
N11,N24,N28,1,0.0008163265306122449
N11,N24,N29,1,0.0008163265306122449
N11,N24,N33,1,0.0008163265306122449
N11,N24,N41,1,0.0008163265306122449
N11,N25,N26,1,0.0008163265306122449
N11,N25,N28,1,0.0008163265306122449
N11,N25,N29,1,0.0008163265306122449
N11,N25,N30,1,0.0008163265306122449
N11,N25,N31,1,0.0008163265306122449
N11,N25,N33,1,0.0008163265306122449
N11,N25,N34,1,0.0008163265306122449
N11,N25,N38,1,0.0008163265306122449
N11,N25,N40,1,0.0008163265306122449
N11,N25,N44,1,0.0008163265306122449
N11,N26,N33,1,0.0008163265306122449
N11,N26,N38,1,0.0008163265306122449
N11,N26,N39,1,0.0008163265306122449
N11,N26,N45,1,0.0008163265306122449
N11,N27,N29,1,0.0008163265306122449
N11,N27,N32,1,0.0008163265306122449
N11,N27,N33,1,0.0008163265306122449
N11,N27,N40,1,0.0008163265306122449
N11,N27,N41,1,0.0008163265306122449
N11,N27,N43,1,0.0008163265306122449
N11,N28,N33,1,0.0008163265306122449
N11,N28,N35,1,0.0008163265306122449
N11,N28,N36,1,0.0008163265306122449
N11,N28,N37,1,0.0008163265306122449
N11,N28,N40,1,0.0008163265306122449
N11,N28,N41,1,0.0008163265306122449
N11,N29,N30,1,0.0008163265306122449
N11,N29,N31,1,0.0008163265306122449
N11,N29,N32,1,0.0008163265306122449
N11,N29,N39,1,0.0008163265306122449
N11,N29,N43,1,0.0008163265306122449
N11,N30,N31,1,0.0008163265306122449
N11,N30,N34,1,0.0008163265306122449
N11,N30,N40,1,0.0008163265306122449
N11,N30,N41,1,0.0008163265306122449
N11,N30,N42,1,0.0008163265306122449
N11,N30,N43,1,0.0008163265306122449
N11,N31,N34,1,0.0008163265306122449
N11,N31,N35,1,0.0008163265306122449
N11,N31,N36,1,0.0008163265306122449
N11,N31,N39,1,0.0008163265306122449
N11,N31,N40,1,0.0008163265306122449
N11,N31,N43,1,0.0008163265306122449
N11,N32,N41,1,0.0008163265306122449
N11,N32,N45,1,0.0008163265306122449
N11,N33,N39,1,0.0008163265306122449
N11,N33,N40,1,0.0008163265306122449
N11,N33,N43,1,0.0008163265306122449
N11,N34,N35,1,0.0008163265306122449
N11,N34,N41,1,0.0008163265306122449
N11,N35,N36,1,0.0008163265306122449
N11,N35,N40,1,0.0008163265306122449
N11,N35,N41,1,0.0008163265306122449
N11,N35,N42,1,0.0008163265306122449
N11,N35,N43,1,0.0008163265306122449
N11,N36,N40,1,0.0008163265306122449
N11,N36,N43,1,0.0008163265306122449
N11,N37,N41,1,0.0008163265306122449
N11,N37,N42,1,0.0008163265306122449
N11,N37,N44,1,0.0008163265306122449
N11,N38,N39,1,0.0008163265306122449
N11,N38,N42,1,0.0008163265306122449
N11,N38,N43,1,0.0008163265306122449
N11,N39,N42,1,0.0008163265306122449
N11,N39,N43,1,0.0008163265306122449
N11,N40,N41,1,0.0008163265306122449
N11,N40,N43,1,0.0008163265306122449
N11,N41,N42,1,0.0008163265306122449
N11,N41,N43,1,0.0008163265306122449
N11,N42,N43,1,0.0008163265306122449
N11,N44,N45,1,0.0008163265306122449
N12,N13,N21,1,0.0008163265306122449
N12,N13,N22,1,0.0008163265306122449
N12,N13,N24,1,0.0008163265306122449
N12,N13,N34,1,0.0008163265306122449
N12,N13,N37,1,0.0008163265306122449
N12,N13,N38,1,0.0008163265306122449
N12,N13,N39,1,0.0008163265306122449
N12,N13,N42,1,0.0008163265306122449
N12,N13,N43,1,0.0008163265306122449
N12,N14,N16,1,0.0008163265306122449
N12,N14,N17,1,0.0008163265306122449
N12,N14,N18,1,0.0008163265306122449
N12,N14,N20,1,0.0008163265306122449
N12,N14,N22,1,0.0008163265306122449
N12,N14,N23,1,0.0008163265306122449
N12,N14,N28,1,0.0008163265306122449
N12,N14,N30,1,0.0008163265306122449
N12,N14,N37,1,0.0008163265306122449
N12,N14,N38,1,0.0008163265306122449
N12,N14,N41,1,0.0008163265306122449
N12,N14,N44,1,0.0008163265306122449
N12,N15,N17,1,0.0008163265306122449
N12,N15,N21,1,0.0008163265306122449
N12,N15,N27,1,0.0008163265306122449
N12,N15,N32,1,0.0008163265306122449
N12,N15,N33,1,0.0008163265306122449
N12,N15,N41,1,0.0008163265306122449
N12,N16,N18,1,0.0008163265306122449
N12,N16,N21,1,0.0008163265306122449
N12,N16,N22,1,0.0008163265306122449
N12,N16,N28,1,0.0008163265306122449
N12,N16,N37,1,0.0008163265306122449
N12,N16,N38,1,0.0008163265306122449
N12,N16,N39,1,0.0008163265306122449
N12,N16,N45,1,0.0008163265306122449
N12,N17,N18,1,0.0008163265306122449
N12,N17,N19,1,0.0008163265306122449
N12,N17,N22,1,0.0008163265306122449
N12,N17,N23,1,0.0008163265306122449
N12,N17,N25,1,0.0008163265306122449
N12,N17,N26,1,0.0008163265306122449
N12,N17,N31,1,0.0008163265306122449
N12,N17,N36,1,0.0008163265306122449
N12,N17,N37,1,0.0008163265306122449
N12,N17,N39,1,0.0008163265306122449
N12,N17,N40,1,0.0008163265306122449
N12,N17,N43,1,0.0008163265306122449
N12,N18,N19,1,0.0008163265306122449
N12,N18,N20,1,0.0008163265306122449
N12,N18,N22,1,0.0008163265306122449
N12,N18,N25,1,0.0008163265306122449
N12,N18,N26,1,0.0008163265306122449
N12,N18,N27,1,0.0008163265306122449
N12,N18,N28,1,0.0008163265306122449
N12,N18,N29,1,0.0008163265306122449
N12,N18,N37,1,0.0008163265306122449
N12,N19,N25,1,0.0008163265306122449
N12,N19,N33,1,0.0008163265306122449
N12,N19,N36,1,0.0008163265306122449
N12,N19,N37,1,0.0008163265306122449
N12,N20,N29,1,0.0008163265306122449
N12,N20,N31,1,0.0008163265306122449
N12,N20,N35,1,0.0008163265306122449
N12,N20,N36,1,0.0008163265306122449
N12,N20,N39,1,0.0008163265306122449
N12,N21,N25,1,0.0008163265306122449
N12,N21,N27,1,0.0008163265306122449
N12,N21,N30,1,0.0008163265306122449
N12,N21,N33,1,0.0008163265306122449
N12,N21,N36,1,0.0008163265306122449
N12,N22,N23,1,0.0008163265306122449
N12,N22,N25,1,0.0008163265306122449
N12,N22,N27,1,0.0008163265306122449
N12,N22,N30,1,0.0008163265306122449
N12,N22,N31,1,0.0008163265306122449
N12,N22,N32,1,0.0008163265306122449
N12,N22,N36,1,0.0008163265306122449
N12,N22,N37,1,0.0008163265306122449
N12,N22,N40,1,0.0008163265306122449
N12,N22,N42,1,0.0008163265306122449
N12,N22,N44,1,0.0008163265306122449
N12,N23,N26,1,0.0008163265306122449
N12,N23,N27,1,0.0008163265306122449
N12,N23,N31,1,0.0008163265306122449
N12,N23,N32,1,0.0008163265306122449
N12,N23,N35,1,0.0008163265306122449
N12,N23,N37,1,0.0008163265306122449
N12,N23,N39,1,0.0008163265306122449
N12,N23,N44,1,0.0008163265306122449
N12,N23,N45,1,0.0008163265306122449
N12,N24,N28,1,0.0008163265306122449
N12,N24,N31,1,0.0008163265306122449
N12,N24,N35,1,0.0008163265306122449
N12,N25,N27,1,0.0008163265306122449
N12,N25,N31,1,0.0008163265306122449
N12,N25,N32,1,0.0008163265306122449
N12,N25,N33,1,0.0008163265306122449
N12,N25,N36,1,0.0008163265306122449
N12,N25,N38,1,0.0008163265306122449
N12,N25,N39,1,0.0008163265306122449
N12,N25,N40,1,0.0008163265306122449
N12,N25,N41,1,0.0008163265306122449
N12,N25,N42,1,0.0008163265306122449
N12,N25,N44,1,0.0008163265306122449
N12,N26,N31,1,0.0008163265306122449
N12,N26,N41,1,0.0008163265306122449
N12,N27,N28,1,0.0008163265306122449
N12,N27,N30,1,0.0008163265306122449
N12,N27,N35,1,0.0008163265306122449
N12,N27,N37,1,0.0008163265306122449
N12,N27,N40,1,0.0008163265306122449
N12,N27,N41,1,0.0008163265306122449
N12,N27,N43,1,0.0008163265306122449
N12,N28,N32,1,0.0008163265306122449
N12,N28,N35,1,0.0008163265306122449
N12,N28,N39,1,0.0008163265306122449
N12,N28,N45,1,0.0008163265306122449
N12,N29,N36,1,0.0008163265306122449
N12,N29,N37,1,0.0008163265306122449
N12,N30,N31,1,0.0008163265306122449
N12,N30,N45,1,0.0008163265306122449
N12,N31,N34,1,0.0008163265306122449
N12,N31,N41,1,0.0008163265306122449
N12,N31,N44,1,0.0008163265306122449
N12,N32,N35,1,0.0008163265306122449
N12,N32,N36,1,0.0008163265306122449
N12,N32,N37,1,0.0008163265306122449
N12,N32,N38,1,0.0008163265306122449
N12,N32,N43,1,0.0008163265306122449
N12,N33,N36,1,0.0008163265306122449
N12,N33,N37,1,0.0008163265306122449
N12,N34,N35,1,0.0008163265306122449
N12,N34,N40,1,0.0008163265306122449
N12,N34,N41,1,0.0008163265306122449
N12,N35,N40,1,0.0008163265306122449
N12,N35,N41,1,0.0008163265306122449
N12,N35,N45,1,0.0008163265306122449
N12,N36,N40,1,0.0008163265306122449
N12,N36,N43,1,0.0008163265306122449
N12,N36,N44,1,0.0008163265306122449
N12,N37,N38,1,0.0008163265306122449
N12,N38,N41,1,0.0008163265306122449
N12,N40,N42,1,0.0008163265306122449
N12,N41,N42,1,0.0008163265306122449
N12,N42,N44,1,0.0008163265306122449
N12,N43,N44,1,0.0008163265306122449
N13,N14,N16,1,0.0008163265306122449
N13,N14,N19,1,0.0008163265306122449
N13,N14,N25,1,0.0008163265306122449
N13,N14,N27,1,0.0008163265306122449
N13,N14,N29,1,0.0008163265306122449
N13,N14,N36,1,0.0008163265306122449
N13,N14,N42,1,0.0008163265306122449
N13,N15,N17,1,0.0008163265306122449
N13,N15,N18,1,0.0008163265306122449
N13,N15,N19,1,0.0008163265306122449
N13,N15,N22,1,0.0008163265306122449
N13,N15,N23,1,0.0008163265306122449
N13,N15,N35,1,0.0008163265306122449
N13,N15,N36,1,0.0008163265306122449
N13,N15,N42,1,0.0008163265306122449
N13,N16,N18,1,0.0008163265306122449
N13,N16,N19,1,0.0008163265306122449
N13,N16,N22,1,0.0008163265306122449
N13,N16,N26,1,0.0008163265306122449
N13,N16,N27,1,0.0008163265306122449
N13,N16,N31,1,0.0008163265306122449
N13,N16,N32,1,0.0008163265306122449
N13,N16,N44,1,0.0008163265306122449
N13,N16,N45,1,0.0008163265306122449
N13,N17,N19,1,0.0008163265306122449
N13,N17,N21,1,0.0008163265306122449
N13,N17,N22,1,0.0008163265306122449
N13,N17,N23,1,0.0008163265306122449
N13,N17,N27,1,0.0008163265306122449
N13,N17,N31,1,0.0008163265306122449
N13,N17,N36,1,0.0008163265306122449
N13,N17,N40,1,0.0008163265306122449
N13,N17,N43,1,0.0008163265306122449
N13,N17,N44,1,0.0008163265306122449
N13,N17,N45,1,0.0008163265306122449
N13,N18,N20,1,0.0008163265306122449
N13,N18,N37,1,0.0008163265306122449
N13,N18,N40,1,0.0008163265306122449
N13,N19,N22,1,0.0008163265306122449
N13,N19,N25,1,0.0008163265306122449
N13,N19,N27,1,0.0008163265306122449
N13,N19,N31,1,0.0008163265306122449
N13,N19,N34,1,0.0008163265306122449
N13,N19,N36,1,0.0008163265306122449
N13,N19,N37,1,0.0008163265306122449
N13,N19,N44,1,0.0008163265306122449
N13,N20,N34,1,0.0008163265306122449
N13,N20,N35,1,0.0008163265306122449
N13,N20,N39,1,0.0008163265306122449
N13,N20,N40,1,0.0008163265306122449
N13,N21,N22,1,0.0008163265306122449
N13,N21,N23,1,0.0008163265306122449
N13,N21,N28,1,0.0008163265306122449
N13,N21,N29,1,0.0008163265306122449
N13,N21,N30,1,0.0008163265306122449
N13,N21,N31,1,0.0008163265306122449
N13,N21,N35,1,0.0008163265306122449
N13,N21,N40,1,0.0008163265306122449
N13,N22,N23,1,0.0008163265306122449
N13,N22,N24,1,0.0008163265306122449
N13,N22,N28,1,0.0008163265306122449
N13,N22,N29,1,0.0008163265306122449
N13,N22,N30,1,0.0008163265306122449
N13,N22,N31,1,0.0008163265306122449
N13,N22,N32,1,0.0008163265306122449
N13,N22,N33,1,0.0008163265306122449
N13,N22,N34,1,0.0008163265306122449
N13,N22,N35,1,0.0008163265306122449
N13,N22,N36,1,0.0008163265306122449
N13,N22,N39,1,0.0008163265306122449
N13,N22,N40,1,0.0008163265306122449
N13,N22,N42,1,0.0008163265306122449
N13,N22,N45,1,0.0008163265306122449
N13,N23,N32,1,0.0008163265306122449
N13,N23,N39,1,0.0008163265306122449
N13,N23,N40,1,0.0008163265306122449
N13,N24,N28,1,0.0008163265306122449
N13,N24,N38,1,0.0008163265306122449
N13,N24,N40,1,0.0008163265306122449
N13,N24,N42,1,0.0008163265306122449
N13,N24,N44,1,0.0008163265306122449
N13,N24,N45,1,0.0008163265306122449
N13,N25,N27,1,0.0008163265306122449
N13,N25,N32,1,0.0008163265306122449
N13,N25,N35,1,0.0008163265306122449
N13,N25,N41,1,0.0008163265306122449
N13,N25,N43,1,0.0008163265306122449
N13,N25,N44,1,0.0008163265306122449
N13,N25,N45,1,0.0008163265306122449
N13,N26,N27,1,0.0008163265306122449
N13,N26,N30,1,0.0008163265306122449
N13,N26,N44,1,0.0008163265306122449
N13,N27,N30,1,0.0008163265306122449
N13,N27,N31,1,0.0008163265306122449
N13,N27,N42,1,0.0008163265306122449
N13,N27,N43,1,0.0008163265306122449
N13,N27,N45,1,0.0008163265306122449
N13,N28,N32,1,0.0008163265306122449
N13,N28,N39,1,0.0008163265306122449
N13,N28,N41,1,0.0008163265306122449
N13,N28,N44,1,0.0008163265306122449
N13,N28,N45,1,0.0008163265306122449
N13,N29,N30,1,0.0008163265306122449
N13,N29,N31,1,0.0008163265306122449
N13,N29,N35,1,0.0008163265306122449
N13,N29,N43,1,0.0008163265306122449
N13,N29,N44,1,0.0008163265306122449
N13,N30,N33,1,0.0008163265306122449
N13,N30,N35,1,0.0008163265306122449
N13,N30,N40,1,0.0008163265306122449
N13,N31,N34,1,0.0008163265306122449
N13,N31,N37,1,0.0008163265306122449
N13,N31,N42,1,0.0008163265306122449
N13,N31,N43,1,0.0008163265306122449
N13,N31,N45,1,0.0008163265306122449
N13,N32,N35,1,0.0008163265306122449
N13,N32,N37,1,0.0008163265306122449
N13,N32,N40,1,0.0008163265306122449
N13,N32,N43,1,0.0008163265306122449
N13,N33,N34,1,0.0008163265306122449
N13,N33,N36,1,0.0008163265306122449
N13,N33,N38,1,0.0008163265306122449
N13,N33,N39,1,0.0008163265306122449
N13,N33,N44,1,0.0008163265306122449
N13,N34,N35,1,0.0008163265306122449
N13,N34,N36,1,0.0008163265306122449
N13,N34,N41,1,0.0008163265306122449
N13,N34,N43,1,0.0008163265306122449
N13,N34,N45,1,0.0008163265306122449
N13,N35,N40,1,0.0008163265306122449
N13,N35,N44,1,0.0008163265306122449
N13,N36,N38,1,0.0008163265306122449
N13,N36,N39,1,0.0008163265306122449
N13,N36,N40,1,0.0008163265306122449
N13,N36,N41,1,0.0008163265306122449
N13,N36,N42,1,0.0008163265306122449
N13,N38,N40,1,0.0008163265306122449
N13,N39,N40,1,0.0008163265306122449
N13,N40,N42,1,0.0008163265306122449
N13,N40,N44,1,0.0008163265306122449
N13,N41,N42,1,0.0008163265306122449
N13,N41,N44,1,0.0008163265306122449
N14,N15,N20,1,0.0008163265306122449
N14,N15,N28,1,0.0008163265306122449
N14,N15,N29,1,0.0008163265306122449
N14,N15,N31,1,0.0008163265306122449
N14,N15,N34,1,0.0008163265306122449
N14,N15,N37,1,0.0008163265306122449
N14,N15,N44,1,0.0008163265306122449
N14,N16,N17,1,0.0008163265306122449
N14,N16,N20,1,0.0008163265306122449
N14,N16,N23,1,0.0008163265306122449
N14,N16,N28,1,0.0008163265306122449
N14,N16,N34,1,0.0008163265306122449
N14,N16,N36,1,0.0008163265306122449
N14,N16,N39,1,0.0008163265306122449
N14,N16,N42,1,0.0008163265306122449
N14,N16,N44,1,0.0008163265306122449
N14,N17,N18,1,0.0008163265306122449
N14,N17,N21,1,0.0008163265306122449
N14,N17,N22,1,0.0008163265306122449
N14,N17,N26,1,0.0008163265306122449
N14,N17,N27,1,0.0008163265306122449
N14,N17,N30,1,0.0008163265306122449
N14,N17,N32,1,0.0008163265306122449
N14,N17,N35,1,0.0008163265306122449
N14,N17,N37,1,0.0008163265306122449
N14,N17,N41,1,0.0008163265306122449
N14,N17,N44,1,0.0008163265306122449
N14,N18,N24,1,0.0008163265306122449
N14,N18,N32,1,0.0008163265306122449
N14,N18,N34,1,0.0008163265306122449
N14,N19,N22,1,0.0008163265306122449
N14,N19,N23,1,0.0008163265306122449
N14,N19,N24,1,0.0008163265306122449
N14,N19,N29,1,0.0008163265306122449
N14,N19,N31,1,0.0008163265306122449
N14,N19,N35,1,0.0008163265306122449
N14,N19,N36,1,0.0008163265306122449
N14,N19,N37,1,0.0008163265306122449
N14,N20,N25,1,0.0008163265306122449
N14,N20,N30,1,0.0008163265306122449
N14,N20,N40,1,0.0008163265306122449
N14,N20,N41,1,0.0008163265306122449
N14,N20,N43,1,0.0008163265306122449
N14,N20,N44,1,0.0008163265306122449
N14,N21,N25,1,0.0008163265306122449
N14,N21,N27,1,0.0008163265306122449
N14,N21,N34,1,0.0008163265306122449
N14,N21,N38,1,0.0008163265306122449
N14,N21,N39,1,0.0008163265306122449
N14,N22,N23,1,0.0008163265306122449
N14,N22,N25,1,0.0008163265306122449
N14,N22,N31,1,0.0008163265306122449
N14,N22,N32,1,0.0008163265306122449
N14,N22,N34,1,0.0008163265306122449
N14,N22,N40,1,0.0008163265306122449
N14,N22,N41,1,0.0008163265306122449
N14,N22,N45,1,0.0008163265306122449
N14,N23,N24,1,0.0008163265306122449
N14,N23,N27,1,0.0008163265306122449
N14,N23,N29,1,0.0008163265306122449
N14,N23,N33,1,0.0008163265306122449
N14,N23,N35,1,0.0008163265306122449
N14,N23,N44,1,0.0008163265306122449
N14,N24,N25,1,0.0008163265306122449
N14,N24,N26,1,0.0008163265306122449
N14,N24,N27,1,0.0008163265306122449
N14,N24,N28,1,0.0008163265306122449
N14,N24,N31,1,0.0008163265306122449
N14,N24,N33,1,0.0008163265306122449
N14,N24,N34,1,0.0008163265306122449
N14,N24,N35,1,0.0008163265306122449
N14,N24,N36,1,0.0008163265306122449
N14,N24,N37,1,0.0008163265306122449
N14,N24,N42,1,0.0008163265306122449
N14,N24,N44,1,0.0008163265306122449
N14,N24,N45,1,0.0008163265306122449
N14,N25,N26,1,0.0008163265306122449
N14,N25,N28,1,0.0008163265306122449
N14,N25,N32,1,0.0008163265306122449
N14,N25,N36,1,0.0008163265306122449
N14,N25,N39,1,0.0008163265306122449
N14,N25,N42,1,0.0008163265306122449
N14,N26,N32,1,0.0008163265306122449
N14,N26,N33,1,0.0008163265306122449
N14,N26,N37,1,0.0008163265306122449
N14,N26,N38,1,0.0008163265306122449
N14,N26,N41,1,0.0008163265306122449
N14,N27,N32,1,0.0008163265306122449
N14,N27,N34,1,0.0008163265306122449
N14,N27,N35,1,0.0008163265306122449
N14,N27,N37,1,0.0008163265306122449
N14,N27,N43,1,0.0008163265306122449
N14,N27,N44,1,0.0008163265306122449
N14,N28,N31,1,0.0008163265306122449
N14,N28,N32,1,0.0008163265306122449
N14,N28,N35,1,0.0008163265306122449
N14,N28,N39,1,0.0008163265306122449
N14,N28,N40,1,0.0008163265306122449
N14,N28,N41,1,0.0008163265306122449
N14,N29,N30,1,0.0008163265306122449
N14,N29,N31,1,0.0008163265306122449
N14,N29,N35,1,0.0008163265306122449
N14,N29,N36,1,0.0008163265306122449
N14,N29,N40,1,0.0008163265306122449
N14,N29,N42,1,0.0008163265306122449
N14,N29,N44,1,0.0008163265306122449
N14,N30,N32,1,0.0008163265306122449
N14,N30,N34,1,0.0008163265306122449
N14,N30,N42,1,0.0008163265306122449
N14,N30,N44,1,0.0008163265306122449
N14,N31,N34,1,0.0008163265306122449
N14,N31,N36,1,0.0008163265306122449
N14,N31,N39,1,0.0008163265306122449
N14,N31,N41,1,0.0008163265306122449
N14,N31,N42,1,0.0008163265306122449
N14,N32,N35,1,0.0008163265306122449
N14,N32,N40,1,0.0008163265306122449
N14,N33,N42,1,0.0008163265306122449
N14,N33,N45,1,0.0008163265306122449
N14,N34,N38,1,0.0008163265306122449
N14,N34,N41,1,0.0008163265306122449
N14,N34,N45,1,0.0008163265306122449
N14,N35,N38,1,0.0008163265306122449
N14,N35,N41,1,0.0008163265306122449
N14,N35,N43,1,0.0008163265306122449
N14,N35,N44,1,0.0008163265306122449
N14,N36,N37,1,0.0008163265306122449
N14,N36,N40,1,0.0008163265306122449
N14,N36,N43,1,0.0008163265306122449
N14,N37,N39,1,0.0008163265306122449
N14,N37,N41,1,0.0008163265306122449
N14,N37,N42,1,0.0008163265306122449
N14,N38,N42,1,0.0008163265306122449
N14,N38,N43,1,0.0008163265306122449
N14,N39,N41,1,0.0008163265306122449
N14,N39,N42,1,0.0008163265306122449
N14,N39,N44,1,0.0008163265306122449
N14,N42,N45,1,0.0008163265306122449
N14,N43,N45,1,0.0008163265306122449
N15,N16,N24,1,0.0008163265306122449
N15,N16,N26,1,0.0008163265306122449
N15,N16,N29,1,0.0008163265306122449
N15,N16,N32,1,0.0008163265306122449
N15,N16,N33,1,0.0008163265306122449
N15,N16,N34,1,0.0008163265306122449
N15,N16,N37,1,0.0008163265306122449
N15,N16,N38,1,0.0008163265306122449
N15,N16,N39,1,0.0008163265306122449
N15,N16,N41,1,0.0008163265306122449
N15,N16,N42,1,0.0008163265306122449
N15,N17,N18,1,0.0008163265306122449
N15,N17,N21,1,0.0008163265306122449
N15,N17,N24,1,0.0008163265306122449
N15,N17,N26,1,0.0008163265306122449
N15,N17,N29,1,0.0008163265306122449
N15,N17,N30,1,0.0008163265306122449
N15,N17,N33,1,0.0008163265306122449
N15,N17,N35,1,0.0008163265306122449
N15,N17,N39,1,0.0008163265306122449
N15,N17,N42,1,0.0008163265306122449
N15,N17,N44,1,0.0008163265306122449
N15,N18,N19,1,0.0008163265306122449
N15,N18,N22,1,0.0008163265306122449
N15,N18,N24,1,0.0008163265306122449
N15,N18,N27,1,0.0008163265306122449
N15,N18,N28,1,0.0008163265306122449
N15,N18,N32,1,0.0008163265306122449
N15,N18,N36,1,0.0008163265306122449
N15,N18,N39,1,0.0008163265306122449
N15,N18,N40,1,0.0008163265306122449
N15,N18,N42,1,0.0008163265306122449
N15,N18,N44,1,0.0008163265306122449
N15,N18,N45,1,0.0008163265306122449
N15,N19,N24,1,0.0008163265306122449
N15,N19,N26,1,0.0008163265306122449
N15,N19,N32,1,0.0008163265306122449
N15,N19,N33,1,0.0008163265306122449
N15,N19,N37,1,0.0008163265306122449
N15,N19,N39,1,0.0008163265306122449
N15,N20,N21,1,0.0008163265306122449
N15,N20,N22,1,0.0008163265306122449
N15,N20,N27,1,0.0008163265306122449
N15,N20,N28,1,0.0008163265306122449
N15,N20,N33,1,0.0008163265306122449
N15,N20,N36,1,0.0008163265306122449
N15,N20,N38,1,0.0008163265306122449
N15,N20,N41,1,0.0008163265306122449
N15,N21,N22,1,0.0008163265306122449
N15,N21,N23,1,0.0008163265306122449
N15,N21,N30,1,0.0008163265306122449
N15,N22,N26,1,0.0008163265306122449
N15,N22,N35,1,0.0008163265306122449
N15,N22,N36,1,0.0008163265306122449
N15,N22,N37,1,0.0008163265306122449
N15,N22,N39,1,0.0008163265306122449
N15,N22,N43,1,0.0008163265306122449
N15,N22,N45,1,0.0008163265306122449
N15,N23,N24,1,0.0008163265306122449
N15,N23,N27,1,0.0008163265306122449
N15,N23,N28,1,0.0008163265306122449
N15,N23,N31,1,0.0008163265306122449
N15,N23,N32,1,0.0008163265306122449
N15,N23,N36,1,0.0008163265306122449
N15,N23,N37,1,0.0008163265306122449
N15,N23,N41,1,0.0008163265306122449
N15,N23,N45,1,0.0008163265306122449
N15,N24,N25,1,0.0008163265306122449
N15,N24,N28,1,0.0008163265306122449
N15,N24,N29,1,0.0008163265306122449
N15,N24,N38,1,0.0008163265306122449
N15,N24,N42,1,0.0008163265306122449
N15,N24,N43,1,0.0008163265306122449
N15,N25,N27,1,0.0008163265306122449
N15,N25,N31,1,0.0008163265306122449
N15,N25,N32,1,0.0008163265306122449
N15,N25,N36,1,0.0008163265306122449
N15,N25,N39,1,0.0008163265306122449
N15,N25,N42,1,0.0008163265306122449
N15,N25,N45,1,0.0008163265306122449
N15,N26,N30,1,0.0008163265306122449
N15,N26,N31,1,0.0008163265306122449
N15,N26,N33,1,0.0008163265306122449
N15,N26,N41,1,0.0008163265306122449
N15,N26,N44,1,0.0008163265306122449
N15,N26,N45,1,0.0008163265306122449
N15,N27,N28,1,0.0008163265306122449
N15,N27,N32,1,0.0008163265306122449
N15,N27,N41,1,0.0008163265306122449
N15,N27,N43,1,0.0008163265306122449
N15,N28,N29,1,0.0008163265306122449
N15,N28,N31,1,0.0008163265306122449
N15,N28,N33,1,0.0008163265306122449
N15,N28,N36,1,0.0008163265306122449
N15,N28,N41,1,0.0008163265306122449
N15,N29,N30,1,0.0008163265306122449
N15,N29,N31,1,0.0008163265306122449
N15,N29,N35,1,0.0008163265306122449
N15,N29,N37,1,0.0008163265306122449
N15,N29,N38,1,0.0008163265306122449
N15,N29,N42,1,0.0008163265306122449
N15,N29,N43,1,0.0008163265306122449
N15,N29,N44,1,0.0008163265306122449
N15,N30,N39,1,0.0008163265306122449
N15,N30,N40,1,0.0008163265306122449
N15,N30,N44,1,0.0008163265306122449
N15,N31,N35,1,0.0008163265306122449
N15,N31,N37,1,0.0008163265306122449
N15,N31,N40,1,0.0008163265306122449
N15,N31,N41,1,0.0008163265306122449
N15,N31,N43,1,0.0008163265306122449
N15,N32,N34,1,0.0008163265306122449
N15,N32,N35,1,0.0008163265306122449
N15,N32,N39,1,0.0008163265306122449
N15,N32,N40,1,0.0008163265306122449
N15,N32,N43,1,0.0008163265306122449
N15,N32,N44,1,0.0008163265306122449
N15,N32,N45,1,0.0008163265306122449
N15,N33,N34,1,0.0008163265306122449
N15,N33,N35,1,0.0008163265306122449
N15,N33,N36,1,0.0008163265306122449
N15,N33,N38,1,0.0008163265306122449
N15,N33,N39,1,0.0008163265306122449
N15,N33,N41,1,0.0008163265306122449
N15,N34,N35,1,0.0008163265306122449
N15,N34,N37,1,0.0008163265306122449
N15,N34,N38,1,0.0008163265306122449
N15,N34,N43,1,0.0008163265306122449
N15,N34,N45,1,0.0008163265306122449
N15,N35,N36,1,0.0008163265306122449
N15,N35,N37,1,0.0008163265306122449
N15,N35,N38,1,0.0008163265306122449
N15,N35,N39,1,0.0008163265306122449
N15,N35,N41,1,0.0008163265306122449
N15,N35,N42,1,0.0008163265306122449
N15,N36,N39,1,0.0008163265306122449
N15,N36,N41,1,0.0008163265306122449
N15,N36,N42,1,0.0008163265306122449
N15,N36,N44,1,0.0008163265306122449
N15,N37,N44,1,0.0008163265306122449
N15,N38,N45,1,0.0008163265306122449
N15,N39,N40,1,0.0008163265306122449
N15,N39,N42,1,0.0008163265306122449
N15,N39,N43,1,0.0008163265306122449
N15,N39,N45,1,0.0008163265306122449
N15,N40,N43,1,0.0008163265306122449
N15,N40,N45,1,0.0008163265306122449
N15,N41,N42,1,0.0008163265306122449
N15,N42,N45,1,0.0008163265306122449
N15,N44,N45,1,0.0008163265306122449
N16,N17,N23,1,0.0008163265306122449
N16,N17,N24,1,0.0008163265306122449
N16,N17,N25,1,0.0008163265306122449
N16,N17,N26,1,0.0008163265306122449
N16,N17,N27,1,0.0008163265306122449
N16,N17,N29,1,0.0008163265306122449
N16,N17,N33,1,0.0008163265306122449
N16,N17,N38,1,0.0008163265306122449
N16,N17,N41,1,0.0008163265306122449
N16,N17,N42,1,0.0008163265306122449
N16,N17,N43,1,0.0008163265306122449
N16,N17,N44,1,0.0008163265306122449
N16,N18,N19,1,0.0008163265306122449
N16,N18,N21,1,0.0008163265306122449
N16,N18,N25,1,0.0008163265306122449
N16,N18,N26,1,0.0008163265306122449
N16,N18,N27,1,0.0008163265306122449
N16,N18,N28,1,0.0008163265306122449
N16,N18,N29,1,0.0008163265306122449
N16,N18,N30,1,0.0008163265306122449
N16,N18,N33,1,0.0008163265306122449
N16,N18,N37,1,0.0008163265306122449
N16,N18,N40,1,0.0008163265306122449
N16,N18,N45,1,0.0008163265306122449
N16,N19,N28,1,0.0008163265306122449
N16,N19,N35,1,0.0008163265306122449
N16,N19,N36,1,0.0008163265306122449
N16,N19,N44,1,0.0008163265306122449
N16,N20,N25,1,0.0008163265306122449
N16,N20,N27,1,0.0008163265306122449
N16,N20,N30,1,0.0008163265306122449
N16,N20,N34,1,0.0008163265306122449
N16,N20,N35,1,0.0008163265306122449
N16,N20,N40,1,0.0008163265306122449
N16,N21,N25,1,0.0008163265306122449
N16,N21,N30,1,0.0008163265306122449
N16,N21,N32,1,0.0008163265306122449
N16,N21,N33,1,0.0008163265306122449
N16,N21,N35,1,0.0008163265306122449
N16,N21,N37,1,0.0008163265306122449
N16,N21,N39,1,0.0008163265306122449
N16,N21,N41,1,0.0008163265306122449
N16,N21,N42,1,0.0008163265306122449
N16,N21,N44,1,0.0008163265306122449
N16,N22,N23,1,0.0008163265306122449
N16,N22,N28,1,0.0008163265306122449
N16,N22,N29,1,0.0008163265306122449
N16,N22,N30,1,0.0008163265306122449
N16,N22,N31,1,0.0008163265306122449
N16,N22,N34,1,0.0008163265306122449
N16,N22,N36,1,0.0008163265306122449
N16,N22,N39,1,0.0008163265306122449
N16,N22,N40,1,0.0008163265306122449
N16,N22,N42,1,0.0008163265306122449
N16,N22,N43,1,0.0008163265306122449
N16,N23,N28,1,0.0008163265306122449
N16,N23,N30,1,0.0008163265306122449
N16,N23,N37,1,0.0008163265306122449
N16,N23,N38,1,0.0008163265306122449
N16,N24,N26,1,0.0008163265306122449
N16,N24,N31,1,0.0008163265306122449
N16,N24,N37,1,0.0008163265306122449
N16,N24,N38,1,0.0008163265306122449
N16,N24,N43,1,0.0008163265306122449
N16,N24,N45,1,0.0008163265306122449
N16,N25,N27,1,0.0008163265306122449
N16,N25,N32,1,0.0008163265306122449
N16,N25,N34,1,0.0008163265306122449
N16,N25,N39,1,0.0008163265306122449
N16,N25,N41,1,0.0008163265306122449
N16,N25,N44,1,0.0008163265306122449
N16,N26,N28,1,0.0008163265306122449
N16,N26,N33,1,0.0008163265306122449
N16,N26,N34,1,0.0008163265306122449
N16,N27,N29,1,0.0008163265306122449
N16,N27,N31,1,0.0008163265306122449
N16,N27,N34,1,0.0008163265306122449
N16,N27,N40,1,0.0008163265306122449
N16,N27,N42,1,0.0008163265306122449
N16,N27,N43,1,0.0008163265306122449
N16,N28,N31,1,0.0008163265306122449
N16,N28,N33,1,0.0008163265306122449
N16,N28,N37,1,0.0008163265306122449
N16,N28,N38,1,0.0008163265306122449
N16,N29,N30,1,0.0008163265306122449
N16,N29,N31,1,0.0008163265306122449
N16,N29,N38,1,0.0008163265306122449
N16,N29,N45,1,0.0008163265306122449
N16,N30,N32,1,0.0008163265306122449
N16,N30,N36,1,0.0008163265306122449
N16,N30,N38,1,0.0008163265306122449
N16,N30,N40,1,0.0008163265306122449
N16,N30,N41,1,0.0008163265306122449
N16,N30,N45,1,0.0008163265306122449
N16,N31,N35,1,0.0008163265306122449
N16,N31,N40,1,0.0008163265306122449
N16,N32,N34,1,0.0008163265306122449
N16,N32,N38,1,0.0008163265306122449
N16,N32,N45,1,0.0008163265306122449
N16,N33,N35,1,0.0008163265306122449
N16,N33,N42,1,0.0008163265306122449
N16,N33,N44,1,0.0008163265306122449
N16,N34,N36,1,0.0008163265306122449
N16,N34,N39,1,0.0008163265306122449
N16,N34,N44,1,0.0008163265306122449
N16,N35,N38,1,0.0008163265306122449
N16,N35,N40,1,0.0008163265306122449
N16,N36,N45,1,0.0008163265306122449
N16,N37,N41,1,0.0008163265306122449
N16,N39,N42,1,0.0008163265306122449
N16,N39,N43,1,0.0008163265306122449
N16,N39,N44,1,0.0008163265306122449
N16,N40,N42,1,0.0008163265306122449
N16,N42,N43,1,0.0008163265306122449
N16,N43,N45,1,0.0008163265306122449
N16,N44,N45,1,0.0008163265306122449
N17,N18,N20,1,0.0008163265306122449
N17,N18,N22,1,0.0008163265306122449
N17,N18,N34,1,0.0008163265306122449
N17,N18,N35,1,0.0008163265306122449
N17,N18,N36,1,0.0008163265306122449
N17,N18,N40,1,0.0008163265306122449
N17,N18,N41,1,0.0008163265306122449
N17,N19,N25,1,0.0008163265306122449
N17,N19,N32,1,0.0008163265306122449
N17,N19,N35,1,0.0008163265306122449
N17,N19,N36,1,0.0008163265306122449
N17,N19,N44,1,0.0008163265306122449
N17,N20,N28,1,0.0008163265306122449
N17,N20,N29,1,0.0008163265306122449
N17,N20,N32,1,0.0008163265306122449
N17,N20,N34,1,0.0008163265306122449
N17,N20,N38,1,0.0008163265306122449
N17,N20,N42,1,0.0008163265306122449
N17,N21,N22,1,0.0008163265306122449
N17,N21,N30,1,0.0008163265306122449
N17,N21,N39,1,0.0008163265306122449
N17,N21,N40,1,0.0008163265306122449
N17,N22,N23,1,0.0008163265306122449
N17,N22,N27,1,0.0008163265306122449
N17,N22,N29,1,0.0008163265306122449
N17,N22,N31,1,0.0008163265306122449
N17,N22,N33,1,0.0008163265306122449
N17,N22,N34,1,0.0008163265306122449
N17,N22,N36,1,0.0008163265306122449
N17,N22,N39,1,0.0008163265306122449
N17,N22,N41,1,0.0008163265306122449
N17,N22,N45,1,0.0008163265306122449
N17,N23,N28,1,0.0008163265306122449
N17,N23,N29,1,0.0008163265306122449
N17,N23,N30,1,0.0008163265306122449
N17,N23,N32,1,0.0008163265306122449
N17,N23,N35,1,0.0008163265306122449
N17,N23,N37,1,0.0008163265306122449
N17,N23,N40,1,0.0008163265306122449
N17,N23,N42,1,0.0008163265306122449
N17,N24,N25,1,0.0008163265306122449
N17,N24,N27,1,0.0008163265306122449
N17,N24,N35,1,0.0008163265306122449
N17,N24,N36,1,0.0008163265306122449
N17,N24,N37,1,0.0008163265306122449
N17,N24,N39,1,0.0008163265306122449
N17,N25,N27,1,0.0008163265306122449
N17,N25,N28,1,0.0008163265306122449
N17,N25,N34,1,0.0008163265306122449
N17,N25,N40,1,0.0008163265306122449
N17,N25,N41,1,0.0008163265306122449
N17,N25,N42,1,0.0008163265306122449
N17,N25,N45,1,0.0008163265306122449
N17,N26,N28,1,0.0008163265306122449
N17,N26,N29,1,0.0008163265306122449
N17,N26,N38,1,0.0008163265306122449
N17,N26,N39,1,0.0008163265306122449
N17,N26,N41,1,0.0008163265306122449
N17,N26,N43,1,0.0008163265306122449
N17,N27,N32,1,0.0008163265306122449
N17,N27,N34,1,0.0008163265306122449
N17,N27,N37,1,0.0008163265306122449
N17,N27,N42,1,0.0008163265306122449
N17,N27,N44,1,0.0008163265306122449
N17,N28,N32,1,0.0008163265306122449
N17,N28,N33,1,0.0008163265306122449
N17,N28,N34,1,0.0008163265306122449
N17,N28,N42,1,0.0008163265306122449
N17,N29,N30,1,0.0008163265306122449
N17,N29,N38,1,0.0008163265306122449
N17,N29,N40,1,0.0008163265306122449
N17,N29,N45,1,0.0008163265306122449
N17,N30,N32,1,0.0008163265306122449
N17,N30,N36,1,0.0008163265306122449
N17,N30,N41,1,0.0008163265306122449
N17,N30,N42,1,0.0008163265306122449
N17,N30,N44,1,0.0008163265306122449
N17,N31,N36,1,0.0008163265306122449
N17,N31,N38,1,0.0008163265306122449
N17,N31,N39,1,0.0008163265306122449
N17,N31,N42,1,0.0008163265306122449
N17,N32,N35,1,0.0008163265306122449
N17,N32,N37,1,0.0008163265306122449
N17,N33,N41,1,0.0008163265306122449
N17,N34,N36,1,0.0008163265306122449
N17,N34,N38,1,0.0008163265306122449
N17,N35,N37,1,0.0008163265306122449
N17,N36,N37,1,0.0008163265306122449
N17,N36,N43,1,0.0008163265306122449
N17,N37,N38,1,0.0008163265306122449
N17,N37,N41,1,0.0008163265306122449
N17,N37,N42,1,0.0008163265306122449
N17,N37,N45,1,0.0008163265306122449
N17,N38,N39,1,0.0008163265306122449
N17,N38,N41,1,0.0008163265306122449
N17,N38,N43,1,0.0008163265306122449
N17,N39,N42,1,0.0008163265306122449
N17,N39,N44,1,0.0008163265306122449
N17,N41,N42,1,0.0008163265306122449
N17,N41,N44,1,0.0008163265306122449
N17,N41,N45,1,0.0008163265306122449
N17,N42,N43,1,0.0008163265306122449
N17,N43,N45,1,0.0008163265306122449
N17,N44,N45,1,0.0008163265306122449
N18,N19,N21,1,0.0008163265306122449
N18,N19,N22,1,0.0008163265306122449
N18,N19,N24,1,0.0008163265306122449
N18,N19,N28,1,0.0008163265306122449
N18,N19,N31,1,0.0008163265306122449
N18,N19,N34,1,0.0008163265306122449
N18,N19,N38,1,0.0008163265306122449
N18,N19,N40,1,0.0008163265306122449
N18,N19,N44,1,0.0008163265306122449
N18,N20,N21,1,0.0008163265306122449
N18,N20,N22,1,0.0008163265306122449
N18,N20,N28,1,0.0008163265306122449
N18,N20,N38,1,0.0008163265306122449
N18,N20,N39,1,0.0008163265306122449
N18,N20,N40,1,0.0008163265306122449
N18,N20,N44,1,0.0008163265306122449
N18,N21,N22,1,0.0008163265306122449
N18,N21,N25,1,0.0008163265306122449
N18,N21,N31,1,0.0008163265306122449
N18,N21,N40,1,0.0008163265306122449
N18,N21,N41,1,0.0008163265306122449
N18,N21,N42,1,0.0008163265306122449
N18,N21,N45,1,0.0008163265306122449
N18,N22,N24,1,0.0008163265306122449
N18,N22,N25,1,0.0008163265306122449
N18,N22,N26,1,0.0008163265306122449
N18,N22,N29,1,0.0008163265306122449
N18,N22,N30,1,0.0008163265306122449
N18,N22,N42,1,0.0008163265306122449
N18,N22,N43,1,0.0008163265306122449
N18,N22,N45,1,0.0008163265306122449
N18,N23,N29,1,0.0008163265306122449
N18,N23,N37,1,0.0008163265306122449
N18,N23,N38,1,0.0008163265306122449
N18,N23,N44,1,0.0008163265306122449
N18,N24,N25,1,0.0008163265306122449
N18,N24,N32,1,0.0008163265306122449
N18,N24,N36,1,0.0008163265306122449
N18,N24,N37,1,0.0008163265306122449
N18,N24,N38,1,0.0008163265306122449
N18,N24,N41,1,0.0008163265306122449
N18,N25,N27,1,0.0008163265306122449
N18,N25,N28,1,0.0008163265306122449
N18,N25,N30,1,0.0008163265306122449
N18,N25,N32,1,0.0008163265306122449
N18,N25,N44,1,0.0008163265306122449
N18,N25,N45,1,0.0008163265306122449
N18,N26,N29,1,0.0008163265306122449
N18,N26,N30,1,0.0008163265306122449
N18,N26,N32,1,0.0008163265306122449
N18,N26,N35,1,0.0008163265306122449
N18,N26,N41,1,0.0008163265306122449
N18,N26,N42,1,0.0008163265306122449
N18,N26,N43,1,0.0008163265306122449
N18,N26,N45,1,0.0008163265306122449
N18,N27,N28,1,0.0008163265306122449
N18,N27,N31,1,0.0008163265306122449
N18,N27,N33,1,0.0008163265306122449
N18,N27,N36,1,0.0008163265306122449
N18,N27,N39,1,0.0008163265306122449
N18,N27,N43,1,0.0008163265306122449
N18,N27,N44,1,0.0008163265306122449
N18,N28,N32,1,0.0008163265306122449
N18,N28,N38,1,0.0008163265306122449
N18,N28,N40,1,0.0008163265306122449
N18,N28,N43,1,0.0008163265306122449
N18,N29,N30,1,0.0008163265306122449
N18,N29,N31,1,0.0008163265306122449
N18,N29,N34,1,0.0008163265306122449
N18,N29,N36,1,0.0008163265306122449
N18,N29,N42,1,0.0008163265306122449
N18,N30,N35,1,0.0008163265306122449
N18,N30,N37,1,0.0008163265306122449
N18,N31,N36,1,0.0008163265306122449
N18,N31,N39,1,0.0008163265306122449
N18,N31,N41,1,0.0008163265306122449
N18,N32,N35,1,0.0008163265306122449
N18,N32,N36,1,0.0008163265306122449
N18,N32,N41,1,0.0008163265306122449
N18,N33,N36,1,0.0008163265306122449
N18,N33,N38,1,0.0008163265306122449
N18,N33,N39,1,0.0008163265306122449
N18,N33,N40,1,0.0008163265306122449
N18,N33,N42,1,0.0008163265306122449
N18,N34,N35,1,0.0008163265306122449
N18,N34,N39,1,0.0008163265306122449
N18,N35,N38,1,0.0008163265306122449
N18,N35,N40,1,0.0008163265306122449
N18,N35,N44,1,0.0008163265306122449
N18,N36,N40,1,0.0008163265306122449
N18,N36,N41,1,0.0008163265306122449
N18,N36,N42,1,0.0008163265306122449
N18,N36,N44,1,0.0008163265306122449
N18,N36,N45,1,0.0008163265306122449
N18,N37,N41,1,0.0008163265306122449
N18,N37,N44,1,0.0008163265306122449
N18,N38,N39,1,0.0008163265306122449
N18,N38,N41,1,0.0008163265306122449
N18,N39,N42,1,0.0008163265306122449
N18,N40,N42,1,0.0008163265306122449
N18,N40,N43,1,0.0008163265306122449
N18,N40,N44,1,0.0008163265306122449
N18,N41,N45,1,0.0008163265306122449
N19,N20,N23,1,0.0008163265306122449
N19,N20,N25,1,0.0008163265306122449
N19,N20,N26,1,0.0008163265306122449
N19,N20,N28,1,0.0008163265306122449
N19,N20,N29,1,0.0008163265306122449
N19,N20,N42,1,0.0008163265306122449
N19,N21,N22,1,0.0008163265306122449
N19,N21,N26,1,0.0008163265306122449
N19,N21,N28,1,0.0008163265306122449
N19,N21,N30,1,0.0008163265306122449
N19,N21,N37,1,0.0008163265306122449
N19,N21,N39,1,0.0008163265306122449
N19,N21,N42,1,0.0008163265306122449
N19,N22,N23,1,0.0008163265306122449
N19,N22,N24,1,0.0008163265306122449
N19,N22,N27,1,0.0008163265306122449
N19,N22,N29,1,0.0008163265306122449
N19,N22,N30,1,0.0008163265306122449
N19,N22,N31,1,0.0008163265306122449
N19,N22,N32,1,0.0008163265306122449
N19,N22,N35,1,0.0008163265306122449
N19,N22,N39,1,0.0008163265306122449
N19,N22,N44,1,0.0008163265306122449
N19,N23,N26,1,0.0008163265306122449
N19,N23,N27,1,0.0008163265306122449
N19,N23,N29,1,0.0008163265306122449
N19,N23,N30,1,0.0008163265306122449
N19,N23,N31,1,0.0008163265306122449
N19,N23,N34,1,0.0008163265306122449
N19,N23,N35,1,0.0008163265306122449
N19,N23,N36,1,0.0008163265306122449
N19,N23,N38,1,0.0008163265306122449
N19,N23,N39,1,0.0008163265306122449
N19,N23,N41,1,0.0008163265306122449
N19,N23,N44,1,0.0008163265306122449
N19,N24,N26,1,0.0008163265306122449
N19,N24,N28,1,0.0008163265306122449
N19,N24,N31,1,0.0008163265306122449
N19,N24,N32,1,0.0008163265306122449
N19,N24,N33,1,0.0008163265306122449
N19,N24,N35,1,0.0008163265306122449
N19,N24,N37,1,0.0008163265306122449
N19,N24,N43,1,0.0008163265306122449
N19,N25,N29,1,0.0008163265306122449
N19,N25,N31,1,0.0008163265306122449
N19,N25,N33,1,0.0008163265306122449
N19,N25,N39,1,0.0008163265306122449
N19,N25,N44,1,0.0008163265306122449
N19,N26,N34,1,0.0008163265306122449
N19,N26,N36,1,0.0008163265306122449
N19,N26,N37,1,0.0008163265306122449
N19,N26,N38,1,0.0008163265306122449
N19,N26,N42,1,0.0008163265306122449
N19,N27,N29,1,0.0008163265306122449
N19,N27,N33,1,0.0008163265306122449
N19,N27,N37,1,0.0008163265306122449
N19,N27,N38,1,0.0008163265306122449
N19,N27,N40,1,0.0008163265306122449
N19,N27,N43,1,0.0008163265306122449
N19,N27,N44,1,0.0008163265306122449
N19,N28,N30,1,0.0008163265306122449
N19,N28,N44,1,0.0008163265306122449
N19,N29,N31,1,0.0008163265306122449
N19,N29,N33,1,0.0008163265306122449
N19,N29,N34,1,0.0008163265306122449
N19,N29,N37,1,0.0008163265306122449
N19,N29,N38,1,0.0008163265306122449
N19,N29,N39,1,0.0008163265306122449
N19,N29,N40,1,0.0008163265306122449
N19,N29,N43,1,0.0008163265306122449
N19,N29,N45,1,0.0008163265306122449
N19,N30,N31,1,0.0008163265306122449
N19,N30,N36,1,0.0008163265306122449
N19,N30,N37,1,0.0008163265306122449
N19,N30,N40,1,0.0008163265306122449
N19,N30,N41,1,0.0008163265306122449
N19,N30,N44,1,0.0008163265306122449
N19,N31,N33,1,0.0008163265306122449
N19,N31,N40,1,0.0008163265306122449
N19,N31,N41,1,0.0008163265306122449
N19,N31,N42,1,0.0008163265306122449
N19,N31,N45,1,0.0008163265306122449
N19,N32,N34,1,0.0008163265306122449
N19,N32,N35,1,0.0008163265306122449
N19,N32,N37,1,0.0008163265306122449
N19,N32,N40,1,0.0008163265306122449
N19,N32,N43,1,0.0008163265306122449
N19,N33,N34,1,0.0008163265306122449
N19,N33,N36,1,0.0008163265306122449
N19,N33,N38,1,0.0008163265306122449
N19,N33,N41,1,0.0008163265306122449
N19,N33,N43,1,0.0008163265306122449
N19,N33,N44,1,0.0008163265306122449
N19,N33,N45,1,0.0008163265306122449
N19,N34,N36,1,0.0008163265306122449
N19,N34,N37,1,0.0008163265306122449
N19,N34,N38,1,0.0008163265306122449
N19,N34,N40,1,0.0008163265306122449
N19,N35,N37,1,0.0008163265306122449
N19,N35,N41,1,0.0008163265306122449
N19,N35,N43,1,0.0008163265306122449
N19,N35,N45,1,0.0008163265306122449
N19,N36,N38,1,0.0008163265306122449
N19,N36,N42,1,0.0008163265306122449
N19,N36,N43,1,0.0008163265306122449
N19,N36,N44,1,0.0008163265306122449
N19,N37,N42,1,0.0008163265306122449
N19,N37,N44,1,0.0008163265306122449
N19,N38,N40,1,0.0008163265306122449
N19,N38,N44,1,0.0008163265306122449
N19,N39,N40,1,0.0008163265306122449
N19,N39,N41,1,0.0008163265306122449
N19,N40,N41,1,0.0008163265306122449
N19,N40,N42,1,0.0008163265306122449
N19,N40,N44,1,0.0008163265306122449
N19,N41,N44,1,0.0008163265306122449
N19,N42,N43,1,0.0008163265306122449
N20,N21,N24,1,0.0008163265306122449
N20,N21,N26,1,0.0008163265306122449
N20,N21,N28,1,0.0008163265306122449
N20,N21,N40,1,0.0008163265306122449
N20,N21,N41,1,0.0008163265306122449
N20,N21,N45,1,0.0008163265306122449
N20,N22,N24,1,0.0008163265306122449
N20,N22,N26,1,0.0008163265306122449
N20,N22,N27,1,0.0008163265306122449
N20,N22,N30,1,0.0008163265306122449
N20,N22,N34,1,0.0008163265306122449
N20,N22,N42,1,0.0008163265306122449
N20,N22,N44,1,0.0008163265306122449
N20,N23,N27,1,0.0008163265306122449
N20,N23,N34,1,0.0008163265306122449
N20,N23,N37,1,0.0008163265306122449
N20,N23,N45,1,0.0008163265306122449
N20,N24,N25,1,0.0008163265306122449
N20,N24,N38,1,0.0008163265306122449
N20,N24,N39,1,0.0008163265306122449
N20,N24,N43,1,0.0008163265306122449
N20,N25,N26,1,0.0008163265306122449
N20,N25,N32,1,0.0008163265306122449
N20,N25,N34,1,0.0008163265306122449
N20,N25,N37,1,0.0008163265306122449
N20,N25,N38,1,0.0008163265306122449
N20,N25,N39,1,0.0008163265306122449
N20,N25,N40,1,0.0008163265306122449
N20,N26,N29,1,0.0008163265306122449
N20,N26,N31,1,0.0008163265306122449
N20,N26,N32,1,0.0008163265306122449
N20,N26,N38,1,0.0008163265306122449
N20,N26,N39,1,0.0008163265306122449
N20,N26,N41,1,0.0008163265306122449
N20,N26,N45,1,0.0008163265306122449
N20,N27,N31,1,0.0008163265306122449
N20,N27,N32,1,0.0008163265306122449
N20,N27,N36,1,0.0008163265306122449
N20,N27,N38,1,0.0008163265306122449
N20,N27,N41,1,0.0008163265306122449
N20,N27,N42,1,0.0008163265306122449
N20,N28,N32,1,0.0008163265306122449
N20,N28,N34,1,0.0008163265306122449
N20,N28,N35,1,0.0008163265306122449
N20,N28,N38,1,0.0008163265306122449
N20,N28,N39,1,0.0008163265306122449
N20,N28,N41,1,0.0008163265306122449
N20,N29,N35,1,0.0008163265306122449
N20,N29,N36,1,0.0008163265306122449
N20,N29,N39,1,0.0008163265306122449
N20,N29,N41,1,0.0008163265306122449
N20,N29,N43,1,0.0008163265306122449
N20,N29,N44,1,0.0008163265306122449
N20,N29,N45,1,0.0008163265306122449
N20,N30,N39,1,0.0008163265306122449
N20,N31,N36,1,0.0008163265306122449
N20,N31,N38,1,0.0008163265306122449
N20,N31,N43,1,0.0008163265306122449
N20,N31,N44,1,0.0008163265306122449
N20,N32,N34,1,0.0008163265306122449
N20,N32,N35,1,0.0008163265306122449
N20,N32,N37,1,0.0008163265306122449
N20,N32,N42,1,0.0008163265306122449
N20,N33,N38,1,0.0008163265306122449
N20,N34,N37,1,0.0008163265306122449
N20,N34,N40,1,0.0008163265306122449
N20,N34,N41,1,0.0008163265306122449
N20,N34,N43,1,0.0008163265306122449
N20,N34,N44,1,0.0008163265306122449
N20,N35,N41,1,0.0008163265306122449
N20,N35,N42,1,0.0008163265306122449
N20,N35,N45,1,0.0008163265306122449
N20,N36,N37,1,0.0008163265306122449
N20,N36,N40,1,0.0008163265306122449
N20,N37,N38,1,0.0008163265306122449
N20,N37,N42,1,0.0008163265306122449
N20,N37,N45,1,0.0008163265306122449
N20,N38,N41,1,0.0008163265306122449
N20,N38,N42,1,0.0008163265306122449
N20,N38,N45,1,0.0008163265306122449
N20,N39,N44,1,0.0008163265306122449
N20,N39,N45,1,0.0008163265306122449
N20,N40,N41,1,0.0008163265306122449
N20,N40,N42,1,0.0008163265306122449
N20,N40,N44,1,0.0008163265306122449
N20,N41,N42,1,0.0008163265306122449
N20,N41,N43,1,0.0008163265306122449
N20,N41,N44,1,0.0008163265306122449
N20,N42,N43,1,0.0008163265306122449
N20,N42,N45,1,0.0008163265306122449
N20,N43,N44,1,0.0008163265306122449
N21,N22,N23,1,0.0008163265306122449
N21,N22,N24,1,0.0008163265306122449
N21,N22,N27,1,0.0008163265306122449
N21,N22,N29,1,0.0008163265306122449
N21,N22,N32,1,0.0008163265306122449
N21,N22,N33,1,0.0008163265306122449
N21,N22,N39,1,0.0008163265306122449
N21,N23,N24,1,0.0008163265306122449
N21,N23,N25,1,0.0008163265306122449
N21,N23,N26,1,0.0008163265306122449
N21,N23,N27,1,0.0008163265306122449
N21,N23,N31,1,0.0008163265306122449
N21,N23,N33,1,0.0008163265306122449
N21,N23,N40,1,0.0008163265306122449
N21,N23,N43,1,0.0008163265306122449
N21,N24,N31,1,0.0008163265306122449
N21,N24,N34,1,0.0008163265306122449
N21,N24,N35,1,0.0008163265306122449
N21,N24,N39,1,0.0008163265306122449
N21,N24,N40,1,0.0008163265306122449
N21,N24,N42,1,0.0008163265306122449
N21,N24,N45,1,0.0008163265306122449
N21,N25,N31,1,0.0008163265306122449
N21,N25,N35,1,0.0008163265306122449
N21,N26,N29,1,0.0008163265306122449
N21,N26,N33,1,0.0008163265306122449
N21,N26,N38,1,0.0008163265306122449
N21,N26,N39,1,0.0008163265306122449
N21,N26,N40,1,0.0008163265306122449
N21,N26,N44,1,0.0008163265306122449
N21,N26,N45,1,0.0008163265306122449
N21,N27,N28,1,0.0008163265306122449
N21,N27,N35,1,0.0008163265306122449
N21,N27,N40,1,0.0008163265306122449
N21,N27,N41,1,0.0008163265306122449
N21,N27,N42,1,0.0008163265306122449
N21,N28,N29,1,0.0008163265306122449
N21,N28,N34,1,0.0008163265306122449
N21,N28,N37,1,0.0008163265306122449
N21,N28,N38,1,0.0008163265306122449
N21,N28,N39,1,0.0008163265306122449
N21,N28,N40,1,0.0008163265306122449
N21,N28,N43,1,0.0008163265306122449
N21,N29,N31,1,0.0008163265306122449
N21,N29,N35,1,0.0008163265306122449
N21,N29,N38,1,0.0008163265306122449
N21,N29,N39,1,0.0008163265306122449
N21,N29,N42,1,0.0008163265306122449
N21,N29,N45,1,0.0008163265306122449
N21,N30,N36,1,0.0008163265306122449
N21,N30,N40,1,0.0008163265306122449
N21,N30,N43,1,0.0008163265306122449
N21,N31,N33,1,0.0008163265306122449
N21,N31,N35,1,0.0008163265306122449
N21,N31,N39,1,0.0008163265306122449
N21,N31,N41,1,0.0008163265306122449
N21,N31,N44,1,0.0008163265306122449
N21,N31,N45,1,0.0008163265306122449
N21,N32,N33,1,0.0008163265306122449
N21,N32,N39,1,0.0008163265306122449
N21,N32,N41,1,0.0008163265306122449
N21,N32,N43,1,0.0008163265306122449
N21,N33,N44,1,0.0008163265306122449
N21,N34,N38,1,0.0008163265306122449
N21,N34,N45,1,0.0008163265306122449
N21,N35,N39,1,0.0008163265306122449
N21,N35,N41,1,0.0008163265306122449
N21,N35,N45,1,0.0008163265306122449
N21,N36,N38,1,0.0008163265306122449
N21,N37,N41,1,0.0008163265306122449
N21,N37,N42,1,0.0008163265306122449
N21,N37,N43,1,0.0008163265306122449
N21,N37,N44,1,0.0008163265306122449
N21,N37,N45,1,0.0008163265306122449
N21,N38,N40,1,0.0008163265306122449
N21,N38,N41,1,0.0008163265306122449
N21,N39,N40,1,0.0008163265306122449
N21,N39,N41,1,0.0008163265306122449
N21,N40,N41,1,0.0008163265306122449
N21,N41,N44,1,0.0008163265306122449
N21,N42,N44,1,0.0008163265306122449
N21,N42,N45,1,0.0008163265306122449
N22,N23,N24,1,0.0008163265306122449
N22,N23,N30,1,0.0008163265306122449
N22,N23,N32,1,0.0008163265306122449
N22,N23,N35,1,0.0008163265306122449
N22,N23,N36,1,0.0008163265306122449
N22,N23,N42,1,0.0008163265306122449
N22,N24,N28,1,0.0008163265306122449
N22,N24,N30,1,0.0008163265306122449
N22,N24,N32,1,0.0008163265306122449
N22,N24,N35,1,0.0008163265306122449
N22,N24,N42,1,0.0008163265306122449
N22,N24,N44,1,0.0008163265306122449
N22,N24,N45,1,0.0008163265306122449
N22,N25,N30,1,0.0008163265306122449
N22,N25,N33,1,0.0008163265306122449
N22,N25,N36,1,0.0008163265306122449
N22,N25,N41,1,0.0008163265306122449
N22,N25,N42,1,0.0008163265306122449
N22,N25,N44,1,0.0008163265306122449
N22,N26,N29,1,0.0008163265306122449
N22,N26,N30,1,0.0008163265306122449
N22,N26,N32,1,0.0008163265306122449
N22,N26,N33,1,0.0008163265306122449
N22,N26,N35,1,0.0008163265306122449
N22,N26,N39,1,0.0008163265306122449
N22,N26,N42,1,0.0008163265306122449
N22,N26,N43,1,0.0008163265306122449
N22,N26,N45,1,0.0008163265306122449
N22,N27,N28,1,0.0008163265306122449
N22,N27,N34,1,0.0008163265306122449
N22,N27,N35,1,0.0008163265306122449
N22,N27,N39,1,0.0008163265306122449
N22,N27,N44,1,0.0008163265306122449
N22,N27,N45,1,0.0008163265306122449
N22,N28,N31,1,0.0008163265306122449
N22,N28,N33,1,0.0008163265306122449
N22,N28,N35,1,0.0008163265306122449
N22,N28,N36,1,0.0008163265306122449
N22,N28,N37,1,0.0008163265306122449
N22,N28,N38,1,0.0008163265306122449
N22,N28,N41,1,0.0008163265306122449
N22,N28,N42,1,0.0008163265306122449
N22,N28,N44,1,0.0008163265306122449
N22,N28,N45,1,0.0008163265306122449
N22,N29,N30,1,0.0008163265306122449
N22,N29,N33,1,0.0008163265306122449
N22,N29,N35,1,0.0008163265306122449
N22,N29,N36,1,0.0008163265306122449
N22,N29,N37,1,0.0008163265306122449
N22,N29,N38,1,0.0008163265306122449
N22,N29,N39,1,0.0008163265306122449
N22,N29,N40,1,0.0008163265306122449
N22,N30,N36,1,0.0008163265306122449
N22,N30,N38,1,0.0008163265306122449
N22,N30,N40,1,0.0008163265306122449
N22,N30,N41,1,0.0008163265306122449
N22,N30,N42,1,0.0008163265306122449
N22,N30,N45,1,0.0008163265306122449
N22,N31,N36,1,0.0008163265306122449
N22,N31,N41,1,0.0008163265306122449
N22,N31,N44,1,0.0008163265306122449
N22,N32,N39,1,0.0008163265306122449
N22,N32,N40,1,0.0008163265306122449
N22,N32,N41,1,0.0008163265306122449
N22,N32,N44,1,0.0008163265306122449
N22,N33,N35,1,0.0008163265306122449
N22,N33,N40,1,0.0008163265306122449
N22,N33,N45,1,0.0008163265306122449
N22,N34,N38,1,0.0008163265306122449
N22,N34,N41,1,0.0008163265306122449
N22,N34,N42,1,0.0008163265306122449
N22,N34,N43,1,0.0008163265306122449
N22,N35,N38,1,0.0008163265306122449
N22,N35,N41,1,0.0008163265306122449
N22,N35,N42,1,0.0008163265306122449
N22,N35,N43,1,0.0008163265306122449
N22,N36,N40,1,0.0008163265306122449
N22,N36,N41,1,0.0008163265306122449
N22,N36,N42,1,0.0008163265306122449
N22,N36,N45,1,0.0008163265306122449
N22,N37,N39,1,0.0008163265306122449
N22,N37,N41,1,0.0008163265306122449
N22,N37,N44,1,0.0008163265306122449
N22,N37,N45,1,0.0008163265306122449
N22,N38,N42,1,0.0008163265306122449
N22,N38,N43,1,0.0008163265306122449
N22,N39,N41,1,0.0008163265306122449
N22,N39,N45,1,0.0008163265306122449
N22,N40,N42,1,0.0008163265306122449
N22,N40,N43,1,0.0008163265306122449
N22,N40,N45,1,0.0008163265306122449
N22,N41,N43,1,0.0008163265306122449
N22,N42,N45,1,0.0008163265306122449
N22,N43,N44,1,0.0008163265306122449
N22,N43,N45,1,0.0008163265306122449
N22,N44,N45,1,0.0008163265306122449
N23,N24,N27,1,0.0008163265306122449
N23,N24,N28,1,0.0008163265306122449
N23,N24,N29,1,0.0008163265306122449
N23,N24,N31,1,0.0008163265306122449
N23,N24,N32,1,0.0008163265306122449
N23,N24,N37,1,0.0008163265306122449
N23,N25,N28,1,0.0008163265306122449
N23,N25,N30,1,0.0008163265306122449
N23,N25,N31,1,0.0008163265306122449
N23,N25,N33,1,0.0008163265306122449
N23,N25,N36,1,0.0008163265306122449
N23,N25,N43,1,0.0008163265306122449
N23,N25,N44,1,0.0008163265306122449
N23,N26,N28,1,0.0008163265306122449
N23,N26,N30,1,0.0008163265306122449
N23,N26,N33,1,0.0008163265306122449
N23,N26,N36,1,0.0008163265306122449
N23,N26,N38,1,0.0008163265306122449
N23,N26,N42,1,0.0008163265306122449
N23,N27,N28,1,0.0008163265306122449
N23,N27,N31,1,0.0008163265306122449
N23,N27,N34,1,0.0008163265306122449
N23,N27,N41,1,0.0008163265306122449
N23,N28,N29,1,0.0008163265306122449
N23,N28,N33,1,0.0008163265306122449
N23,N28,N39,1,0.0008163265306122449
N23,N28,N40,1,0.0008163265306122449
N23,N28,N43,1,0.0008163265306122449
N23,N29,N30,1,0.0008163265306122449
N23,N29,N35,1,0.0008163265306122449
N23,N29,N36,1,0.0008163265306122449
N23,N29,N37,1,0.0008163265306122449
N23,N29,N38,1,0.0008163265306122449
N23,N30,N35,1,0.0008163265306122449
N23,N30,N36,1,0.0008163265306122449
N23,N30,N37,1,0.0008163265306122449
N23,N30,N38,1,0.0008163265306122449
N23,N30,N40,1,0.0008163265306122449
N23,N30,N41,1,0.0008163265306122449
N23,N30,N45,1,0.0008163265306122449
N23,N31,N41,1,0.0008163265306122449
N23,N31,N43,1,0.0008163265306122449
N23,N32,N36,1,0.0008163265306122449
N23,N32,N38,1,0.0008163265306122449
N23,N32,N39,1,0.0008163265306122449
N23,N32,N43,1,0.0008163265306122449
N23,N32,N44,1,0.0008163265306122449
N23,N33,N34,1,0.0008163265306122449
N23,N33,N35,1,0.0008163265306122449
N23,N33,N36,1,0.0008163265306122449
N23,N33,N41,1,0.0008163265306122449
N23,N33,N42,1,0.0008163265306122449
N23,N33,N43,1,0.0008163265306122449
N23,N34,N36,1,0.0008163265306122449
N23,N34,N38,1,0.0008163265306122449
N23,N34,N39,1,0.0008163265306122449
N23,N35,N36,1,0.0008163265306122449
N23,N35,N39,1,0.0008163265306122449
N23,N36,N41,1,0.0008163265306122449
N23,N36,N43,1,0.0008163265306122449
N23,N36,N44,1,0.0008163265306122449
N23,N36,N45,1,0.0008163265306122449
N23,N37,N39,1,0.0008163265306122449
N23,N37,N43,1,0.0008163265306122449
N23,N38,N45,1,0.0008163265306122449
N23,N39,N43,1,0.0008163265306122449
N23,N39,N45,1,0.0008163265306122449
N23,N40,N41,1,0.0008163265306122449
N23,N40,N44,1,0.0008163265306122449
N23,N41,N43,1,0.0008163265306122449
N23,N41,N44,1,0.0008163265306122449
N23,N42,N43,1,0.0008163265306122449
N23,N42,N44,1,0.0008163265306122449
N23,N44,N45,1,0.0008163265306122449
N24,N25,N26,1,0.0008163265306122449
N24,N25,N27,1,0.0008163265306122449
N24,N25,N29,1,0.0008163265306122449
N24,N25,N36,1,0.0008163265306122449
N24,N25,N37,1,0.0008163265306122449
N24,N25,N38,1,0.0008163265306122449
N24,N25,N39,1,0.0008163265306122449
N24,N25,N40,1,0.0008163265306122449
N24,N25,N43,1,0.0008163265306122449
N24,N25,N44,1,0.0008163265306122449
N24,N26,N27,1,0.0008163265306122449
N24,N26,N30,1,0.0008163265306122449
N24,N26,N35,1,0.0008163265306122449
N24,N26,N36,1,0.0008163265306122449
N24,N26,N41,1,0.0008163265306122449
N24,N26,N45,1,0.0008163265306122449
N24,N27,N38,1,0.0008163265306122449
N24,N27,N41,1,0.0008163265306122449
N24,N28,N32,1,0.0008163265306122449
N24,N28,N37,1,0.0008163265306122449
N24,N28,N38,1,0.0008163265306122449
N24,N29,N30,1,0.0008163265306122449
N24,N29,N33,1,0.0008163265306122449
N24,N29,N35,1,0.0008163265306122449
N24,N29,N37,1,0.0008163265306122449
N24,N29,N40,1,0.0008163265306122449
N24,N29,N41,1,0.0008163265306122449
N24,N29,N43,1,0.0008163265306122449
N24,N29,N45,1,0.0008163265306122449
N24,N30,N35,1,0.0008163265306122449
N24,N30,N36,1,0.0008163265306122449
N24,N30,N38,1,0.0008163265306122449
N24,N30,N41,1,0.0008163265306122449
N24,N31,N33,1,0.0008163265306122449
N24,N31,N36,1,0.0008163265306122449
N24,N31,N37,1,0.0008163265306122449
N24,N31,N38,1,0.0008163265306122449
N24,N31,N39,1,0.0008163265306122449
N24,N31,N40,1,0.0008163265306122449
N24,N31,N42,1,0.0008163265306122449
N24,N32,N35,1,0.0008163265306122449
N24,N32,N41,1,0.0008163265306122449
N24,N32,N42,1,0.0008163265306122449
N24,N33,N39,1,0.0008163265306122449
N24,N33,N41,1,0.0008163265306122449
N24,N34,N40,1,0.0008163265306122449
N24,N34,N45,1,0.0008163265306122449
N24,N35,N38,1,0.0008163265306122449
N24,N35,N43,1,0.0008163265306122449
N24,N35,N44,1,0.0008163265306122449
N24,N36,N37,1,0.0008163265306122449
N24,N36,N40,1,0.0008163265306122449
N24,N36,N45,1,0.0008163265306122449
N24,N37,N41,1,0.0008163265306122449
N24,N37,N44,1,0.0008163265306122449
N24,N38,N42,1,0.0008163265306122449
N24,N39,N40,1,0.0008163265306122449
N24,N40,N43,1,0.0008163265306122449
N24,N41,N42,1,0.0008163265306122449
N24,N41,N45,1,0.0008163265306122449
N24,N43,N45,1,0.0008163265306122449
N25,N26,N29,1,0.0008163265306122449
N25,N26,N31,1,0.0008163265306122449
N25,N26,N34,1,0.0008163265306122449
N25,N26,N37,1,0.0008163265306122449
N25,N26,N38,1,0.0008163265306122449
N25,N26,N40,1,0.0008163265306122449
N25,N26,N44,1,0.0008163265306122449
N25,N26,N45,1,0.0008163265306122449
N25,N27,N28,1,0.0008163265306122449
N25,N27,N31,1,0.0008163265306122449
N25,N27,N39,1,0.0008163265306122449
N25,N27,N42,1,0.0008163265306122449
N25,N27,N43,1,0.0008163265306122449
N25,N27,N44,1,0.0008163265306122449
N25,N27,N45,1,0.0008163265306122449
N25,N28,N31,1,0.0008163265306122449
N25,N28,N33,1,0.0008163265306122449
N25,N28,N34,1,0.0008163265306122449
N25,N28,N39,1,0.0008163265306122449
N25,N28,N42,1,0.0008163265306122449
N25,N28,N44,1,0.0008163265306122449
N25,N28,N45,1,0.0008163265306122449
N25,N29,N30,1,0.0008163265306122449
N25,N29,N31,1,0.0008163265306122449
N25,N29,N37,1,0.0008163265306122449
N25,N29,N38,1,0.0008163265306122449
N25,N29,N40,1,0.0008163265306122449
N25,N29,N43,1,0.0008163265306122449
N25,N30,N36,1,0.0008163265306122449
N25,N30,N41,1,0.0008163265306122449
N25,N30,N43,1,0.0008163265306122449
N25,N30,N44,1,0.0008163265306122449
N25,N30,N45,1,0.0008163265306122449
N25,N31,N33,1,0.0008163265306122449
N25,N31,N38,1,0.0008163265306122449
N25,N31,N39,1,0.0008163265306122449
N25,N31,N41,1,0.0008163265306122449
N25,N32,N33,1,0.0008163265306122449
N25,N32,N38,1,0.0008163265306122449
N25,N32,N43,1,0.0008163265306122449
N25,N33,N41,1,0.0008163265306122449
N25,N34,N41,1,0.0008163265306122449
N25,N34,N43,1,0.0008163265306122449
N25,N35,N38,1,0.0008163265306122449
N25,N35,N39,1,0.0008163265306122449
N25,N35,N40,1,0.0008163265306122449
N25,N35,N41,1,0.0008163265306122449
N25,N35,N42,1,0.0008163265306122449
N25,N35,N45,1,0.0008163265306122449
N25,N36,N42,1,0.0008163265306122449
N25,N36,N45,1,0.0008163265306122449
N25,N37,N41,1,0.0008163265306122449
N25,N37,N44,1,0.0008163265306122449
N25,N37,N45,1,0.0008163265306122449
N25,N38,N44,1,0.0008163265306122449
N25,N39,N42,1,0.0008163265306122449
N25,N39,N43,1,0.0008163265306122449
N25,N39,N45,1,0.0008163265306122449
N25,N40,N42,1,0.0008163265306122449
N25,N40,N43,1,0.0008163265306122449
N25,N40,N45,1,0.0008163265306122449
N25,N41,N42,1,0.0008163265306122449
N25,N42,N45,1,0.0008163265306122449
N25,N43,N44,1,0.0008163265306122449
N25,N44,N45,1,0.0008163265306122449
N26,N27,N29,1,0.0008163265306122449
N26,N27,N30,1,0.0008163265306122449
N26,N27,N31,1,0.0008163265306122449
N26,N27,N33,1,0.0008163265306122449
N26,N27,N41,1,0.0008163265306122449
N26,N27,N45,1,0.0008163265306122449
N26,N28,N31,1,0.0008163265306122449
N26,N28,N32,1,0.0008163265306122449
N26,N28,N35,1,0.0008163265306122449
N26,N28,N37,1,0.0008163265306122449
N26,N28,N45,1,0.0008163265306122449
N26,N29,N36,1,0.0008163265306122449
N26,N29,N39,1,0.0008163265306122449
N26,N29,N41,1,0.0008163265306122449
N26,N29,N45,1,0.0008163265306122449
N26,N30,N31,1,0.0008163265306122449
N26,N30,N32,1,0.0008163265306122449
N26,N30,N40,1,0.0008163265306122449
N26,N31,N32,1,0.0008163265306122449
N26,N31,N42,1,0.0008163265306122449
N26,N32,N35,1,0.0008163265306122449
N26,N32,N39,1,0.0008163265306122449
N26,N32,N40,1,0.0008163265306122449
N26,N33,N37,1,0.0008163265306122449
N26,N33,N42,1,0.0008163265306122449
N26,N33,N44,1,0.0008163265306122449
N26,N34,N36,1,0.0008163265306122449
N26,N34,N40,1,0.0008163265306122449
N26,N36,N40,1,0.0008163265306122449
N26,N36,N44,1,0.0008163265306122449
N26,N37,N39,1,0.0008163265306122449
N26,N37,N41,1,0.0008163265306122449
N26,N37,N44,1,0.0008163265306122449
N26,N37,N45,1,0.0008163265306122449
N26,N38,N43,1,0.0008163265306122449
N26,N39,N40,1,0.0008163265306122449
N26,N39,N45,1,0.0008163265306122449
N26,N41,N45,1,0.0008163265306122449
N26,N42,N44,1,0.0008163265306122449
N26,N44,N45,1,0.0008163265306122449
N27,N28,N29,1,0.0008163265306122449
N27,N28,N35,1,0.0008163265306122449
N27,N28,N41,1,0.0008163265306122449
N27,N28,N44,1,0.0008163265306122449
N27,N29,N30,1,0.0008163265306122449
N27,N29,N31,1,0.0008163265306122449
N27,N29,N35,1,0.0008163265306122449
N27,N30,N32,1,0.0008163265306122449
N27,N30,N35,1,0.0008163265306122449
N27,N30,N37,1,0.0008163265306122449
N27,N30,N41,1,0.0008163265306122449
N27,N30,N43,1,0.0008163265306122449
N27,N30,N44,1,0.0008163265306122449
N27,N31,N36,1,0.0008163265306122449
N27,N31,N39,1,0.0008163265306122449
N27,N31,N41,1,0.0008163265306122449
N27,N31,N44,1,0.0008163265306122449
N27,N31,N45,1,0.0008163265306122449
N27,N32,N34,1,0.0008163265306122449
N27,N32,N40,1,0.0008163265306122449
N27,N32,N45,1,0.0008163265306122449
N27,N33,N34,1,0.0008163265306122449
N27,N33,N38,1,0.0008163265306122449
N27,N33,N40,1,0.0008163265306122449
N27,N33,N43,1,0.0008163265306122449
N27,N33,N45,1,0.0008163265306122449
N27,N34,N38,1,0.0008163265306122449
N27,N34,N39,1,0.0008163265306122449
N27,N35,N41,1,0.0008163265306122449
N27,N35,N42,1,0.0008163265306122449
N27,N35,N44,1,0.0008163265306122449
N27,N36,N40,1,0.0008163265306122449
N27,N36,N42,1,0.0008163265306122449
N27,N36,N44,1,0.0008163265306122449
N27,N37,N42,1,0.0008163265306122449
N27,N37,N44,1,0.0008163265306122449
N27,N39,N44,1,0.0008163265306122449
N27,N40,N43,1,0.0008163265306122449
N27,N41,N42,1,0.0008163265306122449
N28,N29,N32,1,0.0008163265306122449
N28,N29,N33,1,0.0008163265306122449
N28,N29,N36,1,0.0008163265306122449
N28,N30,N31,1,0.0008163265306122449
N28,N30,N32,1,0.0008163265306122449
N28,N30,N37,1,0.0008163265306122449
N28,N30,N39,1,0.0008163265306122449
N28,N31,N38,1,0.0008163265306122449
N28,N31,N39,1,0.0008163265306122449
N28,N31,N42,1,0.0008163265306122449
N28,N32,N36,1,0.0008163265306122449
N28,N32,N37,1,0.0008163265306122449
N28,N32,N38,1,0.0008163265306122449
N28,N32,N42,1,0.0008163265306122449
N28,N33,N35,1,0.0008163265306122449
N28,N33,N37,1,0.0008163265306122449
N28,N33,N38,1,0.0008163265306122449
N28,N33,N39,1,0.0008163265306122449
N28,N33,N41,1,0.0008163265306122449
N28,N33,N42,1,0.0008163265306122449
N28,N33,N44,1,0.0008163265306122449
N28,N34,N35,1,0.0008163265306122449
N28,N34,N36,1,0.0008163265306122449
N28,N34,N39,1,0.0008163265306122449
N28,N34,N44,1,0.0008163265306122449
N28,N34,N45,1,0.0008163265306122449
N28,N35,N37,1,0.0008163265306122449
N28,N35,N38,1,0.0008163265306122449
N28,N35,N42,1,0.0008163265306122449
N28,N35,N44,1,0.0008163265306122449
N28,N36,N40,1,0.0008163265306122449
N28,N36,N41,1,0.0008163265306122449
N28,N36,N42,1,0.0008163265306122449
N28,N36,N44,1,0.0008163265306122449
N28,N37,N38,1,0.0008163265306122449
N28,N37,N41,1,0.0008163265306122449
N28,N37,N44,1,0.0008163265306122449
N28,N38,N44,1,0.0008163265306122449
N28,N39,N41,1,0.0008163265306122449
N28,N40,N41,1,0.0008163265306122449
N29,N30,N31,1,0.0008163265306122449
N29,N30,N33,1,0.0008163265306122449
N29,N30,N37,1,0.0008163265306122449
N29,N30,N38,1,0.0008163265306122449
N29,N30,N39,1,0.0008163265306122449
N29,N30,N41,1,0.0008163265306122449
N29,N30,N42,1,0.0008163265306122449
N29,N30,N45,1,0.0008163265306122449
N29,N31,N32,1,0.0008163265306122449
N29,N31,N35,1,0.0008163265306122449
N29,N31,N37,1,0.0008163265306122449
N29,N31,N45,1,0.0008163265306122449
N29,N32,N36,1,0.0008163265306122449
N29,N32,N37,1,0.0008163265306122449
N29,N32,N38,1,0.0008163265306122449
N29,N32,N39,1,0.0008163265306122449
N29,N32,N40,1,0.0008163265306122449
N29,N32,N42,1,0.0008163265306122449
N29,N32,N45,1,0.0008163265306122449
N29,N33,N37,1,0.0008163265306122449
N29,N33,N39,1,0.0008163265306122449
N29,N33,N43,1,0.0008163265306122449
N29,N34,N45,1,0.0008163265306122449
N29,N35,N36,1,0.0008163265306122449
N29,N35,N39,1,0.0008163265306122449
N29,N35,N40,1,0.0008163265306122449
N29,N35,N42,1,0.0008163265306122449
N29,N36,N37,1,0.0008163265306122449
N29,N36,N38,1,0.0008163265306122449
N29,N36,N39,1,0.0008163265306122449
N29,N36,N40,1,0.0008163265306122449
N29,N36,N43,1,0.0008163265306122449
N29,N37,N41,1,0.0008163265306122449
N29,N37,N45,1,0.0008163265306122449
N29,N38,N43,1,0.0008163265306122449
N29,N39,N40,1,0.0008163265306122449
N29,N39,N44,1,0.0008163265306122449
N29,N40,N42,1,0.0008163265306122449
N29,N40,N43,1,0.0008163265306122449
N29,N41,N44,1,0.0008163265306122449
N30,N31,N35,1,0.0008163265306122449
N30,N31,N36,1,0.0008163265306122449
N30,N31,N42,1,0.0008163265306122449
N30,N32,N36,1,0.0008163265306122449
N30,N32,N39,1,0.0008163265306122449
N30,N32,N41,1,0.0008163265306122449
N30,N32,N42,1,0.0008163265306122449
N30,N32,N43,1,0.0008163265306122449
N30,N32,N45,1,0.0008163265306122449
N30,N34,N43,1,0.0008163265306122449
N30,N35,N38,1,0.0008163265306122449
N30,N35,N40,1,0.0008163265306122449
N30,N35,N41,1,0.0008163265306122449
N30,N35,N43,1,0.0008163265306122449
N30,N36,N43,1,0.0008163265306122449
N30,N37,N38,1,0.0008163265306122449
N30,N37,N44,1,0.0008163265306122449
N30,N38,N42,1,0.0008163265306122449
N30,N38,N44,1,0.0008163265306122449
N30,N39,N42,1,0.0008163265306122449
N30,N40,N44,1,0.0008163265306122449
N30,N42,N44,1,0.0008163265306122449
N30,N42,N45,1,0.0008163265306122449
N31,N32,N35,1,0.0008163265306122449
N31,N32,N39,1,0.0008163265306122449
N31,N32,N42,1,0.0008163265306122449
N31,N32,N44,1,0.0008163265306122449
N31,N33,N41,1,0.0008163265306122449
N31,N34,N41,1,0.0008163265306122449
N31,N34,N42,1,0.0008163265306122449
N31,N35,N36,1,0.0008163265306122449
N31,N35,N45,1,0.0008163265306122449
N31,N36,N38,1,0.0008163265306122449
N31,N36,N40,1,0.0008163265306122449
N31,N36,N44,1,0.0008163265306122449
N31,N37,N41,1,0.0008163265306122449
N31,N37,N43,1,0.0008163265306122449
N31,N39,N43,1,0.0008163265306122449
N31,N39,N44,1,0.0008163265306122449
N31,N41,N42,1,0.0008163265306122449
N31,N41,N43,1,0.0008163265306122449
N31,N42,N45,1,0.0008163265306122449
N31,N43,N44,1,0.0008163265306122449
N31,N43,N45,1,0.0008163265306122449
N31,N44,N45,1,0.0008163265306122449
N32,N33,N36,1,0.0008163265306122449
N32,N33,N37,1,0.0008163265306122449
N32,N33,N43,1,0.0008163265306122449
N32,N34,N36,1,0.0008163265306122449
N32,N34,N38,1,0.0008163265306122449
N32,N34,N39,1,0.0008163265306122449
N32,N34,N41,1,0.0008163265306122449
N32,N34,N43,1,0.0008163265306122449
N32,N35,N44,1,0.0008163265306122449
N32,N36,N37,1,0.0008163265306122449
N32,N36,N38,1,0.0008163265306122449
N32,N36,N39,1,0.0008163265306122449
N32,N36,N40,1,0.0008163265306122449
N32,N36,N43,1,0.0008163265306122449
N32,N36,N45,1,0.0008163265306122449
N32,N37,N38,1,0.0008163265306122449
N32,N37,N39,1,0.0008163265306122449
N32,N37,N44,1,0.0008163265306122449
N32,N38,N39,1,0.0008163265306122449
N32,N38,N40,1,0.0008163265306122449
N32,N38,N42,1,0.0008163265306122449
N32,N39,N40,1,0.0008163265306122449
N32,N39,N43,1,0.0008163265306122449
N32,N40,N42,1,0.0008163265306122449
N32,N41,N42,1,0.0008163265306122449
N32,N42,N44,1,0.0008163265306122449
N32,N42,N45,1,0.0008163265306122449
N32,N43,N44,1,0.0008163265306122449
N33,N34,N37,1,0.0008163265306122449
N33,N34,N39,1,0.0008163265306122449
N33,N34,N40,1,0.0008163265306122449
N33,N35,N41,1,0.0008163265306122449
N33,N35,N42,1,0.0008163265306122449
N33,N36,N38,1,0.0008163265306122449
N33,N36,N41,1,0.0008163265306122449
N33,N37,N38,1,0.0008163265306122449
N33,N37,N42,1,0.0008163265306122449
N33,N37,N43,1,0.0008163265306122449
N33,N38,N41,1,0.0008163265306122449
N33,N38,N44,1,0.0008163265306122449
N33,N39,N40,1,0.0008163265306122449
N33,N41,N45,1,0.0008163265306122449
N33,N42,N43,1,0.0008163265306122449
N33,N42,N45,1,0.0008163265306122449
N33,N44,N45,1,0.0008163265306122449
N34,N35,N36,1,0.0008163265306122449
N34,N35,N37,1,0.0008163265306122449
N34,N35,N39,1,0.0008163265306122449
N34,N35,N40,1,0.0008163265306122449
N34,N35,N45,1,0.0008163265306122449
N34,N36,N40,1,0.0008163265306122449
N34,N37,N45,1,0.0008163265306122449
N34,N38,N40,1,0.0008163265306122449
N34,N40,N41,1,0.0008163265306122449
N34,N41,N43,1,0.0008163265306122449
N34,N41,N44,1,0.0008163265306122449
N35,N36,N42,1,0.0008163265306122449
N35,N36,N43,1,0.0008163265306122449
N35,N36,N45,1,0.0008163265306122449
N35,N37,N38,1,0.0008163265306122449
N35,N37,N43,1,0.0008163265306122449
N35,N37,N44,1,0.0008163265306122449
N35,N38,N41,1,0.0008163265306122449
N35,N38,N42,1,0.0008163265306122449
N35,N38,N45,1,0.0008163265306122449
N35,N39,N40,1,0.0008163265306122449
N35,N39,N42,1,0.0008163265306122449
N35,N39,N43,1,0.0008163265306122449
N35,N40,N42,1,0.0008163265306122449
N35,N41,N45,1,0.0008163265306122449
N35,N42,N45,1,0.0008163265306122449
N35,N43,N44,1,0.0008163265306122449
N36,N37,N40,1,0.0008163265306122449
N36,N37,N42,1,0.0008163265306122449
N36,N37,N44,1,0.0008163265306122449
N36,N38,N41,1,0.0008163265306122449
N36,N38,N42,1,0.0008163265306122449
N36,N38,N43,1,0.0008163265306122449
N36,N38,N44,1,0.0008163265306122449
N36,N38,N45,1,0.0008163265306122449
N36,N39,N41,1,0.0008163265306122449
N36,N39,N43,1,0.0008163265306122449
N36,N40,N41,1,0.0008163265306122449
N36,N40,N44,1,0.0008163265306122449
N36,N40,N45,1,0.0008163265306122449
N36,N43,N44,1,0.0008163265306122449
N37,N38,N41,1,0.0008163265306122449
N37,N38,N43,1,0.0008163265306122449
N37,N39,N45,1,0.0008163265306122449
N37,N40,N42,1,0.0008163265306122449
N37,N40,N43,1,0.0008163265306122449
N37,N41,N44,1,0.0008163265306122449
N37,N43,N44,1,0.0008163265306122449
N37,N44,N45,1,0.0008163265306122449
N38,N39,N42,1,0.0008163265306122449
N38,N41,N43,1,0.0008163265306122449
N38,N41,N44,1,0.0008163265306122449
N38,N42,N44,1,0.0008163265306122449
N38,N43,N44,1,0.0008163265306122449
N39,N40,N41,1,0.0008163265306122449
N39,N41,N43,1,0.0008163265306122449
N39,N41,N44,1,0.0008163265306122449
N39,N43,N44,1,0.0008163265306122449
N39,N44,N45,1,0.0008163265306122449
N40,N41,N42,1,0.0008163265306122449
N40,N42,N45,1,0.0008163265306122449
N40,N43,N44,1,0.0008163265306122449
N41,N42,N43,1,0.0008163265306122449
N41,N42,N45,1,0.0008163265306122449
N41,N44,N45,1,0.0008163265306122449
N42,N43,N44,1,0.0008163265306122449
N42,N44,N45,1,0.0008163265306122449
