term,score
여행,4.574228244027314
용으로,4.3083036202961065
여행 용으로,3.858904003729819
좋은,2.152417919378789
써보고,1.973423602465455
자극,1.973239083115439
저렴하게,1.958319159755778
있어서,1.8988914107531043
배송,1.8243515367162377
작아서,1.8099753215738663
아직,1.7902133475229256
클렌징밀크,1.6597097728938843
생각보다,1.5362558229211531
만족합니다,1.5151924782177706
믿고,1.4898394023919739
체험,1.473635731301729
없음,1.4643193476382212
촉촉,1.4616229759543513
자극 없음,1.430376724281078
샀어요,1.422662190057713
피부에,1.2225066089244807
쓰기,1.2133359891575093
여행갈때,1.192297340955785
처음,1.181294455395022
싶어서,1.1734893497537406
크기가,1.1398786499295772
구매했습니다,1.108278632823986
세정력이,1.0999684175181708
자극이,1.0868787425202395
부드럽게,1.0680914992179114
순하고,1.0074003939315055
없이,0.9591539300214087
휴대 용으로,0.94389380324951
휴대,0.94389380324951
이중,0.9258179086263466
주문했어요,0.9155566291876652
순한,0.905181185604599
같아서,0.887834263741251
지워지고,0.8861690099480077
본품,0.8783541499997858
선크림,0.8725116512871909
좋으면,0.8686482808944063
좋았으면,0.8669578769818782
빠른,0.8647203014823814
피부가,0.8626101387710111
밀크는,0.8610838671235184
가격에,0.854556927445127
쓰고,0.8342253930958017
없어서,0.8303564506007998
클렌징이,0.8016080253381626
리얼베리어라,0.7953410255753751
싶어서 주문했어요,0.7917149459932706
부드럽고,0.7783777243761071
자극 없이,0.7702142719412427
클렌징밀크로,0.7690011849498968
브랜드,0.7667470540531441
마침,0.7663103874791066
구매해봤어요,0.7574646766578836
딜로,0.7510043697823994
체험 딜로,0.7510043697823994
클렌징밀크는,0.743626648423735
클렌징밀크를,0.7422707710201156
제품은,0.7404218155695586
좋을,0.7354098467169293
잘샀어요,0.7325805133011887
촉촉해요,0.7310497372145843
크기도,0.7296235516477882
좋겠어요,0.7276579377765051
않고,0.7263172465220735
빠른 배송,0.7231176183990082
번창하세요,0.7228962776456944
없고,0.7172192174730371
클렌징밀크도,0.7155892226268066
평소,0.7128716017302641
사봤어요,0.7125162631298091
구매했는데,0.7085029821805675
마음에,0.7023792764011695
사이즈가,0.702120619936169
무난하게,0.6865910326825425
싶었는데,0.6854815864507717
사용하는데,0.6843020853043922
선크림도,0.679250363820462
쓰겠습니다,0.675215027040744
피부,0.6740721624692878
들어요,0.6654226795534017
써보고 싶어서,0.6653075422961404
써보고 싶어서 주문했어요,0.6653075422961404
클렌징밀크는 처음,0.6582915348865312
항상,0.653451372247412
빠른배송,0.6524286311282297
사용해보고,0.6420263275919352
작고,0.6415816069550047
세안,0.6312943885868296
사이즈네요,0.6309083714788295
빨라서,0.6196316267085433
선크림만,0.6194409322804657
빠르네요,0.617758138417835
말안해도,0.6055159747249382
써보진,0.6048074770268841
제품이,0.6030150088887879
느낌이,0.6029290272836051
좋았으면 좋겠어요,0.6014287780832943
잘쓸게요,0.6014102346914687
밀크가,0.6009523773454646
작아요,0.5962556389876694
용으로 샀어요,0.5915110078161521
촉촉잘씻깁니다,0.5912424571791419
촉촉잘씻깁니다 번창하세요,0.5912424571791419
좋아서,0.5899482192265628
주문했습니다,0.5895294434934311
저렴한 가격에,0.5881577202435573
저렴한,0.5881577202435573
쓰는,0.5831052228399831
싸게,0.5781785928389783
저렴한가격에잘샀어요,0.5773502691896257
좋아요굳,0.5773502691896257
촉촉한데세정력이좋아서사봅니다 좋아요굳,0.5773502691896257
배송이빨라좋네요,0.5773502691896257
배송이빨라좋네요 저렴한가격에잘샀어요,0.5773502691896257
촉촉한데세정력이좋아서사봅니다,0.5773502691896257
사용해,0.5746179115094451
좋았어요,0.5743049855614156
바로,0.5680425982963562
써보고 괜찮으면,0.5653119363452555
괜찮으면,0.5653119363452555
사려고,0.5619299151672826
않아서,0.5598008455359914
엄청,0.5584217386467372
좋고,0.5525613967557412
순해서,0.5482685406550876
같아,0.5480268198821383
배송도,0.5470440346409555
구매할게요,0.5433909391652882
받았습니다,0.5416119490705493
사보고,0.5411173054877915
사보고 싶었는데,0.5411173054877915
그래서,0.5375460867511646
지워,0.536707866313739
사용전이지만,0.5367058633208039
아직 사용전이지만,0.5367058633208039
사이즈,0.5306431847313361
기회로,0.5279507356079668
좋은 기회로,0.5279507356079668
빨라요,0.5272674492712202
배송 빨라요,0.5272674492712202
다시,0.5215924219849926
맘에,0.5183063712410141
저렴하게 샀어요,0.5162732219459698
세정력,0.512063637405655
오일,0.5101749384180374
좋다고,0.5100027476688672
촉촉한,0.5094670761390182
있었어요,0.5081721097512852
쓸께요,0.5059051317918835
작아서 여행,0.501524360564934
작아서 여행 용으로,0.501524360564934
용량을,0.5009507863770235
한번,0.4991735207408199
배송이,0.49911716205393
배송이 빨라서,0.49911716205393
촉촉니,0.4959975699033336
용량이 작아서,0.4953162821094579
용량이,0.4953162821094579
여행가서,0.49501228810156184
사용해볼,0.49474936412331183
사용해볼 있어서,0.49474936412331183
갈때,0.4938585595586692
제품으로,0.49066980130774834
궁금해서,0.4906170545500287
생각보다 크기가,0.49044483789077575
가격도,0.4877511792396808
리얼베리어라 믿고,0.4861359945311815
사이즈로,0.47972080895962027
아직 사용전이라,0.47889403629547644
사용전이라,0.47889403629547644
메이크업,0.4756921753348865
구매해서,0.47448041748045044
맞으면,0.47169714982143474
쓰고 있어서,0.47003431251027206
없어요,0.46947123488535153
저렴하게 사용해볼 있어서,0.4674700533047646
저렴하게 사용해볼,0.4674700533047646
얼굴에,0.4611477142826597
타사,0.4603589219481543
다니기,0.45685552996926454
구매해봤습니다,0.45479620090278805
생각보다 작아서,0.4507009278595392
쓰는데,0.44670637683102976
샘플로,0.4464909386959133
써볼까합니다,0.4450464860452169
체험해볼,0.44093276146861415
같습니다,0.4394137032210941
써봐야,0.4384576379627803
피부에 자극 없음,0.4372432792609157
피부에 자극,0.4372432792609157
일단,0.4369171628610048
구매합니다,0.43583720488643735
용으로 쓰기,0.43526763901559123
여행 용으로 쓰기,0.43526763901559123
써보는데,0.43442172742428864
쓰기 좋은,0.4307507895122467
여행갈일 있어서 체험할수잇는양이라,0.42990635154741413
여행갈일 있어서,0.42990635154741413
여행갈일,0.42990635154741413
있어서 체험할수잇는양이라,0.42990635154741413
체험할수잇는양이라,0.42990635154741413
뭔가,0.42811689142873427
이벤트로,0.427445249438662
물로,0.4219182863062715
저렴한가격에,0.42181849275642624
밀크를,0.42135502619296683
구입할게요,0.42082620538394094
쓸게요 좋으면 구입할게요,0.42082620538394094
좋으면 구입할게요,0.42082620538394094
쓸게요 좋으면,0.42082620538394094
쓸게요,0.42082620538394094
구매할,0.420291693286325
후에도,0.41916736240576075
테스트,0.41908805512736724
클렌징밀크가,0.4186135607536018
깨끗하게,0.41839589572829233
좋은것같아요,0.41733045495388577
적네요,0.4169986593487962
좋은거같아요,0.4122119550868389
피부과에서도 밀크더라구요,0.408248290463863
밀크더라구요 잘써볼게요,0.408248290463863
밀크더라구요,0.408248290463863
피부과에서도,0.408248290463863
피부과에서도 밀크더라구요 잘써볼게요,0.408248290463863
잘써볼게요,0.408248290463863
유통기한,0.4077768154758706
클렌징폼,0.4075050072558924
여행 용으로 샀어요,0.4047532122218684
용으로 샀어요 대만족입니다,0.4047532122218684
샀어요 대만족입니다,0.4047532122218684
대만족입니다,0.4047532122218684
본품으로,0.4044471850682194
구입했습니다,0.40424495932628496
쓰면,0.40196211703649665
메이크업을,0.40161553088672003
구매해보았습니다,0.3998932680287737
듭니다,0.3996143320761985
넉넉하네요,0.398358368481898
한번에,0.39671016219067406
세정력도,0.39642365269323154
자주,0.3963855917731704
향은,0.3957537440959905
용으로 크기도,0.3953497848212069
용으로 크기도 작고,0.3953497848212069
크기도 작고,0.3953497848212069
여행 용으로 크기도,0.3953497848212069
다른,0.3944459397089769
주로,0.39345932090712515
리얼베리어크림,0.3922230893927264
용으로 좋구요,0.39111418255928815
크기도 여행 용으로,0.39111418255928815
좋구요,0.39111418255928815
여행 용으로 좋구요,0.39111418255928815
크기도 여행,0.39111418255928815
행사,0.3896535952880969
촉촉해서,0.38887059413837527
왔어요,0.38827571820206225
편이라,0.3880377636233102
않지만,0.38800287959462776
사봤는데,0.38652271551586237
좋아,0.3863929550936033
구매햇네요,0.385870053823162
부담,0.38397550805387937
화장을,0.3825717636043796
유목민이었는데,0.38238438079661013
클렌징밀크 유목민이었는데,0.38238438079661013
빠르네요 아직,0.3818496692412541
아직 사용전이라 써보고,0.3818496692412541
써보고 다시 후기쓸께요,0.3818496692412541
기대가 큽니다 좋았으면,0.3818496692412541
써보고 다시,0.3818496692412541
기대가 큽니다,0.3818496692412541
기대가,0.3818496692412541
다시 후기쓸께요,0.3818496692412541
배송 빠르네요 아직,0.3818496692412541
배송 빠르네요,0.3818496692412541
다시 후기쓸께요 기대가,0.3818496692412541
후기쓸께요 기대가 큽니다,0.3818496692412541
빠르네요 아직 사용전이라,0.3818496692412541
후기쓸께요 기대가,0.3818496692412541
큽니다,0.3818496692412541
큽니다 좋았으면 좋겠어요,0.3818496692412541
큽니다 좋았으면,0.3818496692412541
사용전이라 써보고,0.3818496692412541
사용전이라 써보고 다시,0.3818496692412541
후기쓸께요,0.3818496692412541
클렌징밀크 사용해보고,0.38182535777703264
클렌징밀크 사용해보고 싶어서,0.38182535777703264
사용해보고 싶어서,0.38182535777703264
촉촉함이,0.37737344015432955
맘에 들어요,0.37511529479757394
앞으로,0.37297034655849803
리얼베리어에서,0.3715360244927817
클렌징밀크는 처음 사용해보는데,0.369110283959667
사용해보는데,0.369110283959667
사용해보는데 만족합니다,0.369110283959667
처음 사용해보는데 만족합니다,0.369110283959667
처음 사용해보는데,0.369110283959667
써보려고요,0.36743900552268705
가벼운,0.3671442284990264
아직 써보진,0.36538816940439
괜찮을,0.3646310653973761
마음에 들어요,0.36272421200460325
싶었는데 좋은,0.3625726037891796
싶었는데 좋은 기회로,0.3625726037891796
사보고 싶었는데 좋은,0.3625726037891796
핸디하고,0.362291871577525
여행 사려고,0.362291871577525
여행 사려고 샀어요,0.362291871577525
사려고 샀어요,0.362291871577525
샀어요 핸디하고,0.362291871577525
사려고 샀어요 핸디하고,0.362291871577525
확실히,0.36161520444659095
평소에,0.3597974694198841
샀어요 추천합니다,0.35642624121000827
추천합니다,0.35642624121000827
저렴하게 샀어요 추천합니다,0.35642624121000827
할인가로 저렴하게,0.35642624121000827
할인가로 저렴하게 샀어요,0.35642624121000827
할인가로,0.35642624121000827
기존에,0.355735801594794
근데,0.3556006401480629
여행가서 쓰기,0.35535391275903094
클렌징밀크를 처음,0.35444647141708996
딜떠서,0.3514452180137563
받았습니다 잘샀어요,0.35096682933854373
빨라서 받았습니다,0.35096682933854373
빨라서 받았습니다 잘샀어요,0.35096682933854373
배송이 빨라서 받았습니다,0.35096682933854373
사용해볼게요,0.35025682473410724
크기가 적네요 품질은,0.3499851720689413
품질은,0.3499851720689413
품질은 좋았으면,0.3499851720689413
크기가 적네요,0.3499851720689413
적네요 품질은,0.3499851720689413
적네요 품질은 좋았으면,0.3499851720689413
뭐라,0.3498089205873397
사려구요,0.34958577252160594
이번에,0.34855095095679983
넘넘 순하고 지워지고,0.3470364953064907
짱임,0.3470364953064907
지워지고 짱임,0.3470364953064907
순하고 지워지고,0.3470364953064907
넘넘 순하고,0.3470364953064907
순하고 지워지고 짱임,0.3470364953064907
넘넘,0.3470364953064907
쓰기 피부자극도 괜춘,0.34702480218074283
괜춘,0.34702480218074283
무난하게 쓰기 피부자극도,0.34702480218074283
무난하게 쓰기,0.34702480218074283
쓰기 피부자극도,0.34702480218074283
피부자극도 괜춘,0.34702480218074283
피부자극도,0.34702480218074283
쓰고있는데,0.3441747214548369
써봤는데,0.3437452535282965
감사해요,0.3433574694211813
집에,0.34330831647450083
집에 큰거로쓰고픕니다,0.34330831647450083
미니해서,0.34330831647450083
미니해서 집에,0.34330831647450083
촉촉 미니해서 집에,0.34330831647450083
촉촉 미니해서,0.34330831647450083
큰거로쓰고픕니다,0.34330831647450083
미니해서 집에 큰거로쓰고픕니다,0.34330831647450083
만족스러워서,0.34288656128620265
라이브해서 잘쓸게요,0.34284850321161336
필요했는데,0.34284850321161336
마침 필요했는데,0.34284850321161336
필요했는데 라이브해서 잘쓸게요,0.34284850321161336
라이브해서,0.34284850321161336
마침 필요했는데 라이브해서,0.34284850321161336
필요했는데 라이브해서,0.34284850321161336
주문해봤어요,0.3426414142363629
테스트용으로,0.3406828437973428
지워서,0.3398405735439203
만족스러워요,0.3394724684330246
알겠지만 하고,0.3386164553557416
알겠지만,0.3386164553557416
하고 촉촉니,0.3386164553557416
하고,0.3386164553557416
써봐야 알겠지만,0.3386164553557416
써봐야 알겠지만 하고,0.3386164553557416
알겠지만 하고 촉촉니,0.3386164553557416
1회,0.3384742957367131
남아요,0.33838766716105895
촉촉함이 남아요,0.33838766716105895
먼저,0.3381568017929738
성분,0.33649032596811684
체험해보려고,0.3363006152240844
써보고싶었는데,0.33623196781263476
안해봤는데 리얼베리어제품은 좋은거같아요,0.3359437420482561
아직사용,0.3359437420482561
아직사용 안해봤는데 리얼베리어제품은,0.3359437420482561
안해봤는데 리얼베리어제품은,0.3359437420482561
아직사용 안해봤는데,0.3359437420482561
리얼베리어제품은,0.3359437420482561
리얼베리어제품은 좋은거같아요,0.3359437420482561
안해봤는데,0.3359437420482561
좋았고요,0.3345844204754606
좋구,0.33387447982370005
믿고 쓰는,0.3338104670491724
오일보다,0.3335589149429111
부담 없어서,0.32990193145426366
거품도,0.3294755693534715
무난하고,0.32615868573465645
작은,0.3255182914469088
촉촉네요,0.32170745622806723
사용후,0.321662769056842
세안 후에도,0.32059736000974287
배송은,0.3205473126994143
떠서,0.31933233343791767
다음에,0.31811770737686934
잘되고,0.317023909901349
세정도,0.317023909901349
깨끗이 닦입니다,0.3160605894065852
깨끗이,0.3160605894065852
닦입니다,0.3160605894065852
민감하고,0.3160339144851042
남길께요,0.31601780620222797
제품을,0.314593228019007
마침 체험,0.3143965828678257
크기가 작아요,0.31434491943283355
배송 빠름,0.31434491943283355
빠름,0.31434491943283355
빠름 생각보다,0.31434491943283355
빠름 생각보다 크기가,0.31434491943283355
생각보다 크기가 작아요,0.31434491943283355
배송 빠름 생각보다,0.31434491943283355
촉촉게,0.31361956895041754
사용해봤어요,0.3133064020451889
보고,0.31107519888315205
사용하려구요,0.3093279414825285
거품이,0.3090628622662264
용으로 구매했습니다,0.30586799663641345
세안하기 여행 용으로,0.30586799663641345
세안하기 여행,0.30586799663641345
세안하기,0.30586799663641345
자극 없이 세안하기,0.30586799663641345
없이 세안하기,0.30586799663641345
없이 세안하기 여행,0.30586799663641345
여행 용으로 구매했습니다,0.30586799663641345
사이즈 잘쓸게요,0.30541384814819134
들고가기 좋은 사이즈,0.30541384814819134
들고가기 좋은,0.30541384814819134
여행갈때 들고가기,0.30541384814819134
들고가기,0.30541384814819134
좋은 사이즈,0.30541384814819134
좋은 사이즈 잘쓸게요,0.30541384814819134
여행갈때 들고가기 좋은,0.30541384814819134
쓰다가,0.3051846140231947
역시,0.3048902744299581
들어요 만족합니다,0.30410088838420046
들어요 만족합니다 초이스입니당,0.30410088838420046
만족합니다 초이스입니당,0.30410088838420046
너무만족합니다좋아용만족합니다,0.30410088838420046
너무만족합니다좋아용만족합니다 맘에,0.30410088838420046
맘에 들어요 만족합니다,0.30410088838420046
너무만족합니다좋아용만족합니다 맘에 들어요,0.30410088838420046
초이스입니당,0.30410088838420046
빠르게 도착했어요,0.30249428369282316
발림성,0.30249428369282316
발림성 배송 빠르게,0.30249428369282316
발림성 배송,0.30249428369282316
도착했어요,0.30249428369282316
촉촉 발림성,0.30249428369282316
촉촉 발림성 배송,0.30249428369282316
배송 빠르게 도착했어요,0.30249428369282316
배송 빠르게,0.30249428369282316
빠르게,0.30249428369282316
타사 클렌징밀크,0.301007721981615
휴대가 편하겠어오,0.3006039952715066
여행갈때 쓸려고샀어요,0.3006039952715066
여행갈때 쓸려고샀어요 작아서,0.3006039952715066
작아서 휴대가 편하겠어오,0.3006039952715066
쓸려고샀어요,0.3006039952715066
쓸려고샀어요 작아서,0.3006039952715066
쓸려고샀어요 작아서 휴대가,0.3006039952715066
휴대가,0.3006039952715066
작아서 휴대가,0.3006039952715066
편하겠어오,0.3006039952715066
세안제,0.29973092168124593
클렌징밀크 써보고,0.2992405928824973
주문했어요 배송,0.2992405928824973
주문했어요 배송 빨라요,0.2992405928824973
클렌징밀크 써보고 싶어서,0.2992405928824973
싶어서 주문했어요 배송,0.2992405928824973
부드러워서,0.2984428223151448
매일,0.2984054476734872
생각보다 촉촉,0.2981004040706959
촉촉합니다,0.2979558861294982
제품력이야 말안해도 좋고,0.2970968420026913
말안해도 좋고 작아서,0.2970968420026913
제품력이야 말안해도,0.2970968420026913
제품력이야,0.2970968420026913
좋고 작아서 여행,0.2970968420026913
말안해도 좋고,0.2970968420026913
좋고 작아서,0.2970968420026913
쓰던게있으니깐울 작고,0.2962134396178024
구매할수 있었어요 쓸께요,0.2962134396178024
써보진 않아서,0.2962134396178024
않아서 쓰던게있으니깐울,0.2962134396178024
않아서 쓰던게있으니깐울 작고,0.2962134396178024
구매할수,0.2962134396178024
써보진 않아서 쓰던게있으니깐울,0.2962134396178024
쓰던게있으니깐울,0.2962134396178024
쓰던게있으니깐울 작고 귀엽네요,0.2962134396178024
좋은체험가로,0.2962134396178024
작고 귀엽네요,0.2962134396178024
좋은체험가로 구매할수 있었어요,0.2962134396178024
좋은체험가로 구매할수,0.2962134396178024
빠른배송 좋은체험가로 구매할수,0.2962134396178024
빠른배송 좋은체험가로,0.2962134396178024
귀엽네요,0.2962134396178024
있었어요 쓸께요,0.2962134396178024
구매할수 있었어요,0.2962134396178024
만족스러워서 앞으로,0.2956212285895709
잘씻기고 만족스러워서,0.2956212285895709
잘씻기고,0.2956212285895709
만족스러워서 앞으로 자주,0.2956212285895709
잘씻기고 만족스러워서 앞으로,0.2956212285895709
앞으로 자주,0.2956212285895709
자주 써볼까합니다,0.2956212285895709
앞으로 자주 써볼까합니다,0.2956212285895709
쪼그만 싸이즈라,0.2932458332293741
싸이즈라 테스트용으로,0.2932458332293741
발송,0.2932458332293741
쪼그만,0.2932458332293741
빠르네요 쪼그만 싸이즈라,0.2932458332293741
쪼그만 싸이즈라 테스트용으로,0.2932458332293741
발송 빠르네요 쪼그만,0.2932458332293741
발송 빠르네요,0.2932458332293741
싸이즈라,0.2932458332293741
빠르네요 쪼그만,0.2932458332293741
체험 딜로 저렴하게,0.2907193618856307
딜로 저렴하게,0.2907193618856307
사용해야할듯요,0.2903599990585255
용량이 작아서 그렇긴해요,0.2903599990585255
작아서 그렇긴해요,0.2903599990585255
그렇긴해요,0.2903599990585255
그렇긴해요 여행,0.2903599990585255
여행 용으로 사용해야할듯요,0.2903599990585255
작아서 그렇긴해요 여행,0.2903599990585255
그렇긴해요 여행 용으로,0.2903599990585255
용으로 사용해야할듯요,0.2903599990585255
제품입니다,0.2903334054333036
용으로 딱이네여 클렌져라,0.2897803863297969
클렌져라 부담 없어서,0.2897803863297969
딱이네여 클렌져라,0.2897803863297969
클렌져라,0.2897803863297969
여행 용으로 딱이네여,0.2897803863297969
용으로 딱이네여,0.2897803863297969
딱이네여 클렌져라 부담,0.2897803863297969
클렌져라 부담,0.2897803863297969
딱이네여,0.2897803863297969
나면,0.2897374331860435
써보고 좋으면,0.28898473992398027
처보는데 자극 없음,0.28863825814634664
처보는데,0.28863825814634664
처보는데 자극,0.28863825814634664
자극 없음 촉촉,0.28863825814634664
밀크는 처음 처보는데,0.28863825814634664
처음 처보는데,0.28863825814634664
밀크는 처음,0.28863825814634664
없음 촉촉,0.28863825814634664
처음 처보는데 자극,0.28863825814634664
작긴했는데,0.28827761524268636
없음 좋은것같아요,0.28827761524268636
작긴했는데 피부에 자극,0.28827761524268636
자극 없음 좋은것같아요,0.28827761524268636
크기가 작긴했는데 피부에,0.28827761524268636
크기가 작긴했는데,0.28827761524268636
작긴했는데 피부에,0.28827761524268636
용으로 구비했어요 유명하잖아요,0.2864743803421362
유명하잖아요 믿고,0.2864743803421362
여행 용으로 구비했어요,0.2864743803421362
유명하잖아요 믿고 씁니다,0.2864743803421362
구비했어요 유명하잖아요 믿고,0.2864743803421362
씁니다,0.2864743803421362
용으로 구비했어요,0.2864743803421362
믿고 씁니다,0.2864743803421362
구비했어요,0.2864743803421362
구비했어요 유명하잖아요,0.2864743803421362
유명하잖아요,0.2864743803421362
클렌징밀크는 처음 써보는데,0.2862185833707915
처음 써보는데,0.2862185833707915
하는,0.2859188779908331
가볍게,0.28567805452646744
쓰고있어요,0.2851775478855615
클렌징밀크가 좋다고,0.2849342917921901
중인데,0.2846563454653671
심하지,0.28327895689459676
효과는,0.282485449681784
남아요 자극 없음,0.2822476300156601
얼굴에 촉촉함이 남아요,0.2822476300156601
밀크라서,0.2822476300156601
밀크라서 얼굴에 촉촉함이,0.2822476300156601
촉촉함이 남아요 자극,0.2822476300156601
밀크라서 얼굴에,0.2822476300156601
얼굴에 촉촉함이,0.2822476300156601
남아요 자극,0.2822476300156601
밀크가 좋다고,0.2805711942250674
순한 클렌징밀크를,0.2802024788158315
체험해볼 있어서,0.2802024788158315
성분 좋은 순한,0.2802024788158315
순한 클렌징밀크를 체험해볼,0.2802024788158315
클렌징밀크를 체험해볼,0.2802024788158315
클렌징밀크를 체험해볼 있어서,0.2802024788158315
성분 좋은,0.2802024788158315
좋은 순한 클렌징밀크를,0.2802024788158315
좋은 순한,0.2802024788158315
꾸덕한,0.2749899397366079
있어,0.2749645732570122
휴대하기편해보입니다,0.2746145355757687
휴대하기편해보입니다 촉촉게,0.2746145355757687
작아서 휴대하기편해보입니다,0.2746145355757687
촉촉게 세정력 좋았으면,0.2746145355757687
휴대하기편해보입니다 촉촉게 세정력,0.2746145355757687
작아서 휴대하기편해보입니다 촉촉게,0.2746145355757687
촉촉게 세정력,0.2746145355757687
세정력 좋았으면 좋겠어요,0.2746145355757687
세정력 좋았으면,0.2746145355757687
쓰기 좋은 사이즈에요,0.27455835492194247
부드럽고 세정력이 여행,0.27455835492194247
세정력이 여행 용으로,0.27455835492194247
사이즈에요,0.27455835492194247
좋은 사이즈에요,0.27455835492194247
세정력이 여행,0.27455835492194247
용으로 쓰기 좋은,0.27455835492194247
부드럽고 세정력이,0.27455835492194247
순한데,0.2745229545705745
클밀,0.27189387230730905
정착해도,0.2711608690115241
클렌징밀크 유목민이었는데 제품으로,0.2711608690115241
제품으로 정착해도 지워지고,0.2711608690115241
정착해도 지워지고 만족스러운,0.2711608690115241
지워지고 만족스러운,0.2711608690115241
만족스러운,0.2711608690115241
제품으로 정착해도,0.2711608690115241
정착해도 지워지고,0.2711608690115241
유목민이었는데 제품으로 정착해도,0.2711608690115241
유목민이었는데 제품으로,0.2711608690115241
뻑뻑한,0.271080739314907
사우나,0.27087811573438303
사우나 갈때 휴대하기,0.27087811573438303
놀랐어요 사우나,0.27087811573438303
놀랐어요,0.27087811573438303
놀랐어요 사우나 갈때,0.27087811573438303
생각보다 작아서 놀랐어요,0.27087811573438303
사우나 갈때,0.27087811573438303
작아서 놀랐어요 사우나,0.27087811573438303
휴대하기,0.27087811573438303
갈때 휴대하기,0.27087811573438303
작아서 놀랐어요,0.27087811573438303
구매했습니다 기대되네영,0.2708039845643349
구매했습니당 리얼베리어라 믿고,0.2708039845643349
리얼베리어라 믿고 구매했습니다,0.2708039845643349
여행가져가려고 구매했습니당,0.2708039845643349
구매했습니당,0.2708039845643349
기대되네영,0.2708039845643349
구매했습니당 리얼베리어라,0.2708039845643349
여행가져가려고 구매했습니당 리얼베리어라,0.2708039845643349
여행가져가려고,0.2708039845643349
믿고 구매했습니다 기대되네영,0.2708039845643349
믿고 구매했습니다,0.2708039845643349
클레징밀크도 주문했습니다,0.2699929482415642
클레징밀크도 주문했습니다 쓰겠습니다,0.2699929482415642
같아서 클레징밀크도,0.2699929482415642
제품이 괜찮은것 같아서,0.2699929482415642
클레징밀크도,0.2699929482415642
괜찮은것,0.2699929482415642
제품이 괜찮은것,0.2699929482415642
같아서 클레징밀크도 주문했습니다,0.2699929482415642
괜찮은것 같아서 클레징밀크도,0.2699929482415642
주문했습니다 쓰겠습니다,0.2699929482415642
괜찮은것 같아서,0.2699929482415642
쓸수있는제품같아요,0.2699005959323402
쓸수있는제품같아요 여행 용사이즈로,0.2699005959323402
빠른배송 우선감사드려요 무난하게,0.2699005959323402
용사이즈로,0.2699005959323402
우선감사드려요,0.2699005959323402
우선감사드려요 무난하게,0.2699005959323402
우선감사드려요 무난하게 쓸수있는제품같아요,0.2699005959323402
여행 용사이즈로,0.2699005959323402
무난하게 쓸수있는제품같아요 여행,0.2699005959323402
무난하게 쓸수있는제품같아요,0.2699005959323402
빠른배송 우선감사드려요,0.2699005959323402
쓸수있는제품같아요 여행,0.2699005959323402
사용해보니,0.26928733276869843
건조한,0.26889000274949443
오래,0.2686489461928241
사용해 보고,0.2682104804886613
됩니다,0.2681578211823686
촉촉한 클렌징이 됩니다,0.2681578211823686
클렌징이 됩니다,0.2681578211823686
삿는데요 촉촉한,0.2681578211823686
삿는데요 촉촉한 클렌징이,0.2681578211823686
여행갈때 쓰려고,0.2681578211823686
삿는데요,0.2681578211823686
촉촉한 클렌징이,0.2681578211823686
쓰려고 삿는데요,0.2681578211823686
쓰려고,0.2681578211823686
여행갈때 쓰려고 삿는데요,0.2681578211823686
쓰려고 삿는데요 촉촉한,0.2681578211823686
선크림 정도는,0.26804285643128223
정도는,0.26804285643128223
모르겠어서,0.26801979758495514
용정도 사이즈로 휴대하기도,0.2667673953712217
용정도 사이즈로,0.2667673953712217
용정도,0.2667673953712217
사용해보기 여행,0.2667673953712217
사이즈로 휴대하기도,0.2667673953712217
사용해보기 여행 용정도,0.2667673953712217
몇번 사용해보기,0.2667673953712217
몇번,0.2667673953712217
몇번 사용해보기 여행,0.2667673953712217
휴대하기도,0.2667673953712217
여행 용정도,0.2667673953712217
여행 용정도 사이즈로,0.2667673953712217
사용해보기,0.2667673953712217
밀크는 첨이예요,0.26667563805289785
제품들은,0.26667563805289785
지워 밀크는 첨이예요,0.26667563805289785
선크림도 지워 밀크는,0.26667563805289785
첨이예요,0.26667563805289785
지워 밀크는,0.26667563805289785
선크림도 지워,0.26667563805289785
순하면서 선크림도 지워,0.26667563805289785
순하면서,0.26667563805289785
제품들은 순하면서,0.26667563805289785
제품들은 순하면서 선크림도,0.26667563805289785
순하면서 선크림도,0.26667563805289785
들고다니기에도,0.2665684342010035
잘샀어요 들고다니기에도 부담없는,0.2665684342010035
저렴하게 잘샀어요 들고다니기에도,0.2665684342010035
저렴하게 잘샀어요,0.2665684342010035
잘샀어요 들고다니기에도,0.2665684342010035
부담없는 귀여운 사이즈,0.2665684342010035
부담없는 귀여운,0.2665684342010035
들고다니기에도 부담없는 귀여운,0.2665684342010035
귀여운 사이즈,0.2665684342010035
들고다니기에도 부담없는,0.2665684342010035
귀여운,0.2665684342010035
부담없는,0.2665684342010035
오일 워터 자극적이고,0.26553126914360836
워터 자극적이고 안좋다길래,0.26553126914360836
워터,0.26553126914360836
안좋다길래 사봤어요,0.26553126914360836
자극적이고 안좋다길래 사봤어요,0.26553126914360836
자극적이고 안좋다길래,0.26553126914360836
자극적이고,0.26553126914360836
안좋다길래,0.26553126914360836
안좋다길래 사봤어요 순해서,0.26553126914360836
워터 자극적이고,0.26553126914360836
사봤어요 순해서,0.26553126914360836
오일 워터,0.26553126914360836
전에,0.2634112413600748
쓰던,0.262913654957174
리얼베리어에서 나온,0.2624524477555326
나온,0.2624524477555326
가격에 사용해볼수있어서,0.26207499322823463
용으로 들고다니기 좋을,0.26207499322823463
용으로 들고다니기,0.26207499322823463
들고다니기 좋을,0.26207499322823463
들고다니기,0.26207499322823463
사용해볼수있어서 여행,0.26207499322823463
사용해볼수있어서,0.26207499322823463
사용해볼수있어서 여행 용으로,0.26207499322823463
여행 용으로 들고다니기,0.26207499322823463
저렴한 가격에 사용해볼수있어서,0.26207499322823463
가격에 사용해볼수있어서 여행,0.26207499322823463
용으로 들고,0.26184380661464834
여행 용으로 들고,0.26184380661464834
들고,0.26184380661464834
수영장,0.261453880948231
수영장 갈때,0.261453880948231
갈때 들고가기좋은,0.261453880948231
써보고싶어서 구매햇습니다 수영장,0.261453880948231
들고가기좋은 사이즈네요,0.261453880948231
써보고싶어서,0.261453880948231
써보고싶어서 구매햇습니다,0.261453880948231
구매햇습니다 수영장,0.261453880948231
갈때 들고가기좋은 사이즈네요,0.261453880948231
수영장 갈때 들고가기좋은,0.261453880948231
구매햇습니다,0.261453880948231
구매햇습니다 수영장 갈때,0.261453880948231
들고가기좋은,0.261453880948231
있는데,0.26082987063805047
용으로 쓰면,0.2603830644863713
용으로 쓰면 좋을것같아요,0.2603830644863713
여행 용으로 쓰면,0.2603830644863713
좋을것같아요 좋은제품 저렴하게,0.2603830644863713
저렴하게 구입했습니다,0.2603830644863713
쓰면 좋을것같아요 좋은제품,0.2603830644863713
좋은제품 저렴하게,0.2603830644863713
쓰면 좋을것같아요,0.2603830644863713
좋은제품,0.2603830644863713
좋은제품 저렴하게 구입했습니다,0.2603830644863713
좋을것같아요 좋은제품,0.2603830644863713
좋을것같아요,0.2603830644863713
것도,0.2594702328180519
순한 만드는 브랜드여서,0.2591934864451127
만드는,0.2591934864451127
만드는 브랜드여서 샀습니다,0.2591934864451127
브랜드여서 샀습니다 여행,0.2591934864451127
항상 순한,0.2591934864451127
항상 순한 만드는,0.2591934864451127
브랜드여서 샀습니다,0.2591934864451127
브랜드여서,0.2591934864451127
순한 만드는,0.2591934864451127
만드는 브랜드여서,0.2591934864451127
샀습니다 여행 용으로,0.2591934864451127
샀습니다,0.2591934864451127
샀습니다 여행,0.2591934864451127
부담이,0.25855048912231926
민감하고 건조한피부라,0.25815243602737675
맞을꺼 쓰겠습니다,0.25815243602737675
민감하고 건조한피부라 맞을꺼,0.25815243602737675
여행 용으로 사이즈가,0.25815243602737675
건조한피부라 맞을꺼 쓰겠습니다,0.25815243602737675
건조한피부라 맞을꺼,0.25815243602737675
건조한피부라,0.25815243602737675
용으로 사이즈가,0.25815243602737675
사이즈가 민감하고,0.25815243602737675
사이즈가 민감하고 건조한피부라,0.25815243602737675
용으로 사이즈가 민감하고,0.25815243602737675
맞을꺼,0.25815243602737675
건조하지도,0.2575406411129421
썼는데,0.2567482054885942
마무리감이,0.2565671840926964
주문했어요 마무리감이,0.2565671840926964
주문했어요 마무리감이 촉촉해요,0.2565671840926964
마무리감이 촉촉해요,0.2565671840926964
먼저 써보고 싶어서,0.2565671840926964
소용량으로 먼저,0.2565671840926964
소용량으로,0.2565671840926964
먼저 써보고,0.2565671840926964
소용량으로 먼저 써보고,0.2565671840926964
싶어서 주문했어요 마무리감이,0.2565671840926964
않아,0.25505174366920513
봤는데,0.2549165374367766
지워지네요,0.2549036212463922
마스카라도,0.25391610118574776
좋은사이즈입니다,0.25320383026291643
용으로 좋은사이즈입니다,0.25320383026291643
아직개봉전이지만,0.25320383026291643
쓸것같아요,0.25320383026291643
믿고 쓸것같아요 휴대,0.25320383026291643
믿고 쓸것같아요,0.25320383026291643
아직개봉전이지만 리얼베리어라,0.25320383026291643
쓸것같아요 휴대 용으로,0.25320383026291643
리얼베리어라 믿고 쓸것같아요,0.25320383026291643
아직개봉전이지만 리얼베리어라 믿고,0.25320383026291643
쓸것같아요 휴대,0.25320383026291643
휴대 용으로 좋은사이즈입니다,0.25320383026291643
크림만 사용해봤었는데,0.25299072220209246
크림만 사용해봤었는데 클렌징밀크도,0.25299072220209246
사용해봤었는데 클렌징밀크도 자극,0.25299072220209246
사용해봤었는데 클렌징밀크도,0.25299072220209246
클렌징밀크도 자극 없음,0.25299072220209246
크림만,0.25299072220209246
사용해봤었는데,0.25299072220209246
지워지고 만족스러워요,0.25299072220209246
없음 지워지고,0.25299072220209246
자극 없음 지워지고,0.25299072220209246
없음 지워지고 만족스러워요,0.25299072220209246
클렌징밀크도 자극,0.25299072220209246
좋아 믿고,0.2509671223059274
좋아 믿고 구매합니다,0.2509671223059274
믿고 구매합니다,0.2509671223059274
아직 사용전이지만 브랜드,0.2509671223059274
사용전이지만 브랜드,0.2509671223059274
사용전이지만 브랜드 제품력아,0.2509671223059274
제품력아 좋아 믿고,0.2509671223059274
제품력아 좋아,0.2509671223059274
브랜드 제품력아,0.2509671223059274
제품력아,0.2509671223059274
브랜드 제품력아 좋아,0.2509671223059274
믿고구매합니다 여행,0.25032546682779033
여행 사이즈로,0.25032546682779033
믿고구매합니다 여행 사이즈로,0.25032546682779033
항상 믿고구매합니다 여행,0.25032546682779033
여행 사이즈로 딱이라,0.25032546682779033
항상 믿고구매합니다,0.25032546682779033
사이즈로 딱이라 구매해봤어요,0.25032546682779033
제품은 항상,0.25032546682779033
제품은 항상 믿고구매합니다,0.25032546682779033
사이즈로 딱이라,0.25032546682779033
딱이라 구매해봤어요,0.25032546682779033
믿고구매합니다,0.25032546682779033
딱이라,0.25032546682779033
클렌징밀크로 세안제 바꿨어요,0.24910360253171424
클렌징밀크로 세안제,0.24910360253171424
피부염때문에,0.24910360253171424
바꿨어요 빠른 배송,0.24910360253171424
바꿨어요,0.24910360253171424
바꿨어요 빠른,0.24910360253171424
피부염때문에 클렌징밀크로,0.24910360253171424
피부염때문에 클렌징밀크로 세안제,0.24910360253171424
빠른 배송 쓸께요,0.24910360253171424
세안제 바꿨어요 빠른,0.24910360253171424
세안제 바꿨어요,0.24910360253171424
배송 쓸께요,0.24910360253171424
순하고 세정력도 궁금했는데,0.2478573213475387
바꿔야겠어요,0.2478573213475387
꾸준히 써보고 괜찮으면,0.2478573213475387
꾸준히 써보고,0.2478573213475387
써보고 괜찮으면 바꿔야겠어요,0.2478573213475387
순하고 세정력도,0.2478573213475387
세정력도 궁금했는데,0.2478573213475387
세정력도 궁금했는데 꾸준히,0.2478573213475387
궁금했는데 꾸준히,0.2478573213475387
궁금했는데 꾸준히 써보고,0.2478573213475387
괜찮으면 바꿔야겠어요,0.2478573213475387
궁금했는데,0.2478573213475387
꾸준히,0.2478573213475387
갖고다니기 좋은,0.24771515538584524
갖고다니기 좋은 사이즈입니다,0.24771515538584524
갖고다니기,0.24771515538584524
없음 부드러워서,0.24771515538584524
좋은 사이즈입니다,0.24771515538584524
사이즈입니다,0.24771515538584524
여행 용으로 갖고다니기,0.24771515538584524
부드러워서 여행 용으로,0.24771515538584524
부드러워서 여행,0.24771515538584524
자극 없음 부드러워서,0.24771515538584524
용으로 갖고다니기,0.24771515538584524
용으로 갖고다니기 좋은,0.24771515538584524
없음 부드러워서 여행,0.24771515538584524
사서,0.24642846212890251
세안잘 되요,0.24591447779713296
세안하는데 만족합니다,0.24591447779713296
세안잘 되요 선크림때문에,0.24591447779713296
세안하는데,0.24591447779713296
이중 세안하는데,0.24591447779713296
이중 세안하는데 만족합니다,0.24591447779713296
부드럽게 세안잘 되요,0.24591447779713296
부드럽게 세안잘,0.24591447779713296
세안잘,0.24591447779713296
선크림때문에 이중,0.24591447779713296
선크림때문에,0.24591447779713296
선크림때문에 이중 세안하는데,0.24591447779713296
되요,0.24591447779713296
되요 선크림때문에,0.24591447779713296
되요 선크림때문에 이중,0.24591447779713296
그런지,0.24570088099009108
피부자극,0.24421199255517168
같아 마음에,0.24371235509200811
같아 마음에 듭니다,0.24371235509200811
메이크업 진하지,0.24371235509200811
메이크업 진하지 않지만,0.24371235509200811
지워것 같아,0.24371235509200811
마음에 듭니다,0.24371235509200811
진하지,0.24371235509200811
진하지 않지만 지워것,0.24371235509200811
지워것 같아 마음에,0.24371235509200811
지워것,0.24371235509200811
않지만 지워것,0.24371235509200811
않지만 지워것 같아,0.24371235509200811
진하지 않지만,0.24371235509200811
씻고나서도,0.2436678288929587
부드럽고 씻고나서도 촉촉해요,0.2436678288929587
써볼수있어서 자극적이지도않고 부드럽고,0.2436678288929587
써볼수있어서 자극적이지도않고,0.2436678288929587
써볼수있어서,0.2436678288929587
씻고나서도 촉촉해요,0.2436678288929587
저렴한가격에 샘플로,0.2436678288929587
자극적이지도않고,0.2436678288929587
샘플로 써볼수있어서 자극적이지도않고,0.2436678288929587
자극적이지도않고 부드럽고,0.2436678288929587
자극적이지도않고 부드럽고 씻고나서도,0.2436678288929587
샘플로 써볼수있어서,0.2436678288929587
저렴한가격에 샘플로 써볼수있어서,0.2436678288929587
부드럽고 씻고나서도,0.2436678288929587
가성비,0.24354328223797492
작아서 휴대,0.24354328223797492
작아서 휴대 용으로,0.24354328223797492
용량이 작아서 휴대,0.24354328223797492
용으로 여행,0.24354328223797492
용으로 여행 용으로,0.24354328223797492
용으로 가성비,0.24354328223797492
여행 용으로 가성비,0.24354328223797492
휴대 용으로 여행,0.24354328223797492
괜찮은거,0.24354328223797492
용으로 가성비 괜찮은거,0.24354328223797492
가성비 괜찮은거,0.24354328223797492
왔어요 엄청 작아서,0.24349815038355746
딱이에요,0.24349815038355746
여행 용으로 딱이에요,0.24349815038355746
빨리 왔어요,0.24349815038355746
왔어요 엄청,0.24349815038355746
배송 빨리 왔어요,0.24349815038355746
배송 빨리,0.24349815038355746
빨리 왔어요 엄청,0.24349815038355746
엄청 작아서,0.24349815038355746
용으로 딱이에요,0.24349815038355746
빨리,0.24349815038355746
엄청 작아서 여행,0.24349815038355746
써보고 사려고,0.2434144950469765
사려고 구매했는데,0.2434144950469765
사려고 구매했는데 너무좋아요,0.2434144950469765
오오 소문대로,0.2434144950469765
써보고 사려고 구매했는데,0.2434144950469765
체험제품있어서 써보고 사려고,0.2434144950469765
체험제품있어서 써보고,0.2434144950469765
구매했는데 너무좋아요,0.2434144950469765
체험제품있어서,0.2434144950469765
소문대로 체험제품있어서 써보고,0.2434144950469765
너무좋아요,0.2434144950469765
오오,0.2434144950469765
오오 소문대로 체험제품있어서,0.2434144950469765
소문대로 체험제품있어서,0.2434144950469765
소문대로,0.2434144950469765
무조건,0.2429899490344262
가장,0.24258865040950855
세정력이 가장,0.24258865040950855
뭐라 말하기는 그렇지만,0.24225418382517558
그렇지만,0.24225418382517558
말하기는 그렇지만 쓰겠습니다,0.24225418382517558
아직 뭐라,0.24225418382517558
아직 뭐라 말하기는,0.24225418382517558
아담사이즈로,0.24225418382517558
그렇지만 쓰겠습니다,0.24225418382517558
뭐라 말하기는,0.24225418382517558
아담사이즈로 체험해보기 아직,0.24225418382517558
체험해보기 아직,0.24225418382517558
체험해보기 아직 뭐라,0.24225418382517558
말하기는 그렇지만,0.24225418382517558
말하기는,0.24225418382517558
체험해보기,0.24225418382517558
아담사이즈로 체험해보기,0.24225418382517558
데일리로,0.24197286332639842
가는데,0.2404684119772292
클렌징폼 나왓대서,0.24025267938295564
체험용 클렌징폼,0.24025267938295564
체험용,0.24025267938295564
체험용 클렌징폼 나왓대서,0.24025267938295564
좋은기회로,0.24025267938295564
잘사용하는데 체험용 클렌징폼,0.24025267938295564
좋은기회로 구매햇네요,0.24025267938295564
클렌징폼 나왓대서 좋은기회로,0.24025267938295564
잘사용하는데 체험용,0.24025267938295564
평소 잘사용하는데,0.24025267938295564
나왓대서,0.24025267938295564
나왓대서 좋은기회로,0.24025267938295564
평소 잘사용하는데 체험용,0.24025267938295564
나왓대서 좋은기회로 구매햇네요,0.24025267938295564
잘사용하는데,0.24025267938295564
세안 당김도,0.23957766947066209
당김도,0.23957766947066209
저렴하게 배송도 빠르고,0.23939000837327432
마침 체험 딜로,0.23939000837327432
배송도 빠르고,0.23939000837327432
딜로 저렴하게 배송도,0.23939000837327432
저렴하게 배송도,0.23939000837327432
써보고싶었는데 마침 체험,0.23939000837327432
빠르고,0.23939000837327432
써보고싶었는데 마침,0.23939000837327432
클렌징밀크 써보고싶었는데,0.23939000837327432
클렌징밀크 써보고싶었는데 마침,0.23939000837327432
사용감이,0.23910557078909228
원래,0.2374272042200528
체험용으로,0.2371006527185734
용량은,0.236619362346113
저렴하게 클렌징밀크,0.2362168917501786
싶어서 구매후 아직,0.2362168917501786
싶어서 구매후,0.2362168917501786
저렴하게 클렌징밀크 사용해보고,0.2362168917501786
구매후 아직,0.2362168917501786
구매후,0.2362168917501786
구매후 아직 미사용입니다,0.2362168917501786
사용해보고 싶어서 구매후,0.2362168917501786
미사용입니다,0.2362168917501786
이벤트로 저렴하게 클렌징밀크,0.2362168917501786
이벤트로 저렴하게,0.2362168917501786
아직 미사용입니다,0.2362168917501786
사용감은,0.23468503567127105
본품도,0.23467864805833294
그러나 빠른 배송,0.2336407708990189
그러나 빠른,0.2336407708990189
그러나,0.2336407708990189
안나요 그러나,0.2336407708990189
안나요 그러나 빠른,0.2336407708990189
가격에 만족합니다,0.2336407708990189
저렴한 가격에 만족합니다,0.2336407708990189
배송 저렴한,0.2336407708990189
거품이 안나요,0.2336407708990189
거품이 안나요 그러나,0.2336407708990189
배송 저렴한 가격에,0.2336407708990189
빠른 배송 저렴한,0.2336407708990189
안나요,0.2336407708990189
출장,0.23283872529948696
출장 많아서,0.23283872529948696
샀어요 행사 구매할게요,0.23283872529948696
받았습니다 출장,0.23283872529948696
샀어요 행사,0.23283872529948696
받았습니다 출장 많아서,0.23283872529948696
휴대 용으로 샀어요,0.23283872529948696
용으로 샀어요 행사,0.23283872529948696
많아서 휴대,0.23283872529948696
행사 구매할게요,0.23283872529948696
많아서 휴대 용으로,0.23283872529948696
출장 많아서 휴대,0.23283872529948696
많아서,0.23283872529948696
아직 써보진 않았지만,0.23228883051142415
않았지만,0.23228883051142415
좋을 사이즈네요,0.23228883051142415
여행가서 쓰기 좋을,0.23228883051142415
사이즈네요 아직,0.23228883051142415
사이즈네요 아직 써보진,0.23228883051142415
쓰기 좋을 사이즈네요,0.23228883051142415
좋을 사이즈네요 아직,0.23228883051142415
써보진 않았지만 향은,0.23228883051142415
않았지만 향은,0.23228883051142415
써보진 않았지만,0.23228883051142415
쓰기 좋을,0.23228883051142415
부드러운,0.23174046507893636
사용하기,0.23096268888392057
믿고 사용해보겠습니다,0.22807563376125678
아직 사용전이긴,0.22807563376125678
사용전이긴 하나,0.22807563376125678
사용전이긴,0.22807563376125678
사용해보겠습니다 저렴하게,0.22807563376125678
사용해보겠습니다 저렴하게 딜떠서,0.22807563376125678
사용해보겠습니다,0.22807563376125678
좋을거라 믿고,0.22807563376125678
좋을거라,0.22807563376125678
아직 사용전이긴 하나,0.22807563376125678
좋을거라 믿고 사용해보겠습니다,0.22807563376125678
사용전이긴 하나 좋을거라,0.22807563376125678
하나 좋을거라 믿고,0.22807563376125678
하나,0.22807563376125678
하나 좋을거라,0.22807563376125678
저렴하게 딜떠서,0.22807563376125678
믿고 사용해보겠습니다 저렴하게,0.22807563376125678
알고,0.22773303206416098
테스트 할수,0.22682865164756633
순해서 본품 주문할거에요,0.22682865164756633
주문할거에요,0.22682865164756633
순해서 본품,0.22682865164756633
사용해보니 순해서 본품,0.22682865164756633
사용해보니 순해서,0.22682865164756633
소량으로 테스트 할수,0.22682865164756633
소량으로 테스트,0.22682865164756633
소량으로,0.22682865164756633
있어서 사용해보니 순해서,0.22682865164756633
있어서 사용해보니,0.22682865164756633
본품 주문할거에요,0.22682865164756633
할수 있어서 사용해보니,0.22682865164756633
할수 있어서,0.22682865164756633
할수,0.22682865164756633
테스트 할수 있어서,0.22682865164756633
않았는데,0.22651563782187256
사이즈네요 휴대 용으로,0.2261043260455147
여행 용으로 좋은,0.2261043260455147
용으로 좋은,0.2261043260455147
사이즈네요 휴대,0.2261043260455147
용으로 좋은 사이즈네요,0.2261043260455147
2029년 넉넉하네요 여행,0.2261043260455147
2029년 넉넉하네요,0.2261043260455147
넉넉하네요 여행 용으로,0.2261043260455147
넉넉하네요 여행,0.2261043260455147
유통기한 2029년 넉넉하네요,0.2261043260455147
유통기한 2029년,0.2261043260455147
좋은 사이즈네요 휴대,0.2261043260455147
2029년,0.2261043260455147
좋은 사이즈네요,0.2261043260455147
성능은 말안해도,0.22565664769593582
성능은,0.22565664769593582
성능은 말안해도 믿음이가네요,0.22565664769593582
가져가면 괜찮을것같아서 구매했습니다,0.22565664769593582
리얼베리어라 성능은,0.22565664769593582
리얼베리어라 성능은 말안해도,0.22565664769593582
믿음이가네요,0.22565664769593582
가져가면,0.22565664769593582
여행갈때 가져가면,0.22565664769593582
괜찮을것같아서 구매했습니다 리얼베리어라,0.22565664769593582
말안해도 믿음이가네요,0.22565664769593582
구매했습니다 리얼베리어라 성능은,0.22565664769593582
여행갈때 가져가면 괜찮을것같아서,0.22565664769593582
괜찮을것같아서 구매했습니다,0.22565664769593582
괜찮을것같아서,0.22565664769593582
구매했습니다 리얼베리어라,0.22565664769593582
가져가면 괜찮을것같아서,0.22565664769593582
타입,0.22538813952458875
있어서 이것도,0.22504209127091548
모든제품 믿구써요,0.22504209127091548
믿구써요 리얼베리어제품으로,0.22504209127091548
이것도 괜찮을거같아요,0.22504209127091548
있어서 이것도 괜찮을거같아요,0.22504209127091548
리얼베리어제품으로,0.22504209127091548
모든제품,0.22504209127091548
믿구써요,0.22504209127091548
모든제품 믿구써요 리얼베리어제품으로,0.22504209127091548
이것도,0.22504209127091548
사용전인데,0.22504209127091548
사용전인데 모든제품 믿구써요,0.22504209127091548
사용전인데 모든제품,0.22504209127091548
믿구써요 리얼베리어제품으로 쓰고,0.22504209127091548
리얼베리어제품으로 쓰고 있어서,0.22504209127091548
리얼베리어제품으로 쓰고,0.22504209127091548
쓰고 있어서 이것도,0.22504209127091548
괜찮을거같아요,0.22504209127091548
클렌징밀크를 한번도 적이,0.224907937409734
구입했어요,0.224907937409734
테스트 브랜드,0.224907937409734
적이,0.224907937409734
적이 없지만,0.224907937409734
클렌징밀크를 한번도,0.224907937409734
테스트 브랜드 믿고,0.224907937409734
한번도,0.224907937409734
한번도 적이,0.224907937409734
없지만,0.224907937409734
없지만 테스트,0.224907937409734
한번도 적이 없지만,0.224907937409734
없지만 테스트 브랜드,0.224907937409734
브랜드 믿고 구입했어요,0.224907937409734
브랜드 믿고,0.224907937409734
믿고 구입했어요,0.224907937409734
적이 없지만 테스트,0.224907937409734
주로 쓰는데,0.22482973941943155
말모말모,0.22482973941943155
용으로 없어서 샀어요,0.22482973941943155
샀어요 브랜드,0.22482973941943155
밀크를 주로 쓰는데,0.22482973941943155
밀크를 주로,0.22482973941943155
주로 쓰는데 여행,0.22482973941943155
쓰는데 여행 용으로,0.22482973941943155
없어서 샀어요,0.22482973941943155
브랜드 말모말모,0.22482973941943155
없어서 샀어요 브랜드,0.22482973941943155
쓰는데 여행,0.22482973941943155
여행 용으로 없어서,0.22482973941943155
용으로 없어서,0.22482973941943155
샀어요 브랜드 말모말모,0.22482973941943155
구매해,0.22481983597409677
착하고 텍스처도,0.2245279484516838
구매했고,0.2245279484516838
가격도 착하고,0.2245279484516838
무난해서,0.2245279484516838
구매했고 가격도,0.2245279484516838
이벤트로 구매했고 가격도,0.2245279484516838
텍스처도 무난해서,0.2245279484516838
착하고 텍스처도 무난해서,0.2245279484516838
착하고,0.2245279484516838
텍스처도 무난해서 마음에,0.2245279484516838
무난해서 마음에 들어요,0.2245279484516838
구매했고 가격도 착하고,0.2245279484516838
무난해서 마음에,0.2245279484516838
이벤트로 구매했고,0.2245279484516838
가격도 착하고 텍스처도,0.2245279484516838
텍스처도,0.2245279484516838
클렌징오일,0.22374561669765006
클렌징밀크도 써보려고,0.2225547328314369
써보려고,0.2225547328314369
써보려고 구매해봤습니다 나쁘지않은거,0.2225547328314369
쓰다가 클렌징밀크도,0.2225547328314369
써보려고 구매해봤습니다,0.2225547328314369
안하긴하는데 클렌징오일만,0.2225547328314369
안하긴하는데 클렌징오일만 쓰다가,0.2225547328314369
안하긴하는데,0.2225547328314369
화장을 안하긴하는데 클렌징오일만,0.2225547328314369
화장을 안하긴하는데,0.2225547328314369
쓰다가 클렌징밀크도 써보려고,0.2225547328314369
나쁘지않은거,0.2225547328314369
클렌징밀크도 써보려고 구매해봤습니다,0.2225547328314369
클렌징오일만 쓰다가 클렌징밀크도,0.2225547328314369
구매해봤습니다 나쁘지않은거,0.2225547328314369
클렌징오일만,0.2225547328314369
클렌징오일만 쓰다가,0.2225547328314369
잘받았어요,0.22181395563611703
여행갈때 챙겨갔는데 세정도,0.22181395563611703
여행갈때 챙겨갔는데,0.22181395563611703
굿굿,0.22181395563611703
챙겨갔는데 세정도,0.22181395563611703
챙겨갔는데 세정도 잘되고,0.22181395563611703
챙겨갔는데,0.22181395563611703
세정도 잘되고,0.22181395563611703
세정도 잘되고 부드럽네요,0.22181395563611703
배송도빠르고 잘받았어요 여행갈때,0.22181395563611703
배송도빠르고 잘받았어요,0.22181395563611703
배송도빠르고,0.22181395563611703
잘되고 부드럽네요,0.22181395563611703
잘받았어요 여행갈때 챙겨갔는데,0.22181395563611703
부드럽네요 굿굿,0.22181395563611703
부드럽네요,0.22181395563611703
잘받았어요 여행갈때,0.22181395563611703
잘되고 부드럽네요 굿굿,0.22181395563611703
적은,0.22130569999260535
싶었는데 써보고,0.22069977267271293
딜로 싸게,0.22069977267271293
괜찮으면 본품으로 구매할게요,0.22069977267271293
괜찮으면 본품으로,0.22069977267271293
싶었는데 써보고 괜찮으면,0.22069977267271293
써보고 괜찮으면 본품으로,0.22069977267271293
체험 딜로 싸게,0.22069977267271293
싸게 사보고 싶었는데,0.22069977267271293
싸게 사보고,0.22069977267271293
사보고 싶었는데 써보고,0.22069977267271293
본품으로 구매할게요,0.22069977267271293
딜로 싸게 사보고,0.22069977267271293
감사하며,0.22066765088508103
대만족,0.22066765088508103
앞으로도 잘쓸게용,0.22066765088508103
감사하며 싸게,0.22066765088508103
감사하며 싸게 구매해서,0.22066765088508103
진심으로 감사하며,0.22066765088508103
앞으로도,0.22066765088508103
진심으로,0.22066765088508103
잘쓸게용,0.22066765088508103
싸게 구매해서 대만족,0.22066765088508103
싸게 구매해서,0.22066765088508103
대만족 앞으로도 잘쓸게용,0.22066765088508103
대만족 앞으로도,0.22066765088508103
구매해서 대만족 앞으로도,0.22066765088508103
잘사용중입니다 진심으로,0.22066765088508103
잘사용중입니다 진심으로 감사하며,0.22066765088508103
진심으로 감사하며 싸게,0.22066765088508103
구매해서 대만족,0.22066765088508103
잘사용중입니다,0.22066765088508103
리얼베리어크림 사용하는데 좋아서,0.22026129928070448
체험 떳기에,0.22026129928070448
떳기에 구입해서,0.22026129928070448
구입해서 사용하는데 역시,0.22026129928070448
떳기에,0.22026129928070448
리얼베리어크림 사용하는데,0.22026129928070448
떳기에 구입해서 사용하는데,0.22026129928070448
사용하는데 좋아서 체험,0.22026129928070448
좋아서 체험,0.22026129928070448
좋아서 체험 떳기에,0.22026129928070448
구입해서 사용하는데,0.22026129928070448
구입해서,0.22026129928070448
사용하는데 좋아서,0.22026129928070448
사용하는데 역시,0.22026129928070448
체험 떳기에 구입해서,0.22026129928070448
세안후에,0.21974091630629103
용도로,0.21943023059124916
후에도 당김이,0.21941221613550127
세안 후에도 당김이,0.21941221613550127
당김이,0.21941221613550127
더좋다해서,0.21882343820010047
여행 용으로 주문했습니다,0.21882343820010047
더좋다해서 구매합니다,0.21882343820010047
지성피부에,0.21882343820010047
주문했습니다 클렌징오일보다 밀크가,0.21882343820010047
주문했습니다 클렌징오일보다,0.21882343820010047
용으로 주문했습니다,0.21882343820010047
클렌징오일보다 밀크가,0.21882343820010047
배송빠릅니다,0.21882343820010047
클렌징오일보다,0.21882343820010047
배송빠릅니다 여행,0.21882343820010047
배송빠릅니다 여행 용으로,0.21882343820010047
밀크가 지성피부에,0.21882343820010047
밀크가 지성피부에 더좋다해서,0.21882343820010047
용으로 주문했습니다 클렌징오일보다,0.21882343820010047
지성피부에 더좋다해서,0.21882343820010047
클렌징오일보다 밀크가 지성피부에,0.21882343820010047
지성피부에 더좋다해서 구매합니다,0.21882343820010047
오일없이,0.21880524684217895
클렌징되니 편해요,0.21880524684217895
한번에 클렌징되니,0.21880524684217895
한번에 클렌징되니 편해요,0.21880524684217895
클렌징되니,0.21880524684217895
용으로 들고 다니기,0.21880524684217895
들고 다니기 편하네요,0.21880524684217895
들고 다니기,0.21880524684217895
다니기 편하네요,0.21880524684217895
편하네요 오일없이,0.21880524684217895
편하네요,0.21880524684217895
편해요,0.21880524684217895
편하네요 오일없이 한번에,0.21880524684217895
오일없이 한번에,0.21880524684217895
다니기 편하네요 오일없이,0.21880524684217895
오일없이 한번에 클렌징되니,0.21880524684217895
얘는,0.21834077838654112
잘샀어요 배송도,0.2183165591233777
아주좋은기회에,0.2183165591233777
잘샀어요 배송도 엄청빠르네요,0.2183165591233777
싸게 잘샀어요 배송도,0.2183165591233777
싸게 잘샀어요,0.2183165591233777
용으로 주말에 여행가는데,0.2183165591233777
아주좋은기회에 싸게,0.2183165591233777
엄청빠르네요,0.2183165591233777
여행가는데 아주좋은기회에 싸게,0.2183165591233777
여행 용으로 주말에,0.2183165591233777
여행가는데 아주좋은기회에,0.2183165591233777
배송도 엄청빠르네요,0.2183165591233777
용으로 주말에,0.2183165591233777
주말에 여행가는데,0.2183165591233777
주말에,0.2183165591233777
여행가는데,0.2183165591233777
주말에 여행가는데 아주좋은기회에,0.2183165591233777
아주좋은기회에 싸게 잘샀어요,0.2183165591233777
느낌,0.21830235594544192
클렌징밀크 중인데 리얼베리어도,0.21805244520801526
클렌징밀크 중인데,0.21805244520801526
휴대 용으로 구매해봤아요,0.21805244520801526
중인데 리얼베리어도 비교해봐야겠어요,0.21805244520801526
중인데 리얼베리어도,0.21805244520801526
구매해봤아요,0.21805244520801526
구매해봤아요 평소 타사,0.21805244520801526
구매해봤아요 평소,0.21805244520801526
평소 타사 클렌징밀크,0.21805244520801526
평소 타사,0.21805244520801526
타사 클렌징밀크 중인데,0.21805244520801526
리얼베리어도,0.21805244520801526
비교해봐야겠어요,0.21805244520801526
용으로 구매해봤아요 평소,0.21805244520801526
용으로 구매해봤아요,0.21805244520801526
리얼베리어도 비교해봐야겠어요,0.21805244520801526
30ml라,0.21703584199679726
딜로 구매해보았습니다 여행,0.21571910344732287
딜로 구매해보았습니다,0.21571910344732287
딱일,0.21571910344732287
브랜드 신뢰도가 높아,0.21571910344732287
딱일 깔끔합니다,0.21571910344732287
깔끔합니다,0.21571910344732287
구매해보았습니다 여행,0.21571910344732287
구매해보았습니다 여행 딱일,0.21571910344732287
높아 체험,0.21571910344732287
높아 체험 딜로,0.21571910344732287
체험 딜로 구매해보았습니다,0.21571910344732287
높아,0.21571910344732287
신뢰도가 높아,0.21571910344732287
신뢰도가,0.21571910344732287
브랜드 신뢰도가,0.21571910344732287
신뢰도가 높아 체험,0.21571910344732287
여행 딱일 깔끔합니다,0.21571910344732287
여행 딱일,0.21571910344732287
자극이 같아서 이번에,0.21532735248517512
같아서 이번에 클렌징밀크로,0.21532735248517512
있는데 자극이 같아서,0.21532735248517512
클렌징오일을 쓰고,0.21532735248517512
클렌징오일을 쓰고 있는데,0.21532735248517512
클렌징오일을,0.21532735248517512
쓰고 있는데,0.21532735248517512
있는데 자극이,0.21532735248517512
쓰고 있는데 자극이,0.21532735248517512
이번에 클렌징밀크로 구매해보았습니다,0.21532735248517512
기존에 클렌징오일을 쓰고,0.21532735248517512
기존에 클렌징오일을,0.21532735248517512
이번에 클렌징밀크로,0.21532735248517512
클렌징밀크로 구매해보았습니다,0.21532735248517512
자극이 같아서,0.21532735248517512
같아서 이번에,0.21532735248517512
클렌징이 잘되어서 만족합니다,0.215255367544819
없고 순한데,0.215255367544819
부담이 없고,0.215255367544819
본품으로 사려구요,0.215255367544819
클렌징이 잘되어서,0.215255367544819
부담이 없고 순한데,0.215255367544819
잘되어서,0.215255367544819
잘되어서 만족합니다,0.215255367544819
피부에 부담이 없고,0.215255367544819
만족합니다 본품으로 사려구요,0.215255367544819
만족합니다 본품으로,0.215255367544819
순한데 클렌징이,0.215255367544819
순한데 클렌징이 잘되어서,0.215255367544819
잘되어서 만족합니다 본품으로,0.215255367544819
없고 순한데 클렌징이,0.215255367544819
피부에 부담이,0.215255367544819
놓으면 사러,0.21493410760458107
좋은거라,0.21493410760458107
써보고 놓으면 사러,0.21493410760458107
좋은거라 믿고,0.21493410760458107
좋은거라 믿고 써보고,0.21493410760458107
써보고 놓으면,0.21493410760458107
믿고 써보고,0.21493410760458107
놀랬지만 좋은거라 믿고,0.21493410760458107
작아서 놀랬지만 좋은거라,0.21493410760458107
놓으면,0.21493410760458107
놓으면 사러 올께요,0.21493410760458107
사러,0.21493410760458107
사러 올께요,0.21493410760458107
작아서 놀랬지만,0.21493410760458107
놀랬지만,0.21493410760458107
믿고 써보고 놓으면,0.21493410760458107
올께요,0.21493410760458107
놀랬지만 좋은거라,0.21493410760458107
생각보다 작아서 놀랬지만,0.21493410760458107
딜이라 사봤어요,0.2147963210840829
딜이라,0.2147963210840829
딜이라 사봤어요 좋으면,0.2147963210840829
사봤어요 좋으면,0.2147963210840829
사봤어요 좋으면 정착하려구요,0.2147963210840829
체험 딜이라 사봤어요,0.2147963210840829
좋으면 정착하려구요 며칠,0.2147963210840829
정착하려구요,0.2147963210840829
정착하려구요 며칠,0.2147963210840829
자극 없고,0.2147963210840829
체험 딜이라,0.2147963210840829
며칠,0.2147963210840829
좋으면 정착하려구요,0.2147963210840829
며칠 써보니 자극,0.2147963210840829
써보니 자극,0.2147963210840829
써보니,0.2147963210840829
며칠 써보니,0.2147963210840829
정착하려구요 며칠 써보니,0.2147963210840829
써보니 자극 없고,0.2147963210840829
작네요,0.21430741383924384
한번 써보려고요,0.21430741383924384
한번 써보려고요 생각보다,0.21430741383924384
써보려고요 생각보다,0.21430741383924384
써보려고요 생각보다 크기가,0.21430741383924384
적다고 한번,0.21430741383924384
적다고,0.21430741383924384
적다고 한번 써보려고요,0.21430741383924384
크기가 작네요,0.21430741383924384
생각보다 크기가 작네요,0.21430741383924384
오일보다 자극이,0.21430741383924384
클링징 오일보다,0.21430741383924384
클링징 오일보다 자극이,0.21430741383924384
클링징,0.21430741383924384
오일보다 자극이 적다고,0.21430741383924384
자극이 적다고,0.21430741383924384
자극이 적다고 한번,0.21430741383924384
아침,0.21358072765108424
체험 써보려구,0.21343983529722368
여행갈때 간단히 챙겨가기,0.21343983529722368
유통기한 낙낙해요,0.21343983529722368
좋은 유통기한,0.21343983529722368
챙겨가기,0.21343983529722368
낙낙해요,0.21343983529722368
써보려구,0.21343983529722368
써보려구 구매했는데 여행갈때,0.21343983529722368
써보려구 구매했는데,0.21343983529722368
구매했는데 여행갈때,0.21343983529722368
좋은 유통기한 낙낙해요,0.21343983529722368
챙겨가기 좋은 유통기한,0.21343983529722368
챙겨가기 좋은,0.21343983529722368
체험 써보려구 구매했는데,0.21343983529722368
구매했는데 여행갈때 간단히,0.21343983529722368
간단히 챙겨가기 좋은,0.21343983529722368
간단히 챙겨가기,0.21343983529722368
간단히,0.21343983529722368
여행갈때 간단히,0.21343983529722368
찾는,0.21136812848015996
감사드립니다,0.21101190914244827
체험 떠서 저렴한가격에,0.21101190914244827
빠른 배송까지,0.21101190914244827
저렴한가격에 구매했는데 효과도,0.21101190914244827
효과도 너무좋네요,0.21101190914244827
효과도 너무좋네요 빠른,0.21101190914244827
저렴한가격에 구매했는데,0.21101190914244827
구매했는데 효과도,0.21101190914244827
구매했는데 효과도 너무좋네요,0.21101190914244827
너무좋네요 빠른 배송까지,0.21101190914244827
효과도,0.21101190914244827
배송까지,0.21101190914244827
떠서 저렴한가격에 구매했는데,0.21101190914244827
떠서 저렴한가격에,0.21101190914244827
배송까지 감사드립니다,0.21101190914244827
너무좋네요,0.21101190914244827
너무좋네요 빠른,0.21101190914244827
체험 떠서,0.21101190914244827
빠른 배송까지 감사드립니다,0.21101190914244827
사용후 클렌징한거라,0.20881012734909768
해결할수있어 죵와요 선크림도,0.20881012734909768
해결할수있어 죵와요,0.20881012734909768
사용후 클렌징한거라 사용해봐야,0.20881012734909768
해결할수있어,0.20881012734909768
사용했는데 끈적이지,0.20881012734909768
죵와요 선크림도 지워지내요,0.20881012734909768
선크림도 지워지내요,0.20881012734909768
1회 사용했는데,0.20881012734909768
1회 사용했는데 끈적이지,0.20881012734909768
지워지내요,0.20881012734909768
세안없이 한번에,0.20881012734909768
받자마자 사용해봤어요 이중,0.20881012734909768
사용해봤어요 이중,0.20881012734909768
무난해요 선크림만 사용후,0.20881012734909768
무난해요 선크림만,0.20881012734909768
받자마자 사용해봤어요,0.20881012734909768
사용해봐야,0.20881012734909768
사용해봤어요 이중 세안없이,0.20881012734909768
무난해요,0.20881012734909768
한번에 해결할수있어,0.20881012734909768
세안없이,0.20881012734909768
한번에 해결할수있어 죵와요,0.20881012734909768
사용했는데,0.20881012734909768
죵와요,0.20881012734909768
받자마자,0.20881012734909768
죵와요 선크림도,0.20881012734909768
않고 무난해요,0.20881012734909768
끈적이지 않고,0.20881012734909768
끈적이지 않고 무난해요,0.20881012734909768
끈적이지,0.20881012734909768
사용했는데 끈적이지 않고,0.20881012734909768
세안없이 한번에 해결할수있어,0.20881012734909768
선크림만 사용후,0.20881012734909768
선크림만 사용후 클렌징한거라,0.20881012734909768
이중 세안없이,0.20881012734909768
이중 세안없이 한번에,0.20881012734909768
클렌징한거라,0.20881012734909768
않고 무난해요 선크림만,0.20881012734909768
클렌징한거라 사용해봐야,0.20881012734909768
제품은 사야죠,0.20811729614791413
구매해둡니다 이번에도,0.20811729614791413
구매해둡니다,0.20811729614791413
제품은 사야죠 만족하는,0.20811729614791413
만족하는,0.20811729614791413
만족하는 상품이라 세일할때,0.20811729614791413
상품이라 세일할때 구매해둡니다,0.20811729614791413
구매해둡니다 이번에도 만족합니다,0.20811729614791413
상품이라 세일할때,0.20811729614791413
사야죠,0.20811729614791413
사야죠 만족하는 상품이라,0.20811729614791413
에스트라,0.20811729614791413
세일할때 구매해둡니다,0.20811729614791413
세일할때,0.20811729614791413
이번에도,0.20811729614791413
만족하는 상품이라,0.20811729614791413
에스트라 제품은 사야죠,0.20811729614791413
이번에도 만족합니다,0.20811729614791413
세일할때 구매해둡니다 이번에도,0.20811729614791413
상품이라,0.20811729614791413
에스트라 제품은,0.20811729614791413
사야죠 만족하는,0.20811729614791413
꾸덕한 느낌이 저만,0.20763299015810563
제가 건조해서 그런가봅니다,0.20763299015810563
느낌이 저만,0.20763299015810563
저만 그런건지 제가,0.20763299015810563
저만,0.20763299015810563
저만 그런건지,0.20763299015810563
밀크인데 뭔가 꾸덕한,0.20763299015810563
밀크인데 뭔가,0.20763299015810563
제가,0.20763299015810563
제가 건조해서,0.20763299015810563
꾸덕한 느낌이,0.20763299015810563
뭔가 꾸덕한 느낌이,0.20763299015810563
밀크인데,0.20763299015810563
그런건지 제가,0.20763299015810563
그런건지 제가 건조해서,0.20763299015810563
건조해서,0.20763299015810563
건조해서 그런가봅니다,0.20763299015810563
그런건지,0.20763299015810563
그런가봅니다,0.20763299015810563
느낌이 저만 그런건지,0.20763299015810563
뭔가 꾸덕한,0.20763299015810563
약간의 약품,0.20748528395974405
가격에 산것,0.20748528395974405
냄새가,0.20748528395974405
냄새가 나요,0.20748528395974405
냄새가 나요 런칭,0.20748528395974405
약품,0.20748528395974405
약간의,0.20748528395974405
약품 냄새가 나요,0.20748528395974405
산것,0.20748528395974405
깨끗이 닦입니다 약간의,0.20748528395974405
약품 냄새가,0.20748528395974405
나요,0.20748528395974405
런칭 가격에,0.20748528395974405
나요 런칭 가격에,0.20748528395974405
닦입니다 약간의 약품,0.20748528395974405
닦입니다 약간의,0.20748528395974405
런칭 가격에 산것,0.20748528395974405
런칭,0.20748528395974405
나요 런칭,0.20748528395974405
약간의 약품 냄새가,0.20748528395974405
없는데,0.20742655677674648
보고 맞으면,0.2065074775349072
보고 맞으면 추가,0.2065074775349072
저렴하게 사용해,0.2065074775349072
저렴하게 사용해 보고,0.2065074775349072
추가,0.2065074775349072
빠른 배송 좋은,0.2065074775349072
좋은 기회로 저렴하게,0.2065074775349072
추가 구매하겠습니다,0.2065074775349072
기회로 저렴하게,0.2065074775349072
기회로 저렴하게 사용해,0.2065074775349072
배송 좋은 기회로,0.2065074775349072
배송 좋은,0.2065074775349072
구매하겠습니다,0.2065074775349072
맞으면 추가,0.2065074775349072
맞으면 추가 구매하겠습니다,0.2065074775349072
사용해 보고 맞으면,0.2065074775349072
느낌도 없고,0.2042340084361282
느낌도,0.2042340084361282
들어서,0.20354930195622292
2029년도로 넉넉하네요,0.20328765589907521
싶어서 주문했어요 워낙,0.20328765589907521
2029년도로 넉넉하네요 써보고,0.20328765589907521
워낙 괜찮으니 클렌징밀크도,0.20328765589907521
괜찮으니,0.20328765589907521
유통기하,0.20328765589907521
워낙 괜찮으니,0.20328765589907521
괜찮으니 클렌징밀크도,0.20328765589907521
괜찮으니 클렌징밀크도 괜찮을,0.20328765589907521
2029년도로,0.20328765589907521
워낙,0.20328765589907521
유통기하 2029년도로,0.20328765589907521
넉넉하네요 써보고 싶어서,0.20328765589907521
넉넉하네요 써보고,0.20328765589907521
유통기하 2029년도로 넉넉하네요,0.20328765589907521
주문했어요 워낙 괜찮으니,0.20328765589907521
주문했어요 워낙,0.20328765589907521
클렌징밀크도 괜찮을,0.20328765589907521
유화도,0.20315918259933097
바르는날 사용해볼게요,0.20251744228457028
바르는날,0.20251744228457028
있어서 밀크도 궁금해서,0.20251744228457028
궁금해서 선크림 바르는날,0.20251744228457028
아직 사용전이지만 리얼베리어크림,0.20251744228457028
밀크도 궁금해서 선크림,0.20251744228457028
밀크도,0.20251744228457028
밀크도 궁금해서,0.20251744228457028
선크림 바르는날,0.20251744228457028
선크림 바르는날 사용해볼게요,0.20251744228457028
잘쓰고 있어서 밀크도,0.20251744228457028
리얼베리어크림 잘쓰고,0.20251744228457028
잘쓰고 있어서,0.20251744228457028
잘쓰고,0.20251744228457028
리얼베리어크림 잘쓰고 있어서,0.20251744228457028
있어서 밀크도,0.20251744228457028
사용전이지만 리얼베리어크림,0.20251744228457028
사용전이지만 리얼베리어크림 잘쓰고,0.20251744228457028
궁금해서 선크림,0.20251744228457028
진한,0.20213760125260294
손으로,0.20143350144571823
얼굴,0.20143350144571823
체험해보려고 사봤어용 여행,0.20093524658396708
체험해보려고 사봤어용,0.20093524658396708
써봐야징,0.20093524658396708
사봤어용 여행,0.20093524658396708
쓰는 리얼베리어라,0.20093524658396708
쓰는 리얼베리어라 기대해봅니당,0.20093524658396708
사봤어용 여행 가서,0.20093524658396708
믿고 쓰는 리얼베리어라,0.20093524658396708
기대해봅니당,0.20093524658396708
가서 써봐야징 믿고,0.20093524658396708
가서 써봐야징,0.20093524658396708
가서,0.20093524658396708
써봐야징 믿고 쓰는,0.20093524658396708
써봐야징 믿고,0.20093524658396708
핫딜로 체험해보려고 사봤어용,0.20093524658396708
핫딜로 체험해보려고,0.20093524658396708
핫딜로,0.20093524658396708
여행 가서,0.20093524658396708
사봤어용,0.20093524658396708
여행 가서 써봐야징,0.20093524658396708
리얼베리어라 기대해봅니당,0.20093524658396708
타사 오래 쓰던,0.2007980093953333
타사 오래,0.2007980093953333
사용해 봤는데,0.2007980093953333
싶어서 사용해 봤는데,0.2007980093953333
엄청 촉촉,0.2007980093953333
쓰던 바꿔보고 싶어서,0.2007980093953333
오래 쓰던,0.2007980093953333
엄청 촉촉 순해요,0.2007980093953333
사용해 봤는데 엄청,0.2007980093953333
싶어서 사용해,0.2007980093953333
봤는데 엄청,0.2007980093953333
봤는데 엄청 촉촉,0.2007980093953333
쓰던 바꿔보고,0.2007980093953333
바꿔보고 싶어서 사용해,0.2007980093953333
바꿔보고,0.2007980093953333
촉촉 순해요,0.2007980093953333
오래 쓰던 바꿔보고,0.2007980093953333
바꿔보고 싶어서,0.2007980093953333
순해요,0.2007980093953333
폼클렌징,0.200474594232344
여름철에 사용이 기대되네요,0.2000666042675752
기대되네요,0.2000666042675752
차단제 세정력이,0.2000666042675752
차단제 세정력이 좋을거,0.2000666042675752
차단제,0.2000666042675752
세정력이 좋을거 같아서,0.2000666042675752
자외선 차단제 세정력이,0.2000666042675752
사용이,0.2000666042675752
여름철에 사용이,0.2000666042675752
사용이 기대되네요,0.2000666042675752
여름철에,0.2000666042675752
세정력이 좋을거,0.2000666042675752
샀어요 자외선,0.2000666042675752
좋을거 같아서,0.2000666042675752
좋을거,0.2000666042675752
좋을거 같아서 여름철에,0.2000666042675752
자외선 차단제,0.2000666042675752
같아서 여름철에 사용이,0.2000666042675752
같아서 여름철에,0.2000666042675752
샀어요 자외선 차단제,0.2000666042675752
저렴하게 샀어요 자외선,0.2000666042675752
자외선,0.2000666042675752
클렌징밀크 사용해보고싶었는데,0.1988410199958523
주문해봤어요 되나 싶었는데,0.1988410199958523
싶었는데 부드럽게 지워서,0.1988410199958523
사용해보고싶었는데 리얼베리어라서바로 주문해봤어요,0.1988410199958523
클렌징밀크 사용해보고싶었는데 리얼베리어라서바로,0.1988410199958523
싶었는데 부드럽게,0.1988410199958523
리얼베리어라서바로 주문해봤어요 되나,0.1988410199958523
리얼베리어라서바로,0.1988410199958523
부드럽게 지워서,0.1988410199958523
만족,0.1988410199958523
부드럽게 지워서 만족,0.1988410199958523
지워서 만족,0.1988410199958523
안그래도 클렌징밀크 사용해보고싶었는데,0.1988410199958523
안그래도 클렌징밀크,0.1988410199958523
안그래도,0.1988410199958523
되나 싶었는데,0.1988410199958523
리얼베리어라서바로 주문해봤어요,0.1988410199958523
되나,0.1988410199958523
되나 싶었는데 부드럽게,0.1988410199958523
사용해보고싶었는데 리얼베리어라서바로,0.1988410199958523
주문해봤어요 되나,0.1988410199958523
사용해보고싶었는데,0.1988410199958523
올라왔길래,0.19738569249686377
사용해 볼려구요,0.19688609707508678
클렌징밀크인데,0.19688609707508678
클렌징밀크인데 물로 씻을수,0.19688609707508678
사용해 볼려구요 클렌징밀크인데,0.19688609707508678
물로 씻을수,0.19688609707508678
씻을수 있어,0.19688609707508678
볼려구요 클렌징밀크인데,0.19688609707508678
볼려구요 클렌징밀크인데 물로,0.19688609707508678
물로 씻을수 있어,0.19688609707508678
볼려구요,0.19688609707508678
사이즈가 작아요,0.19688609707508678
사이즈가 작아요 오늘,0.19688609707508678
기대되요,0.19688609707508678
작아요 오늘 사용해,0.19688609707508678
오늘 사용해 볼려구요,0.19688609707508678
씻을수 있어 기대되요,0.19688609707508678
씻을수,0.19688609707508678
오늘 사용해,0.19688609707508678
작아요 오늘,0.19688609707508678
오늘,0.19688609707508678
클렌징밀크인데 물로,0.19688609707508678
있어 기대되요,0.19688609707508678
폼이랑 차이일 수도,0.19602118861324844
폼이랑 차이일,0.19602118861324844
폼보다 확실히 세안했을,0.19602118861324844
폼이랑,0.19602118861324844
수도 있지만 피부가,0.19602118861324844
확실히 세안했을 촉촉네요,0.19602118861324844
확실히 세안했을,0.19602118861324844
차이일 수도 있지만,0.19602118861324844
차이일 수도,0.19602118861324844
폼보다,0.19602118861324844
있지만 피부가 촉촉니,0.19602118861324844
폼보다 확실히,0.19602118861324844
있지만 피부가,0.19602118861324844
있지만,0.19602118861324844
피부가 촉촉니,0.19602118861324844
수도 있지만,0.19602118861324844
촉촉네요 폼이랑 차이일,0.19602118861324844
촉촉네요 폼이랑,0.19602118861324844
세안했을 촉촉네요 폼이랑,0.19602118861324844
세안했을,0.19602118861324844
세안했을 촉촉네요,0.19602118861324844
수도,0.19602118861324844
차이일,0.19602118861324844
메이크업은,0.19536191120430024
30미리 여행,0.19508060127317872
있게,0.19508060127317872
30미리,0.19508060127317872
좋을 체험해볼,0.19508060127317872
있게 행사해주셔서 감사해요,0.19508060127317872
있게 행사해주셔서,0.19508060127317872
행사해주셔서 감사해요,0.19508060127317872
행사해주셔서,0.19508060127317872
행사해주셔서 감사해요 맞으면,0.19508060127317872
맞으면 구매해볼게요,0.19508060127317872
좋을 체험해볼 있게,0.19508060127317872
체험해볼 있게,0.19508060127317872
여행 용으로 좋을,0.19508060127317872
체험해볼 있게 행사해주셔서,0.19508060127317872
구매해볼게요,0.19508060127317872
클렌징밀크 30미리,0.19508060127317872
감사해요 맞으면,0.19508060127317872
클렌징밀크 30미리 여행,0.19508060127317872
감사해요 맞으면 구매해볼게요,0.19508060127317872
용으로 좋을,0.19508060127317872
용으로 좋을 체험해볼,0.19508060127317872
30미리 여행 용으로,0.19508060127317872
용으로 쓰기 좋울거,0.19461826839214783
딱입니다,0.19461826839214783
딱입니다 사용가,0.19461826839214783
딱입니다 사용가 좋길,0.19461826839214783
사이즈가 딱입니다 사용가,0.19461826839214783
사이즈가 딱입니다,0.19461826839214783
기대해 봐요,0.19461826839214783
기대해,0.19461826839214783
좋울거,0.19461826839214783
같아 사이즈가,0.19461826839214783
사용가 좋길 기대해,0.19461826839214783
봐요,0.19461826839214783
같아 사이즈가 딱입니다,0.19461826839214783
좋길,0.19461826839214783
좋길 기대해 봐요,0.19461826839214783
좋길 기대해,0.19461826839214783
쓰기 좋울거 같아,0.19461826839214783
좋울거 같아,0.19461826839214783
좋울거 같아 사이즈가,0.19461826839214783
쓰기 좋울거,0.19461826839214783
사용가 좋길,0.19461826839214783
사용가,0.19461826839214783
되고 세인하고 나서도,0.194295617022509
되고 세인하고,0.194295617022509
부드러워 롤링이,0.194295617022509
부드러워,0.194295617022509
부드러워 롤링이 되고,0.194295617022509
기준에서는 강한편이네요,0.194295617022509
롤링이,0.194295617022509
나서도 촉촉해서 향은,0.194295617022509
롤링이 되고 세인하고,0.194295617022509
롤링이 되고,0.194295617022509
세인하고,0.194295617022509
강한편이네요,0.194295617022509
세인하고 나서도 촉촉해서,0.194295617022509
세인하고 나서도,0.194295617022509
향은 기준에서는 강한편이네요,0.194295617022509
사용감이 부드러워,0.194295617022509
촉촉해서 향은,0.194295617022509
기준에서는,0.194295617022509
되고,0.194295617022509
촉촉해서 향은 기준에서는,0.194295617022509
나서도 촉촉해서,0.194295617022509
사용감이 부드러워 롤링이,0.194295617022509
향은 기준에서는,0.194295617022509
나서도,0.194295617022509
민감성,0.19274522246466413
구매해봤어요 클렌징밀크를 처음,0.1924195250062987
당김도 심하지,0.1924195250062987
심하지 않아,0.1924195250062987
구매해봤어요 클렌징밀크를,0.1924195250062987
처음 써봤는데,0.1924195250062987
용으로 구매해봤어요,0.1924195250062987
클렌징밀크를 처음 써봤는데,0.1924195250062987
용으로 구매해봤어요 클렌징밀크를,0.1924195250062987
촉촉 세안,0.1924195250062987
처음 써봤는데 생각보다,0.1924195250062987
당김도 심하지 않아,0.1924195250062987
써봤는데 생각보다 촉촉,0.1924195250062987
써봤는데 생각보다,0.1924195250062987
여행 용으로 구매해봤어요,0.1924195250062987
촉촉 세안 당김도,0.1924195250062987
세안 당김도 심하지,0.1924195250062987
생각보다 촉촉 세안,0.1924195250062987
클렌징오일로,0.19207120836461933
있더라고요 그래서,0.19080114166184436
좋더라고요,0.19080114166184436
있더라고요,0.19080114166184436
피부자극이,0.19080114166184436
하지않아서 촉촉,0.1898208084083514
하지않아서 촉촉 괜찮네요,0.1898208084083514
괜찮네요 자극이 없어요,0.1898208084083514
괜찮네요 자극이,0.1898208084083514
괜찮네요,0.1898208084083514
하지않아서,0.1898208084083514
화장을 진하게,0.1898208084083514
지워 모르겠어서 이중,0.1898208084083514
지워 모르겠어서,0.1898208084083514
이중 세안했습니다,0.1898208084083514
진하게 하지않아서,0.1898208084083514
진하게 하지않아서 촉촉,0.1898208084083514
자극이 없어요,0.1898208084083514
촉촉 괜찮네요,0.1898208084083514
촉촉 괜찮네요 자극이,0.1898208084083514
자극이 없어요 지워,0.1898208084083514
세안했습니다,0.1898208084083514
화장을 진하게 하지않아서,0.1898208084083514
진하게,0.1898208084083514
모르겠어서 이중 세안했습니다,0.1898208084083514
모르겠어서 이중,0.1898208084083514
없어요 지워 모르겠어서,0.1898208084083514
없어요 지워,0.1898208084083514
체험용으로 쓰기 좋은,0.18974953934353322
체험용으로 쓰기,0.18974953934353322
여행 체험용으로 쓰기,0.18974953934353322
촉촉 클렌징이,0.18974953934353322
사도 괜찮을,0.18974953934353322
좋은 촉촉,0.18974953934353322
좋은 촉촉 클렌징이,0.18974953934353322
촉촉 클렌징이 자극,0.18974953934353322
클렌징이 자극 없이,0.18974953934353322
클렌징이 자극,0.18974953934353322
없이 되어요 본품,0.18974953934353322
없이 되어요,0.18974953934353322
자극 없이 되어요,0.18974953934353322
쓰기 좋은 촉촉,0.18974953934353322
본품 사도 괜찮을,0.18974953934353322
본품 사도,0.18974953934353322
여행 체험용으로,0.18974953934353322
되어요 본품,0.18974953934353322
되어요,0.18974953934353322
되어요 본품 사도,0.18974953934353322
사도,0.18974953934353322
들었습니다,0.1896735829238355
써봐서 호기심에,0.18963965812334285
이중 세안으로,0.18963965812334285
요새 선크림 바르고다니는데,0.18963965812334285
호기심에 구매했습니다 요새,0.18963965812334285
요새,0.18963965812334285
바르고다니는데,0.18963965812334285
호기심에 구매했습니다,0.18963965812334285
써봐서,0.18963965812334285
요새 선크림,0.18963965812334285
선크림 바르고다니는데 이중,0.18963965812334285
세안으로,0.18963965812334285
선크림 바르고다니는데,0.18963965812334285
클렌징밀크를 처음 써봐서,0.18963965812334285
바르고다니는데 이중,0.18963965812334285
처음 써봐서 호기심에,0.18963965812334285
처음 써봐서,0.18963965812334285
써봐서 호기심에 구매했습니다,0.18963965812334285
이중 세안으로 쓸예정입니다,0.18963965812334285
쓸예정입니다,0.18963965812334285
세안으로 쓸예정입니다,0.18963965812334285
호기심에,0.18963965812334285
구매했습니다 요새,0.18963965812334285
구매했습니다 요새 선크림,0.18963965812334285
바르고다니는데 이중 세안으로,0.18963965812334285
오히려,0.18952492760909323
사이즈가 작아서 놀랬는데,0.18952492760909323
놀랬는데,0.18952492760909323
놀랬는데 오히려,0.18952492760909323
촉촉 생각보다 사이즈가,0.18952492760909323
촉촉 생각보다,0.18952492760909323
생각보다 사이즈가,0.18952492760909323
오히려 여행 용으로,0.18952492760909323
순하고 촉촉,0.18952492760909323
놀랬는데 오히려 여행,0.18952492760909323
다니기 좋을,0.18952492760909323
사이즈가 작아서,0.18952492760909323
오히려 여행,0.18952492760909323
생각보다 사이즈가 작아서,0.18952492760909323
가지고,0.18952492760909323
용으로 가지고,0.18952492760909323
용으로 가지고 다니기,0.18952492760909323
여행 용으로 가지고,0.18952492760909323
순하고 촉촉 생각보다,0.18952492760909323
가지고 다니기,0.18952492760909323
작아서 놀랬는데 오히려,0.18952492760909323
가지고 다니기 좋을,0.18952492760909323
작아서 놀랬는데,0.18952492760909323
크기고 순한거,0.18923075464294015
크기고 순한거 유명하니까,0.18923075464294015
기대됩니다,0.18923075464294015
용량은 여행,0.18923075464294015
여행 크기고,0.18923075464294015
용량은 여행 크기고,0.18923075464294015
쓰고있는데 특가떠서 구매해봤어요,0.18923075464294015
크기고,0.18923075464294015
특가떠서,0.18923075464294015
구매해봤어요 용량은 여행,0.18923075464294015
구매해봤어요 용량은,0.18923075464294015
순한거 유명하니까,0.18923075464294015
다른회사,0.18923075464294015
유명하니까,0.18923075464294015
클렌징밀크 쓰고있는데 특가떠서,0.18923075464294015
클렌징밀크 쓰고있는데,0.18923075464294015
순한거,0.18923075464294015
순한거 유명하니까 기대됩니다,0.18923075464294015
다른회사 클렌징밀크 쓰고있는데,0.18923075464294015
다른회사 클렌징밀크,0.18923075464294015
특가떠서 구매해봤어요,0.18923075464294015
유명하니까 기대됩니다,0.18923075464294015
특가떠서 구매해봤어요 용량은,0.18923075464294015
쓰고있는데 특가떠서,0.18923075464294015
여행 크기고 순한거,0.18923075464294015
남길게요,0.1880914772373878
촉촉합니다 본품 사써야겠어요,0.1879701562813849
부드럽게 지워지고,0.1879701562813849
부드럽게 지워지고 세안후에도,0.1879701562813849
세안후에도 별자극하나없고 촉촉합니다,0.1879701562813849
본품 사써야겠어요 번창하세요,0.1879701562813849
세안후에도,0.1879701562813849
대박좋아요 부드럽게,0.1879701562813849
사써야겠어요 번창하세요,0.1879701562813849
별기대안하고 썼는데 대박좋아요,0.1879701562813849
촉촉합니다 본품,0.1879701562813849
별자극하나없고 촉촉합니다 본품,0.1879701562813849
세안후에도 별자극하나없고,0.1879701562813849
대박좋아요 부드럽게 지워지고,0.1879701562813849
지워지고 세안후에도,0.1879701562813849
본품 사써야겠어요,0.1879701562813849
지워지고 세안후에도 별자극하나없고,0.1879701562813849
대박좋아요,0.1879701562813849
별자극하나없고,0.1879701562813849
별기대안하고 썼는데,0.1879701562813849
썼는데 대박좋아요 부드럽게,0.1879701562813849
별자극하나없고 촉촉합니다,0.1879701562813849
별기대안하고,0.1879701562813849
사써야겠어요,0.1879701562813849
썼는데 대박좋아요,0.1879701562813849
크기는작아서,0.18786437833633643
크기는작아서 여행 용으로,0.18786437833633643
크기는작아서 여행,0.18786437833633643
건조하고 민감한피부,0.18786437833633643
건조하고 민감한피부 메이크업을,0.18786437833633643
건조하고,0.18786437833633643
민감한피부,0.18786437833633643
없이 지워주는,0.18786437833633643
없이 지워주는 밀크타입,0.18786437833633643
민감한피부 메이크업을 자극,0.18786437833633643
지워주는,0.18786437833633643
지워주는 밀크타입,0.18786437833633643
지워주는 밀크타입 생각보다,0.18786437833633643
메이크업을 자극,0.18786437833633643
여행 용으로 사봐요,0.18786437833633643
사봐요,0.18786437833633643
밀크타입 생각보다 크기는작아서,0.18786437833633643
메이크업을 자극 없이,0.18786437833633643
밀크타입 생각보다,0.18786437833633643
생각보다 크기는작아서 여행,0.18786437833633643
생각보다 크기는작아서,0.18786437833633643
밀크타입,0.18786437833633643
자극 없이 지워주는,0.18786437833633643
민감한피부 메이크업을,0.18786437833633643
용으로 사봐요,0.18786437833633643
재밌는 행사 여행,0.18717034891729847
싶어서 주문했어요 무난하고,0.18717034891729847
재밌는,0.18717034891729847
재밌는 행사,0.18717034891729847
가능하고 재밌는 행사,0.18717034891729847
가능하고 재밌는,0.18717034891729847
무난하고 순한,0.18717034891729847
가능하고,0.18717034891729847
딱이다 싶어서,0.18717034891729847
용으로 딱이다 싶어서,0.18717034891729847
무난하고 순한 제품입니다,0.18717034891729847
주문했어요 무난하고 순한,0.18717034891729847
여행 용으로 딱이다,0.18717034891729847
주문했어요 무난하고,0.18717034891729847
테스트도 가능하고 재밌는,0.18717034891729847
테스트도,0.18717034891729847
딱이다,0.18717034891729847
행사 여행,0.18717034891729847
행사 여행 용으로,0.18717034891729847
딱이다 싶어서 주문했어요,0.18717034891729847
용으로 딱이다,0.18717034891729847
순한 제품입니다,0.18717034891729847
테스트도 가능하고,0.18717034891729847
다른 클렌징류,0.18714573665322418
클렌징류 보다 세정력이,0.18714573665322418
클렌징류 보다,0.18714573665322418
써보는데 사용감은 가볍네요,0.18714573665322418
써보는데 사용감은,0.18714573665322418
보다,0.18714573665322418
약한거 선크림까지는 괜찮을듯요,0.18714573665322418
보다 세정력이,0.18714573665322418
보다 세정력이 약한거,0.18714573665322418
세정력이 약한거 선크림까지는,0.18714573665322418
다른 클렌징류 보다,0.18714573665322418
밀크는 써보는데,0.18714573665322418
세정력이 약한거,0.18714573665322418
클렌징류,0.18714573665322418
약한거,0.18714573665322418
밀크는 써보는데 사용감은,0.18714573665322418
약한거 선크림까지는,0.18714573665322418
사용감은 가볍네요,0.18714573665322418
괜찮을듯요,0.18714573665322418
사용감은 가볍네요 다른,0.18714573665322418
선크림까지는 괜찮을듯요,0.18714573665322418
선크림까지는,0.18714573665322418
가볍네요,0.18714573665322418
가볍네요 다른,0.18714573665322418
가볍네요 다른 클렌징류,0.18714573665322418
사용할 있고,0.18703343472929887
듭니다 추천해요 사진과,0.18703343472929887
사용할,0.18703343472929887
듭니다 추천해요,0.18703343472929887
배송이 빨라서 바로,0.18703343472929887
바로 사용할,0.18703343472929887
바로 사용할 있고,0.18703343472929887
상품도,0.18703343472929887
있고 상품도,0.18703343472929887
사용할 있고 상품도,0.18703343472929887
사진과,0.18703343472929887
추천해요,0.18703343472929887
있고,0.18703343472929887
추천해요 사진과,0.18703343472929887
빨라서 바로 사용할,0.18703343472929887
추천해요 사진과 같습니다,0.18703343472929887
빨라서 바로,0.18703343472929887
상품도 맘에,0.18703343472929887
맘에 듭니다 추천해요,0.18703343472929887
맘에 듭니다,0.18703343472929887
있고 상품도 맘에,0.18703343472929887
사진과 같습니다,0.18703343472929887
상품도 맘에 듭니다,0.18703343472929887
트러블은,0.18695111408551923
픽셔,0.18695111408551923
피부 트러블은,0.18695111408551923
피부 트러블은 없어요,0.18695111408551923
사용했을때는,0.18695111408551923
2번 세정해야해요,0.18695111408551923
픽셔 사용했을때는 세정력이,0.18695111408551923
세정해야해요 별다룬 피부,0.18695111408551923
2번,0.18695111408551923
별다룬 피부 트러블은,0.18695111408551923
같아 2번 세정해야해요,0.18695111408551923
픽셔 사용했을때는,0.18695111408551923
세정해야해요 별다룬,0.18695111408551923
별다룬 피부,0.18695111408551923
같아 2번,0.18695111408551923
별다룬,0.18695111408551923
세정해야해요,0.18695111408551923
딸리는것,0.18695111408551923
2번 세정해야해요 별다룬,0.18695111408551923
딸리는것 같아,0.18695111408551923
딸리는것 같아 2번,0.18695111408551923
사용했을때는 세정력이,0.18695111408551923
사용했을때는 세정력이 딸리는것,0.18695111408551923
세정력이 딸리는것 같아,0.18695111408551923
세정력이 딸리는것,0.18695111408551923
트러블은 없어요,0.18695111408551923
자극도,0.18422608371366977
써볼수 있었어요 구매해서,0.18409605067505388
좋다고 하던데 체험,0.18409605067505388
써볼수 있었어요,0.18409605067505388
클렌징밀크가 좋다고 하던데,0.18409605067505388
있었어요 구매해서,0.18409605067505388
있었어요 구매해서 써볼까합니다,0.18409605067505388
써볼수,0.18409605067505388
좋다고 하던데,0.18409605067505388
하던데 체험 딜로,0.18409605067505388
하던데 체험,0.18409605067505388
하던데,0.18409605067505388
체험 딜로 좋은,0.18409605067505388
좋은 가격에 써볼수,0.18409605067505388
좋은 가격에,0.18409605067505388
예민피부에는,0.18409605067505388
예민피부에는 클렌징밀크가,0.18409605067505388
구매해서 써볼까합니다,0.18409605067505388
예민피부에는 클렌징밀크가 좋다고,0.18409605067505388
딜로 좋은,0.18409605067505388
딜로 좋은 가격에,0.18409605067505388
가격에 써볼수 있었어요,0.18409605067505388
가격에 써볼수,0.18409605067505388
용으로 사용하려구요 피부와,0.18349246337020894
잘받았는데 30ml인지 몰랐어요,0.18349246337020894
잘맞았으면 좋겠어요,0.18349246337020894
용으로 사용하려구요,0.18349246337020894
사용하려구요 피부와 잘맞았으면,0.18349246337020894
받아보니,0.18349246337020894
30ml인지,0.18349246337020894
잘맞았으면,0.18349246337020894
잘받았는데,0.18349246337020894
잘받았는데 30ml인지,0.18349246337020894
몰랐어요,0.18349246337020894
몰랐어요 받아보니,0.18349246337020894
놀랐네요 여행,0.18349246337020894
몰랐어요 받아보니 작아서,0.18349246337020894
놀랐네요 여행 용으로,0.18349246337020894
놀랐네요,0.18349246337020894
피부와,0.18349246337020894
피부와 잘맞았으면 좋겠어요,0.18349246337020894
사용하려구요 피부와,0.18349246337020894
피부와 잘맞았으면,0.18349246337020894
받아보니 작아서,0.18349246337020894
작아서 놀랐네요,0.18349246337020894
작아서 놀랐네요 여행,0.18349246337020894
30ml인지 몰랐어요,0.18349246337020894
30ml인지 몰랐어요 받아보니,0.18349246337020894
여행 용으로 사용하려구요,0.18349246337020894
받아보니 작아서 놀랐네요,0.18349246337020894
좋구 뻑뻑한,0.18302855811395047
사서 피부에,0.18302855811395047
사서 피부에 자극,0.18302855811395047
뻑뻑한 느낌이지만 유화과정,0.18302855811395047
좋구 뻑뻑한 느낌이지만,0.18302855811395047
해주면,0.18302855811395047
해주면 깨끗하게,0.18302855811395047
느낌이지만,0.18302855811395047
느낌이지만 유화과정 해주면,0.18302855811395047
유화과정 해주면 깨끗하게,0.18302855811395047
없음 좋구 뻑뻑한,0.18302855811395047
없음 좋구,0.18302855811395047
유화과정 해주면,0.18302855811395047
유화과정,0.18302855811395047
깨끗하게 씻기는것같아요,0.18302855811395047
뻑뻑한 느낌이지만,0.18302855811395047
해주면 깨끗하게 씻기는것같아요,0.18302855811395047
느낌이지만 유화과정,0.18302855811395047
샘플,0.18302855811395047
자극 없음 좋구,0.18302855811395047
씻기는것같아요,0.18302855811395047
샘플 사서 피부에,0.18302855811395047
샘플 사서,0.18302855811395047
2차세안까지,0.18256589765400283
상하지 않고,0.18252143646261196
상하지 않고 세안하기에,0.18252143646261196
밀크가 좋다고 하야,0.18252143646261196
세안하기에,0.18252143646261196
세안하기에 밀크가,0.18252143646261196
구입해보았는데 순하고 세정력이,0.18252143646261196
세안하기에 밀크가 좋다고,0.18252143646261196
구입해보았는데,0.18252143646261196
피부장벽 상하지 않고,0.18252143646261196
구입해보았는데 순하고,0.18252143646261196
세정력이 좋아서 만족합니다,0.18252143646261196
세정력이 좋아서,0.18252143646261196
좋아서 만족합니다,0.18252143646261196
순하고 세정력이,0.18252143646261196
순하고 세정력이 좋아서,0.18252143646261196
좋다고 하야 구입해보았는데,0.18252143646261196
좋다고 하야,0.18252143646261196
피부장벽,0.18252143646261196
피부장벽 상하지,0.18252143646261196
상하지,0.18252143646261196
하야 구입해보았는데 순하고,0.18252143646261196
하야,0.18252143646261196
하야 구입해보았는데,0.18252143646261196
않고 세안하기에 밀크가,0.18252143646261196
않고 세안하기에,0.18252143646261196
성분이,0.18242332629913993
장벽이,0.1822672176468243
피부 장벽이,0.1822672176468243
자극적인것 같아서,0.18175647061334363
같아서 써보려고요 아직,0.18175647061334363
같아서 써보려고요,0.18175647061334363
아직 써보지 못했는데,0.18175647061334363
아직 써보지,0.18175647061334363
써보려고요 아직,0.18175647061334363
써보지,0.18175647061334363
써보지 못했는데 여행가서,0.18175647061334363
써보지 못했는데,0.18175647061334363
뭔가 자극적인것,0.18175647061334363
뭔가 자극적인것 같아서,0.18175647061334363
써보고 남길께요,0.18175647061334363
못했는데 여행가서 써보고,0.18175647061334363
오일 쓰고있는데,0.18175647061334363
못했는데 여행가서,0.18175647061334363
써보려고요 아직 써보지,0.18175647061334363
오일 쓰고있는데 뭔가,0.18175647061334363
쓰고있는데 뭔가,0.18175647061334363
쓰고있는데 뭔가 자극적인것,0.18175647061334363
못했는데,0.18175647061334363
여행가서 써보고 남길께요,0.18175647061334363
자극적인것 같아서 써보려고요,0.18175647061334363
자극적인것,0.18175647061334363
여행가서 써보고,0.18175647061334363
찾다가,0.18130527266253138
무향이라 선크림도 닦여서,0.17828695599220645
무향이라 선크림도,0.17828695599220645
빠른배송 부드럽게,0.17828695599220645
대용량도,0.17828695599220645
닦여서 대용량도 출시,0.17828695599220645
닦여서 대용량도,0.17828695599220645
닦여서,0.17828695599220645
거품도 나고,0.17828695599220645
빠른배송 부드럽게 거품도,0.17828695599220645
거품도 나고 무향이라,0.17828695599220645
대용량도 출시 되면,0.17828695599220645
구매할 계획입니다,0.17828695599220645
대용량도 출시,0.17828695599220645
선크림도 닦여서 대용량도,0.17828695599220645
되면 구매할 계획입니다,0.17828695599220645
되면 구매할,0.17828695599220645
출시 되면,0.17828695599220645
출시 되면 구매할,0.17828695599220645
선크림도 닦여서,0.17828695599220645
출시,0.17828695599220645
나고 무향이라 선크림도,0.17828695599220645
되면,0.17828695599220645
나고,0.17828695599220645
나고 무향이라,0.17828695599220645
부드럽게 거품도,0.17828695599220645
부드럽게 거품도 나고,0.17828695599220645
무향이라,0.17828695599220645
계획입니다,0.17828695599220645
물로 씻어내면,0.17810477515853645
미끄덩거리지 않고 건조하지도,0.17810477515853645
미끄덩거리지 않고,0.17810477515853645
받아서 바로,0.17810477515853645
미끄덩거리지,0.17810477515853645
받아서 바로 써봤는데,0.17810477515853645
씻어내면 산뜻하게 느껴집니다,0.17810477515853645
산뜻하게 느껴집니다,0.17810477515853645
바로 써봤는데,0.17810477515853645
건조하지도 않아서,0.17810477515853645
건조하지도 않아서 물로,0.17810477515853645
느껴집니다,0.17810477515853645
써봤는데 클렌징오일처럼,0.17810477515853645
써봤는데 클렌징오일처럼 미끄덩거리지,0.17810477515853645
씻어내면,0.17810477515853645
클렌징오일처럼 미끄덩거리지 않고,0.17810477515853645
산뜻하게,0.17810477515853645
씻어내면 산뜻하게,0.17810477515853645
물로 씻어내면 산뜻하게,0.17810477515853645
바로 써봤는데 클렌징오일처럼,0.17810477515853645
클렌징오일처럼 미끄덩거리지,0.17810477515853645
클렌징오일처럼,0.17810477515853645
않아서 물로,0.17810477515853645
않아서 물로 씻어내면,0.17810477515853645
않고 건조하지도,0.17810477515853645
않고 건조하지도 않아서,0.17810477515853645
받아서,0.17810477515853645
화장은 안하지만 선크림,0.1780278602470614
안하지만 선크림,0.1780278602470614
세안을,0.1780278602470614
순하고 부드럽게,0.1780278602470614
화장은 안하지만,0.1780278602470614
순하고 부드럽게 씻기는거,0.1780278602470614
하는 편인데요,0.1780278602470614
하는 편인데요 순하고,0.1780278602470614
안하지만,0.1780278602470614
바르기,0.1780278602470614
바르기 때문에 세안을,0.1780278602470614
부드럽게 씻기는거,0.1780278602470614
신경써서 하는 편인데요,0.1780278602470614
씻기는거,0.1780278602470614
때문에 세안을,0.1780278602470614
세안을 신경써서 하는,0.1780278602470614
세안을 신경써서,0.1780278602470614
신경써서 하는,0.1780278602470614
신경써서,0.1780278602470614
때문에 세안을 신경써서,0.1780278602470614
화장은,0.1780278602470614
편인데요,0.1780278602470614
편인데요 순하고,0.1780278602470614
때문에,0.1780278602470614
편인데요 순하고 부드럽게,0.1780278602470614
선크림 바르기 때문에,0.1780278602470614
선크림 바르기,0.1780278602470614
안하지만 선크림 바르기,0.1780278602470614
바르기 때문에,0.1780278602470614
거품도 납니다,0.17685599799204788
없어서 제일,0.17685599799204788
없어서 제일 좋구,0.17685599799204788
사용하려고요 향이 없어서,0.17685599799204788
좋구 거품도 납니다,0.17685599799204788
선크림만 바를때,0.17685599799204788
사용할께요,0.17685599799204788
제일 좋구,0.17685599799204788
제일,0.17685599799204788
좋구 거품도,0.17685599799204788
선크림만 바를때 사용하려고요,0.17685599799204788
납니다 자극없어 더더,0.17685599799204788
사용하려고요,0.17685599799204788
납니다 자극없어,0.17685599799204788
더더 사용할께요,0.17685599799204788
납니다,0.17685599799204788
바를때 사용하려고요 향이,0.17685599799204788
제일 좋구 거품도,0.17685599799204788
자극없어 더더 사용할께요,0.17685599799204788
자극없어 더더,0.17685599799204788
자극없어,0.17685599799204788
향이 없어서,0.17685599799204788
향이 없어서 제일,0.17685599799204788
바를때 사용하려고요,0.17685599799204788
사용하려고요 향이,0.17685599799204788
거품도 납니다 자극없어,0.17685599799204788
향이,0.17685599799204788
더더,0.17685599799204788
바를때,0.17685599799204788
장벽크림을 쓰고 있어서,0.17644642953514678
있어서 클렌징밀크도,0.17644642953514678
같아서 구매해봤습니다,0.17644642953514678
써보고 괜찮으면 다음에,0.17644642953514678
장벽크림을,0.17644642953514678
순할 같아서,0.17644642953514678
클렌징밀크도 민감피부에 순할,0.17644642953514678
클렌징밀크도 민감피부에,0.17644642953514678
순할 같아서 구매해봤습니다,0.17644642953514678
구매해봤습니다 써보고,0.17644642953514678
같아서 구매해봤습니다 써보고,0.17644642953514678
있어서 클렌징밀크도 민감피부에,0.17644642953514678
장벽크림을 쓰고,0.17644642953514678
민감피부에 순할 같아서,0.17644642953514678
다음에 본품 구매하려구요,0.17644642953514678
민감피부에,0.17644642953514678
쓰고 있어서 클렌징밀크도,0.17644642953514678
구매하려구요,0.17644642953514678
민감피부에 순할,0.17644642953514678
괜찮으면 다음에 본품,0.17644642953514678
다음에 본품,0.17644642953514678
순할,0.17644642953514678
괜찮으면 다음에,0.17644642953514678
구매해봤습니다 써보고 괜찮으면,0.17644642953514678
본품 구매하려구요,0.17644642953514678
좋은 체험으로 구매햇네요,0.17567810127471814
쟁여둘라고 일단 체험판,0.17567810127471814
체험으로 구매햇네요 기대해봅니다,0.17567810127471814
일단 체험판,0.17567810127471814
일단 체험판 사봣어요,0.17567810127471814
밀크만 쓰는데 좋은,0.17567810127471814
사봣어요,0.17567810127471814
사봣어요 예민성이라,0.17567810127471814
사봣어요 예민성이라 밀크만,0.17567810127471814
좋은 체험으로,0.17567810127471814
예민성이라,0.17567810127471814
예민성이라 밀크만,0.17567810127471814
체험판 사봣어요,0.17567810127471814
구매햇네요 기대해봅니다,0.17567810127471814
기대해봅니다,0.17567810127471814
체험판,0.17567810127471814
쓰는데 좋은,0.17567810127471814
밀크만,0.17567810127471814
체험으로,0.17567810127471814
체험으로 구매햇네요,0.17567810127471814
체험판 사봣어요 예민성이라,0.17567810127471814
용으로 쟁여둘라고 일단,0.17567810127471814
용으로 쟁여둘라고,0.17567810127471814
쟁여둘라고,0.17567810127471814
쟁여둘라고 일단,0.17567810127471814
밀크만 쓰는데,0.17567810127471814
쓰는데 좋은 체험으로,0.17567810127471814
여행 용으로 쟁여둘라고,0.17567810127471814
예민성이라 밀크만 쓰는데,0.17567810127471814
체험해 볼수 있어서,0.17535409584420517
체험해 볼수,0.17535409584420517
가격에 리얼베리클렌징밀크 체험해,0.17535409584420517
가격에 리얼베리클렌징밀크,0.17535409584420517
사용해보고 싶어서 찾던중에,0.17535409584420517
싶어서 찾던중에 저렴한,0.17535409584420517
싶어서 찾던중에,0.17535409584420517
찾던중에 저렴한,0.17535409584420517
클렌징오일 말고 클렌징밀크,0.17535409584420517
리얼베리클렌징밀크 체험해,0.17535409584420517
리얼베리클렌징밀크,0.17535409584420517
클렌징오일 말고,0.17535409584420517
리얼베리클렌징밀크 체험해 볼수,0.17535409584420517
볼수 있어서 구입했습니다,0.17535409584420517
볼수,0.17535409584420517
볼수 있어서,0.17535409584420517
체험해,0.17535409584420517
찾던중에,0.17535409584420517
찾던중에 저렴한 가격에,0.17535409584420517
있어서 구입했습니다,0.17535409584420517
말고,0.17535409584420517
말고 클렌징밀크,0.17535409584420517
말고 클렌징밀크 사용해보고,0.17535409584420517
저렴한 가격에 리얼베리클렌징밀크,0.17535409584420517
감사해요 제품은 차후,0.1750257049457645
감사해요 제품은,0.1750257049457645
미사용이라,0.1750257049457645
아직 미사용이라 좋은,0.1750257049457645
아직 미사용이라,0.1750257049457645
못드렸어요 배송은 약속한,0.1750257049457645
못드렸어요 배송은,0.1750257049457645
못드렸어요,0.1750257049457645
배송 감사해요 제품은,0.1750257049457645
좋은 못드렸어요 배송은,0.1750257049457645
약속한 왔어요 빠른,0.1750257049457645
배송 감사해요,0.1750257049457645
약속한,0.1750257049457645
왔어요 빠른 배송,0.1750257049457645
왔어요 빠른,0.1750257049457645
미사용이라 좋은 못드렸어요,0.1750257049457645
제품은 차후 사용해볼게요,0.1750257049457645
좋은 못드렸어요,0.1750257049457645
빠른 배송 감사해요,0.1750257049457645
약속한 왔어요,0.1750257049457645
배송은 약속한,0.1750257049457645
제품은 차후,0.1750257049457645
차후,0.1750257049457645
차후 사용해볼게요,0.1750257049457645
미사용이라 좋은,0.1750257049457645
배송은 약속한 왔어요,0.1750257049457645
살살,0.17497804798358824
세안하면,0.1745174064773565
리얼베리어에서 나온 클렌징밀크는,0.1745174064773565
피부가 촉촉더라고요 리얼베리어에서,0.1745174064773565
없어지지,0.1745174064773565
않지만 피부가 촉촉더라고요,0.1745174064773565
없어지지 않지만 피부가,0.1745174064773565
없어지지 않지만,0.1745174064773565
기대돼요,0.1745174064773565
촉촉더라고요 리얼베리어에서,0.1745174064773565
촉촉더라고요,0.1745174064773565
나온 클렌징밀크는,0.1745174064773565
않지만 피부가,0.1745174064773565
촉촉더라고요 리얼베리어에서 나온,0.1745174064773565
블랙헤드는,0.1745174064773565
블랙헤드는 없어지지,0.1745174064773565
블랙헤드는 없어지지 않지만,0.1745174064773565
써보는데 기대돼요,0.1745174064773565
피부가 촉촉더라고요,0.1745174064773565
세안하면 블랙헤드는,0.1745174064773565
세안하면 블랙헤드는 없어지지,0.1745174064773565
처음 써보는데 기대돼요,0.1745174064773565
클렌징밀크로 세안하면 블랙헤드는,0.1745174064773565
클렌징밀크로 세안하면,0.1745174064773565
나온 클렌징밀크는 처음,0.1745174064773565
충분히,0.1729958428291925
체험판으로 주문해봤어요,0.17049344764928967
체험판으로,0.17049344764928967
클렌징밀크가 좋다길래 체험판으로,0.17049344764928967
효과는 모르겠네요,0.17049344764928967
좋다길래 체험판으로 주문해봤어요,0.17049344764928967
아직써보지않아 효과는 모르겠네요,0.17049344764928967
아직써보지않아 효과는,0.17049344764928967
근데 여행 용사이즈가,0.17049344764928967
여행 용사이즈가 왔네요,0.17049344764928967
근데 여행,0.17049344764928967
빨랐고 아직써보지않아,0.17049344764928967
아직써보지않아,0.17049344764928967
모르겠네요,0.17049344764928967
빨랐고 아직써보지않아 효과는,0.17049344764928967
여행 용사이즈가,0.17049344764928967
클렌징밀크가 좋다길래,0.17049344764928967
좋다길래 체험판으로,0.17049344764928967
주문해봤어요 근데 여행,0.17049344764928967
용사이즈가,0.17049344764928967
용사이즈가 왔네요,0.17049344764928967
용사이즈가 왔네요 배송은,0.17049344764928967
배송은 빨랐고,0.17049344764928967
배송은 빨랐고 아직써보지않아,0.17049344764928967
빨랐고,0.17049344764928967
체험판으로 주문해봤어요 근데,0.17049344764928967
왔네요,0.17049344764928967
주문해봤어요 근데,0.17049344764928967
왔네요 배송은,0.17049344764928967
좋다길래,0.17049344764928967
왔네요 배송은 빨랐고,0.17049344764928967
신상이라 궁금해서 사밨는데,0.16908708528356303
좀더 써바야 알꺼,0.16908708528356303
발라야 할것 같습니다,0.16908708528356303
같습니다 좀더,0.16908708528356303
신상이라 궁금해서,0.16908708528356303
신상이라,0.16908708528356303
써바야,0.16908708528356303
세정력이 느껴지려면 듬뿍,0.16908708528356303
듬뿍 발라야 할것,0.16908708528356303
느껴지려면,0.16908708528356303
세정력이 느껴지려면,0.16908708528356303
알꺼,0.16908708528356303
써바야 알꺼,0.16908708528356303
느껴지려면 듬뿍 발라야,0.16908708528356303
듬뿍,0.16908708528356303
로션 세정력이,0.16908708528356303
느껴지려면 듬뿍,0.16908708528356303
로션,0.16908708528356303
듬뿍 발라야,0.16908708528356303
사밨는데,0.16908708528356303
좀더,0.16908708528356303
발라야 할것,0.16908708528356303
발라야,0.16908708528356303
좀더 써바야,0.16908708528356303
같습니다 좀더 써바야,0.16908708528356303
사밨는데 로션 세정력이,0.16908708528356303
궁금해서 사밨는데,0.16908708528356303
궁금해서 사밨는데 로션,0.16908708528356303
사밨는데 로션,0.16908708528356303
로션 세정력이 느껴지려면,0.16908708528356303
할것 같습니다,0.16908708528356303
할것 같습니다 좀더,0.16908708528356303
할것,0.16908708528356303
들어오는정도 체크를,0.16907831956090433
손바닥,0.16907831956090433
손바닥 안에 들어오는정도,0.16907831956090433
여느 클렌징과,0.16907831956090433
딜이라서,0.16907831956090433
제탓이에요 여느 클렌징과,0.16907831956090433
여느 클렌징과 비슷해요,0.16907831956090433
제탓이에요 여느,0.16907831956090433
딜이라서 사봤는데,0.16907831956090433
여느,0.16907831956090433
딜이라서 사봤는데 작아요,0.16907831956090433
비슷해요,0.16907831956090433
손바닥 안에,0.16907831956090433
안에 들어오는정도,0.16907831956090433
안에 들어오는정도 체크를,0.16907831956090433
안에,0.16907831956090433
클렌징과,0.16907831956090433
제탓이에요,0.16907831956090433
체크를,0.16907831956090433
사봤는데 작아요 손바닥,0.16907831956090433
사봤는데 작아요,0.16907831956090433
체크를 못한 제탓이에요,0.16907831956090433
작아요 손바닥 안에,0.16907831956090433
체크를 못한,0.16907831956090433
작아요 손바닥,0.16907831956090433
체험 딜이라서,0.16907831956090433
못한,0.16907831956090433
체험 딜이라서 사봤는데,0.16907831956090433
클렌징과 비슷해요,0.16907831956090433
들어오는정도 체크를 못한,0.16907831956090433
못한 제탓이에요,0.16907831956090433
못한 제탓이에요 여느,0.16907831956090433
들어오는정도,0.16907831956090433
어제 결제했는데 하루후,0.16898035466313158
아쉽지만,0.16898035466313158
아쉽지만 피부에,0.16898035466313158
빨라서 샘플처럼 작은,0.16898035466313158
작은 사이즈라,0.16898035466313158
결제했는데 하루후,0.16898035466313158
사이즈라,0.16898035466313158
사이즈라 아쉽지만 피부에,0.16898035466313158
어제,0.16898035466313158
어제 결제했는데,0.16898035466313158
사고싶네요,0.16898035466313158
아쉽지만 피부에 맞음,0.16898035466313158
결제했는데 하루후 배송됐네요,0.16898035466313158
사이즈라 아쉽지만,0.16898035466313158
결제했는데,0.16898035466313158
정사이즈로,0.16898035466313158
정사이즈로 사고싶네요,0.16898035466313158
하루후 배송됐네요,0.16898035466313158
배송됐네요 빨라서 샘플처럼,0.16898035466313158
배송됐네요 빨라서,0.16898035466313158
하루후,0.16898035466313158
배송됐네요,0.16898035466313158
하루후 배송됐네요 빨라서,0.16898035466313158
샘플처럼,0.16898035466313158
맞음,0.16898035466313158
빨라서 샘플처럼,0.16898035466313158
맞음 정사이즈로 사고싶네요,0.16898035466313158
작은 사이즈라 아쉽지만,0.16898035466313158
맞음 정사이즈로,0.16898035466313158
피부에 맞음,0.16898035466313158
피부에 맞음 정사이즈로,0.16898035466313158
샘플처럼 작은 사이즈라,0.16898035466313158
샘플처럼 작은,0.16898035466313158
클렌징밀크에,0.1689360996087642
향도,0.1684570118969588
생각보다 양이 적어요,0.16835666182102726
좋다는 후기에,0.16835666182102726
후기에 구매해,0.16835666182102726
후기에 구매해 보았어요,0.16835666182102726
없어서 좋다는 후기에,0.16835666182102726
생각보다 양이,0.16835666182102726
후기에,0.16835666182102726
없어서 좋다는,0.16835666182102726
좋다는 후기에 구매해,0.16835666182102726
자극이 없어서 좋다는,0.16835666182102726
구매해 보았어요 부드럽게,0.16835666182102726
지워지네요 생각보다,0.16835666182102726
보았어요,0.16835666182102726
보았어요 부드럽게,0.16835666182102726
보았어요 부드럽게 지워지네요,0.16835666182102726
빨라요 클렌징이,0.16835666182102726
부드럽게 지워지네요,0.16835666182102726
적어요,0.16835666182102726
부드럽게 지워지네요 생각보다,0.16835666182102726
좋다는,0.16835666182102726
지워지네요 생각보다 양이,0.16835666182102726
클렌징이 자극이,0.16835666182102726
양이,0.16835666182102726
배송 빨라요 클렌징이,0.16835666182102726
자극이 없어서,0.16835666182102726
클렌징이 자극이 없어서,0.16835666182102726
빨라요 클렌징이 자극이,0.16835666182102726
양이 적어요,0.16835666182102726
구매해 보았어요,0.16835666182102726
타사제품,0.16812160448678623
넉넉해요 30ml라,0.16812160448678623
여행 용으로 좋을듯요,0.16812160448678623
쓰는 타사제품,0.16812160448678623
넉넉해요 30ml라 여행,0.16812160448678623
쓰는 타사제품 쓰고,0.16812160448678623
넉넉해요,0.16812160448678623
용으로 좋을듯요,0.16812160448678623
좋은건,0.16812160448678623
좋은건 말안해도,0.16812160448678623
좋은건 말안해도 알죠,0.16812160448678623
타사제품 쓰고,0.16812160448678623
유통기한도 넉넉해요,0.16812160448678623
유통기한도 넉넉해요 30ml라,0.16812160448678623
유통기한도,0.16812160448678623
써볼래요 유통기한도 넉넉해요,0.16812160448678623
써볼래요 유통기한도,0.16812160448678623
써볼래요,0.16812160448678623
말안해도 알죠,0.16812160448678623
말안해도 알죠 기존에,0.16812160448678623
쓰고 써볼래요,0.16812160448678623
쓰고 써볼래요 유통기한도,0.16812160448678623
좋을듯요,0.16812160448678623
타사제품 쓰고 써볼래요,0.16812160448678623
알죠 기존에 쓰는,0.16812160448678623
알죠,0.16812160448678623
알죠 기존에,0.16812160448678623
기존에 쓰는 타사제품,0.16812160448678623
기존에 쓰는,0.16812160448678623
30ml라 여행,0.16812160448678623
30ml라 여행 용으로,0.16812160448678623
밀키하고 부드러운,0.1672922102377303
밀키하고 부드러운 사용감,0.1672922102377303
밀키하고,0.1672922102377303
부드러운 사용감,0.1672922102377303
부드러운 사용감 마무리감도,0.1672922102377303
좋았고요 마스카라도 지워짐,0.1672922102377303
좋았고요 밀키하고 부드러운,0.1672922102377303
마스카라도 지워짐 사용감도,0.1672922102377303
피부당김없고 자극,0.1672922102377303
피부당김없고 자극 없음,0.1672922102377303
피부당김없고,0.1672922102377303
좋았고요 밀키하고,0.1672922102377303
좋았고요 마스카라도,0.1672922102377303
사용감도,0.1672922102377303
사용감 마무리감도 좋았어요,0.1672922102377303
사용감도 좋았고요 밀키하고,0.1672922102377303
사용감도 좋았고요,0.1672922102377303
사용감 마무리감도,0.1672922102377303
마무리감도 좋았어요 피부당김없고,0.1672922102377303
마무리감도 좋았어요,0.1672922102377303
마무리감도,0.1672922102377303
좋았어요 피부당김없고 자극,0.1672922102377303
지워짐 사용감도 좋았고요,0.1672922102377303
지워짐,0.1672922102377303
좋았어요 피부당김없고,0.1672922102377303
지워짐 사용감도,0.1672922102377303
마스카라도 지워짐,0.1672922102377303
사용감,0.1672922102377303
브랜드의,0.16727591354909727
다른 브랜드의,0.16727591354909727
빨랐어요,0.166453842355163
빨랐어요 무난하게,0.166453842355163
사용하기 좋네용 다음에,0.166453842355163
가격도 생각보다,0.166453842355163
가격도 생각보다 저렴하고,0.166453842355163
생각보다 저렴하고 배송도,0.166453842355163
무난하게 사용하기,0.166453842355163
저렴하고 배송도,0.166453842355163
저렴하고 배송도 빨랐어요,0.166453842355163
마음에 들어요 가격도,0.166453842355163
저렴하고,0.166453842355163
빨랐어요 무난하게 사용하기,0.166453842355163
사용하기 좋네용,0.166453842355163
좋네용,0.166453842355163
무난하게 사용하기 좋네용,0.166453842355163
구매할게요 많이파세요,0.166453842355163
들어요 가격도,0.166453842355163
많이파세요,0.166453842355163
좋네용 다음에 구매할게요,0.166453842355163
다음에 구매할게요 많이파세요,0.166453842355163
들어요 가격도 생각보다,0.166453842355163
다음에 구매할게요,0.166453842355163
촉촉해요 마음에 들어요,0.166453842355163
배송도 빨랐어요,0.166453842355163
생각보다 저렴하고,0.166453842355163
배송도 빨랐어요 무난하게,0.166453842355163
촉촉해요 마음에,0.166453842355163
좋네용 다음에,0.166453842355163
길고 샘플로 써보기,0.1655272955955975
길고,0.1655272955955975
없이 클렌징하기 위해,0.1655272955955975
피부자극 없이,0.1655272955955975
사이즈에 가격도 좋아,0.1655272955955975
써보기,0.1655272955955975
써보기 좋은,0.1655272955955975
써보기 좋은 사이즈에,0.1655272955955975
피부자극 없이 클렌징하기,0.1655272955955975
위해 사봤는데 사용기한도,0.1655272955955975
위해,0.1655272955955975
위해 사봤는데,0.1655272955955975
사이즈에,0.1655272955955975
사이즈에 가격도,0.1655272955955975
샘플로 써보기 좋은,0.1655272955955975
가격도 좋아 구매했습니다,0.1655272955955975
샘플로 써보기,0.1655272955955975
좋아 구매했습니다,0.1655272955955975
길고 샘플로,0.1655272955955975
사용기한도,0.1655272955955975
사용기한도 길고 샘플로,0.1655272955955975
사봤는데 사용기한도 길고,0.1655272955955975
사봤는데 사용기한도,0.1655272955955975
좋은 사이즈에,0.1655272955955975
좋은 사이즈에 가격도,0.1655272955955975
사용기한도 길고,0.1655272955955975
클렌징하기 위해 사봤는데,0.1655272955955975
없이 클렌징하기,0.1655272955955975
클렌징하기,0.1655272955955975
클렌징하기 위해,0.1655272955955975
가격도 좋아,0.1655272955955975
하루,0.16458054427735694
아침 세안용으로도 부담없이,0.1643973237533232
찾는 분들 추천,0.1643973237533232
추천 세정력 무난하고,0.1643973237533232
찾는 분들,0.1643973237533232
부담없이,0.1643973237533232
추천 세정력,0.1643973237533232
촉촉한 찾는 분들,0.1643973237533232
무난하고 피부가 건조하지,0.1643973237533232
않아서 좋았어요,0.1643973237533232
세안용으로도,0.1643973237533232
세안용으로도 부담없이,0.1643973237533232
좋았어요 아침,0.1643973237533232
좋았어요 아침 세안용으로도,0.1643973237533232
아침 세안용으로도,0.1643973237533232
쓰는중,0.1643973237533232
세정력 무난하고 피부가,0.1643973237533232
세안용으로도 부담없이 쓰는중,0.1643973237533232
세정력 무난하고,0.1643973237533232
피부가 건조하지 않아서,0.1643973237533232
무난하고 피부가,0.1643973237533232
건조하지 않아서,0.1643973237533232
피부가 건조하지,0.1643973237533232
않아서 좋았어요 아침,0.1643973237533232
분들,0.1643973237533232
분들 추천 세정력,0.1643973237533232
건조하지 않아서 좋았어요,0.1643973237533232
건조하지,0.1643973237533232
추천,0.1643973237533232
분들 추천,0.1643973237533232
촉촉한 찾는,0.1643973237533232
부담없이 쓰는중,0.1643973237533232
가장 중요했는데 여름엔,0.1637774889981941
않습니다 만족해요,0.1637774889981941
심해지는데 피부에,0.1637774889981941
심해지는데,0.1637774889981941
무기자차를 써서,0.1637774889981941
무기자차를 써서 세정력이,0.1637774889981941
무기자차를,0.1637774889981941
중요했는데 여름엔,0.1637774889981941
중요했는데,0.1637774889981941
중요했는데 여름엔 피부염도,0.1637774889981941
여름엔,0.1637774889981941
체험행사로 구매했습니다 무기자차를,0.1637774889981941
체험행사로 구매했습니다,0.1637774889981941
체험행사로,0.1637774889981941
피부염도 심해지는데 피부에,0.1637774889981941
피부에 자극적이지도 않습니다,0.1637774889981941
자극적이지도 않습니다 만족해요,0.1637774889981941
자극적이지도,0.1637774889981941
자극적이지도 않습니다,0.1637774889981941
써서,0.1637774889981941
써서 세정력이,0.1637774889981941
써서 세정력이 가장,0.1637774889981941
만족해요,0.1637774889981941
않습니다,0.1637774889981941
가장 중요했는데,0.1637774889981941
심해지는데 피부에 자극적이지도,0.1637774889981941
피부염도 심해지는데,0.1637774889981941
세정력이 가장 중요했는데,0.1637774889981941
구매했습니다 무기자차를 써서,0.1637774889981941
여름엔 피부염도,0.1637774889981941
여름엔 피부염도 심해지는데,0.1637774889981941
구매했습니다 무기자차를,0.1637774889981941
피부염도,0.1637774889981941
피부에 자극적이지도,0.1637774889981941
깨끗하게 세안할,0.1624110451038864
순하면서도,0.1624110451038864
메이크업을 했을때도,0.1624110451038864
순하면서도 깨끗하게,0.1624110451038864
걱정했는데,0.1624110451038864
있어서 만족합니다,0.1624110451038864
자극 없음 순하면서도,0.1624110451038864
걱정했는데 자극 없음,0.1624110451038864
순하면서도 깨끗하게 세안할,0.1624110451038864
자극이갈까봐,0.1624110451038864
자극이갈까봐 걱정했는데 자극,0.1624110451038864
걱정했는데 자극,0.1624110451038864
메이크업을 했을때도 오일로,0.1624110451038864
자극이갈까봐 걱정했는데,0.1624110451038864
클렌징하면 피부에 자극이갈까봐,0.1624110451038864
피부에 자극이갈까봐,0.1624110451038864
없음 순하면서도 깨끗하게,0.1624110451038864
없음 순하면서도,0.1624110451038864
오일로 클렌징하면 피부에,0.1624110451038864
세안할 있어서,0.1624110451038864
오일로,0.1624110451038864
세안할 있어서 만족합니다,0.1624110451038864
세안할,0.1624110451038864
깨끗하게 세안할 있어서,0.1624110451038864
클렌징하면 피부에,0.1624110451038864
오일로 클렌징하면,0.1624110451038864
피부에 자극이갈까봐 걱정했는데,0.1624110451038864
클렌징하면,0.1624110451038864
가벼운 메이크업을 했을때도,0.1624110451038864
했을때도 오일로,0.1624110451038864
했을때도,0.1624110451038864
했을때도 오일로 클렌징하면,0.1624110451038864
가벼운 메이크업을,0.1624110451038864
미리써볼수있는,0.1615644499846429
미리써볼수있는 상품기획,0.1615644499846429
아직 써보진 않았는데,0.1615644499846429
사려구요 미리써볼수있는 상품기획,0.1615644499846429
미리써볼수있는 상품기획 좋은것같아요,0.1615644499846429
사봤어요 써보고,0.1615644499846429
한번 체험해보려고,0.1615644499846429
체험해보려고 사봤어요 써보고,0.1615644499846429
사봤어요 써보고 좋으면,0.1615644499846429
좋으면 본품나올때 사려구요,0.1615644499846429
체험해보려고 사봤어요,0.1615644499846429
평소 잘써서 한번,0.1615644499846429
한번 체험해보려고 사봤어요,0.1615644499846429
본품나올때 사려구요,0.1615644499846429
써보진 않았는데 평소,0.1615644499846429
않았는데 평소 잘써서,0.1615644499846429
평소 잘써서,0.1615644499846429
본품나올때 사려구요 미리써볼수있는,0.1615644499846429
써보고 좋으면 본품나올때,0.1615644499846429
잘써서,0.1615644499846429
잘써서 한번,0.1615644499846429
잘써서 한번 체험해보려고,0.1615644499846429
본품나올때,0.1615644499846429
써보진 않았는데,0.1615644499846429
않았는데 평소,0.1615644499846429
상품기획 좋은것같아요,0.1615644499846429
상품기획,0.1615644499846429
좋으면 본품나올때,0.1615644499846429
사려구요 미리써볼수있는,0.1615644499846429
남는,0.15977962134540816
녹아,0.15900558253533298
용으로 구매한거라,0.15888030991188387
용으로 구매한거라 아직,0.15888030991188387
솔직히 여행,0.15888030991188387
솔직히,0.15888030991188387
솔직히 여행 용으로,0.15888030991188387
제품이 없어요 가려울때도,0.15888030991188387
좋고 한달후에,0.15888030991188387
좋고 한달후에 남길께요,0.15888030991188387
믿고 쓰는 트러블났을때,0.15888030991188387
트러블났을때 여기만한 제품이,0.15888030991188387
트러블났을때 여기만한,0.15888030991188387
트러블났을때,0.15888030991188387
제품이 없어요,0.15888030991188387
구매한거라 아직 사용전이지만,0.15888030991188387
구매한거라,0.15888030991188387
여기만한 제품이 없어요,0.15888030991188387
한달후에,0.15888030991188387
여기만한 제품이,0.15888030991188387
한달후에 남길께요,0.15888030991188387
여기만한,0.15888030991188387
구매한거라 아직,0.15888030991188387
없어요 가려울때도 좋고,0.15888030991188387
없어요 가려울때도,0.15888030991188387
사용전이지만 믿고,0.15888030991188387
쓰는 트러블났을때,0.15888030991188387
여행 용으로 구매한거라,0.15888030991188387
쓰는 트러블났을때 여기만한,0.15888030991188387
사용전이지만 믿고 쓰는,0.15888030991188387
아직 사용전이지만 믿고,0.15888030991188387
가려울때도 좋고 한달후에,0.15888030991188387
가려울때도 좋고,0.15888030991188387
가려울때도,0.15888030991188387
1회 사용후기,0.1560325876101863
1회 사용후기 립스틱이,0.1560325876101863
롤링느낌은,0.1560325876101863
롤링느낌은 추후,0.1560325876101863
롤링느낌은 추후 구매는,0.1560325876101863
세안후,0.1560325876101863
세안후 이마에,0.1560325876101863
세안후 이마에 소양감이,0.1560325876101863
지워지지,0.1560325876101863
추후 구매는 사용해보고,0.1560325876101863
않아요,0.1560325876101863
이중 세안후,0.1560325876101863
이마에,0.1560325876101863
이중 세안후 이마에,0.1560325876101863
소양감이 롤링느낌은,0.1560325876101863
이마에 소양감이,0.1560325876101863
지워지지 않아요,0.1560325876101863
지워지지 않아요 이중,0.1560325876101863
립스틱이,0.1560325876101863
립스틱이 완전히,0.1560325876101863
사용후기 립스틱이 완전히,0.1560325876101863
사용후기 립스틱이,0.1560325876101863
사용후기,0.1560325876101863
사용해보고 결정할게요,0.1560325876101863
립스틱이 완전히 지워지지,0.1560325876101863
구매는 사용해보고 결정할게요,0.1560325876101863
완전히 지워지지 않아요,0.1560325876101863
완전히 지워지지,0.1560325876101863
소양감이 롤링느낌은 추후,0.1560325876101863
완전히,0.1560325876101863
구매는 사용해보고,0.1560325876101863
결정할게요,0.1560325876101863
이마에 소양감이 롤링느낌은,0.1560325876101863
추후 구매는,0.1560325876101863
않아요 이중,0.1560325876101863
않아요 이중 세안후,0.1560325876101863
추후,0.1560325876101863
구매는,0.1560325876101863
소양감이,0.1560325876101863
선크림 용도로,0.155870713394435
선크림 용도로 쓰려고요,0.155870713394435
쓰려고요 선크림,0.155870713394435
여름 대비해 메이크업보단,0.155870713394435
여름 대비해,0.155870713394435
여름,0.155870713394435
쓰려고요,0.155870713394435
오일쓰고있어서 여름,0.155870713394435
오일쓰고있어서 여름 대비해,0.155870713394435
쓰기 괜찮을듯해서,0.155870713394435
쓰려고요 선크림 정도는,0.155870713394435
대비해 메이크업보단 선크림,0.155870713394435
오일쓰고있어서,0.155870713394435
얼마전 30ml 오일쓰고있어서,0.155870713394435
얼마전 30ml,0.155870713394435
대비해,0.155870713394435
대비해 메이크업보단,0.155870713394435
괜찮을듯해서,0.155870713394435
얼마전,0.155870713394435
용도로 쓰려고요 선크림,0.155870713394435
용도로 쓰려고요,0.155870713394435
메이크업보단,0.155870713394435
메이크업보단 선크림 용도로,0.155870713394435
가볍게 쓰기,0.155870713394435
가볍게 쓰기 괜찮을듯해서,0.155870713394435
메이크업보단 선크림,0.155870713394435
정도는 지워,0.155870713394435
정도는 지워 가볍게,0.155870713394435
지워 가볍게,0.155870713394435
지워 가볍게 쓰기,0.155870713394435
선크림 정도는 지워,0.155870713394435
30ml,0.155870713394435
30ml 오일쓰고있어서,0.155870713394435
30ml 오일쓰고있어서 여름,0.155870713394435
느낌이에요,0.15298293769841576
처음으로 클밀 사용해봐요,0.1520627348187126
매번 클밤쓰다가,0.1520627348187126
진한 메이크업보다는,0.1520627348187126
순하고 가볍게 씻어내기,0.1520627348187126
순하고 가볍게,0.1520627348187126
선크림만 발랐을때,0.1520627348187126
진한 메이크업보다는 선크림만,0.1520627348187126
제품을 찾고있었는데,0.1520627348187126
선크림만 발랐을때 사용할만한,0.1520627348187126
매번,0.1520627348187126
제품을 찾고있었는데 순하고,0.1520627348187126
매번 클밤쓰다가 처음으로,0.1520627348187126
사용해봐요 진한,0.1520627348187126
사용해봐요,0.1520627348187126
클밤쓰다가 처음으로,0.1520627348187126
사용해봐요 진한 메이크업보다는,0.1520627348187126
클밤쓰다가,0.1520627348187126
처음으로,0.1520627348187126
사용할만한 제품을 찾고있었는데,0.1520627348187126
사용할만한,0.1520627348187126
클밀 사용해봐요,0.1520627348187126
찾고있었는데 순하고,0.1520627348187126
찾고있었는데 순하고 가볍게,0.1520627348187126
찾고있었는데,0.1520627348187126
가볍게 씻어내기 좋았어요,0.1520627348187126
가볍게 씻어내기,0.1520627348187126
클밀 사용해봐요 진한,0.1520627348187126
씻어내기 좋았어요,0.1520627348187126
씻어내기,0.1520627348187126
처음으로 클밀,0.1520627348187126
발랐을때 사용할만한 제품을,0.1520627348187126
발랐을때 사용할만한,0.1520627348187126
발랐을때,0.1520627348187126
클밤쓰다가 처음으로 클밀,0.1520627348187126
메이크업보다는 선크림만,0.1520627348187126
메이크업보다는,0.1520627348187126
메이크업보다는 선크림만 발랐을때,0.1520627348187126
사용할만한 제품을,0.1520627348187126
저에게,0.15184516436428871
크기가 작아서,0.1507484870497832
사용하는데 확실히 촉촉네요,0.1507484870497832
구매했습니다 오일만 사용하다가,0.1507484870497832
여행가서 쓰기 좋을꺼,0.1507484870497832
크기가 작아서 여행가서,0.1507484870497832
오일만 사용하다가 밀크는,0.1507484870497832
재구매,0.1507484870497832
오일만 사용하다가,0.1507484870497832
오일만,0.1507484870497832
쓰기 좋을꺼,0.1507484870497832
쓰기 좋을꺼 써보고,0.1507484870497832
오랜만에 사용하는데,0.1507484870497832
촉촉네요 크기가 작아서,0.1507484870497832
재구매 할꺼,0.1507484870497832
써보고 재구매,0.1507484870497832
써보고 재구매 할꺼,0.1507484870497832
오랜만에,0.1507484870497832
오랜만에 사용하는데 확실히,0.1507484870497832
촉촉네요 크기가,0.1507484870497832
사용하는데 확실히,0.1507484870497832
좋을꺼 써보고 재구매,0.1507484870497832
사용하다가 밀크는,0.1507484870497832
사용하다가,0.1507484870497832
구매했습니다 오일만,0.1507484870497832
딜떠서 구매했습니다,0.1507484870497832
좋을꺼,0.1507484870497832
사용하다가 밀크는 오랜만에,0.1507484870497832
밀크는 오랜만에 사용하는데,0.1507484870497832
작아서 여행가서 쓰기,0.1507484870497832
확실히 촉촉네요,0.1507484870497832
딜떠서 구매했습니다 오일만,0.1507484870497832
좋을꺼 써보고,0.1507484870497832
작아서 여행가서,0.1507484870497832
할꺼,0.1507484870497832
밀크는 오랜만에,0.1507484870497832
확실히 촉촉네요 크기가,0.1507484870497832
클렌져로,0.1499332868410829
전에 밀크써봤는데 겨울에,0.1499332868410829
클렌져로 좋아서 크기가,0.1499332868410829
밀크써봤는데 겨울에,0.1499332868410829
클렌져로 좋아서,0.1499332868410829
밀크써봤는데,0.1499332868410829
전에 밀크써봤는데,0.1499332868410829
겨울에 보습용 클렌져로,0.1499332868410829
사용하려구요 클렌징티슈보다 자극이,0.1499332868410829
좋아서 크기가,0.1499332868410829
밀크써봤는데 겨울에 보습용,0.1499332868410829
자극이 덜해서,0.1499332868410829
겨울에 보습용,0.1499332868410829
자극이 덜해서 써보고,0.1499332868410829
용이라서 여행갔을때,0.1499332868410829
여행갔을때 사용하려구요 클렌징티슈보다,0.1499332868410829
여행갔을때 사용하려구요,0.1499332868410829
보습용,0.1499332868410829
여행갔을때,0.1499332868410829
보습용 클렌져로 좋아서,0.1499332868410829
크기가 여행,0.1499332868410829
용이라서 여행갔을때 사용하려구요,0.1499332868410829
좋아서 크기가 여행,0.1499332868410829
재구매예정입니다,0.1499332868410829
용이라서,0.1499332868410829
클렌징티슈보다 자극이 덜해서,0.1499332868410829
좋으면 재구매예정입니다,0.1499332868410829
클렌징티슈보다 자극이,0.1499332868410829
보습용 클렌져로,0.1499332868410829
써보고 좋으면 재구매예정입니다,0.1499332868410829
사용하려구요 클렌징티슈보다,0.1499332868410829
크기가 여행 용이라서,0.1499332868410829
클렌징티슈보다,0.1499332868410829
여행 용이라서,0.1499332868410829
덜해서 써보고 좋으면,0.1499332868410829
덜해서,0.1499332868410829
여행 용이라서 여행갔을때,0.1499332868410829
덜해서 써보고,0.1499332868410829
겨울에,0.1499332868410829
부드럽고 생각보다 클렌징도,0.14951876625270297
있다고해서,0.14951876625270297
원래 클렌징워터파인데 화장솜으로,0.14951876625270297
중에 체험 딜이,0.14951876625270297
체험 딜이 있어서,0.14951876625270297
중에,0.14951876625270297
체험 딜이,0.14951876625270297
중에 체험,0.14951876625270297
클렌징워터파인데 화장솜으로 지워내는,0.14951876625270297
딜이 있어서,0.14951876625270297
밀크를 찾던,0.14951876625270297
지워내는 것도 자극이,0.14951876625270297
것도 자극이 있다고해서,0.14951876625270297
것도 자극이,0.14951876625270297
원래 클렌징워터파인데,0.14951876625270297
클렌징도,0.14951876625270297
밀크를 찾던 중에,0.14951876625270297
찾던 중에,0.14951876625270297
클렌징워터파인데 화장솜으로,0.14951876625270297
지워내는,0.14951876625270297
지워내는 것도,0.14951876625270297
있다고해서 밀크를 찾던,0.14951876625270297
있다고해서 밀크를,0.14951876625270297
생각보다 클렌징도 잘되네요,0.14951876625270297
클렌징도 잘되네요,0.14951876625270297
자극이 있다고해서,0.14951876625270297
화장솜으로 지워내는 것도,0.14951876625270297
있어서 부드럽고,0.14951876625270297
딜이 있어서 부드럽고,0.14951876625270297
딜이,0.14951876625270297
잘되네요,0.14951876625270297
찾던,0.14951876625270297
화장솜으로,0.14951876625270297
화장솜으로 지워내는,0.14951876625270297
생각보다 클렌징도,0.14951876625270297
부드럽고 생각보다,0.14951876625270297
있어서 부드럽고 생각보다,0.14951876625270297
클렌징워터파인데,0.14951876625270297
찾던 중에 체험,0.14951876625270297
자극이 있다고해서 밀크를,0.14951876625270297
전혀,0.14795496796312999
평소에 오일보다 크림,0.14523699369623377
선호하는 편이라 같습니다,0.14523699369623377
평소에 오일보다,0.14523699369623377
선호하는,0.14523699369623377
선호하는 편이라,0.14523699369623377
세정력 좋은,0.14523699369623377
편이라 같습니다 피부에,0.14523699369623377
편이라 같습니다,0.14523699369623377
좋은 제품으로 알고,0.14523699369623377
좋은 제품으로,0.14523699369623377
오일보다 크림 타입,0.14523699369623377
오일보다 크림,0.14523699369623377
세정력 좋은 제품으로,0.14523699369623377
좋은 평소에 오일보다,0.14523699369623377
가져가기에,0.14523699369623377
좋은 평소에,0.14523699369623377
피부에 자극적이면서,0.14523699369623377
피부에 자극적이면서 세정력,0.14523699369623377
타입 클렌저를 선호하는,0.14523699369623377
크림,0.14523699369623377
여행 가는데,0.14523699369623377
여행 가는데 가져가기에,0.14523699369623377
제품으로 알고,0.14523699369623377
자극적이면서 세정력 좋은,0.14523699369623377
자극적이면서,0.14523699369623377
자극적이면서 세정력,0.14523699369623377
가져가기에 좋은,0.14523699369623377
가져가기에 좋은 평소에,0.14523699369623377
같습니다 피부에,0.14523699369623377
같습니다 피부에 자극적이면서,0.14523699369623377
타입 클렌저를,0.14523699369623377
크림 타입 클렌저를,0.14523699369623377
크림 타입,0.14523699369623377
클렌저를,0.14523699369623377
클렌저를 선호하는 편이라,0.14523699369623377
클렌저를 선호하는,0.14523699369623377
가는데 가져가기에 좋은,0.14523699369623377
가는데 가져가기에,0.14523699369623377
피부라면,0.1451699102716558
민감성 피부라면,0.1451699102716558
베이스,0.1434557023504437
없이 깨끗하게,0.1434557023504437
이용하는데,0.14344128166232925
적당해 보여요,0.14344128166232925
피부자극에,0.14344128166232925
이용하는데 새로운 제품을,0.14344128166232925
이용하는데 새로운,0.14344128166232925
보여요 용량 제품으로,0.14344128166232925
피부자극에 없어서 주로,0.14344128166232925
저렴하게 구매해봤어요 양은,0.14344128166232925
피부자극에 없어서,0.14344128166232925
없어서 주로 이용하는데,0.14344128166232925
없어서 주로,0.14344128166232925
여행으로,0.14344128166232925
구매해봤어요 양은 적지만,0.14344128166232925
구매해봤어요 양은,0.14344128166232925
보여요,0.14344128166232925
보여요 용량,0.14344128166232925
저렴하게 구매해봤어요,0.14344128166232925
싶네요,0.14344128166232925
여행으로 적당해,0.14344128166232925
제품을 저렴하게 구매해봤어요,0.14344128166232925
여행으로 적당해 보여요,0.14344128166232925
주로 이용하는데 새로운,0.14344128166232925
주로 이용하는데,0.14344128166232925
새로운 제품을,0.14344128166232925
새로운 제품을 저렴하게,0.14344128166232925
용량,0.14344128166232925
새로운,0.14344128166232925
용량 제품으로 구매하고,0.14344128166232925
용량 제품으로,0.14344128166232925
양은 적지만,0.14344128166232925
양은 적지만 여행으로,0.14344128166232925
양은,0.14344128166232925
제품을 저렴하게,0.14344128166232925
적지만,0.14344128166232925
적당해 보여요 용량,0.14344128166232925
제품으로 구매하고,0.14344128166232925
제품으로 구매하고 싶네요,0.14344128166232925
밀크가 피부자극에,0.14344128166232925
밀크가 피부자극에 없어서,0.14344128166232925
구매하고 싶네요,0.14344128166232925
구매하고,0.14344128166232925
적지만 여행으로 적당해,0.14344128166232925
적지만 여행으로,0.14344128166232925
적당해,0.14344128166232925
쓰고있는,0.14258877394278074
크림입니다 여름처럼,0.14258877394278074
만족합니다 할인때마다 쟁여두고,0.14258877394278074
오리지널 쓰고있어요,0.14258877394278074
항상 쓰고있는 크림입니다,0.14258877394278074
날씨는 라이트를 환절기,0.14258877394278074
쟁여두고 쓰고있어요,0.14258877394278074
오리지널,0.14258877394278074
항상 쓰고있는,0.14258877394278074
습한 날씨는 라이트를,0.14258877394278074
오리지널 쓰고있어요 너무너무,0.14258877394278074
크림입니다 여름처럼 습한,0.14258877394278074
날씨는 라이트를,0.14258877394278074
환절기 봄철 가을철은,0.14258877394278074
환절기 봄철,0.14258877394278074
쓰고있어요 너무너무,0.14258877394278074
환절기,0.14258877394278074
크림입니다,0.14258877394278074
날씨는,0.14258877394278074
쓰고있는 크림입니다 여름처럼,0.14258877394278074
쓰고있는 크림입니다,0.14258877394278074
할인때마다 쟁여두고 쓰고있어요,0.14258877394278074
라이트를 환절기 봄철,0.14258877394278074
라이트를 환절기,0.14258877394278074
할인때마다,0.14258877394278074
할인때마다 쟁여두고,0.14258877394278074
봄철 가을철은 오리지널,0.14258877394278074
봄철 가을철은,0.14258877394278074
봄철,0.14258877394278074
여름처럼,0.14258877394278074
여름처럼 습한,0.14258877394278074
여름처럼 습한 날씨는,0.14258877394278074
가을철은 오리지널,0.14258877394278074
너무너무 만족합니다 할인때마다,0.14258877394278074
너무너무 만족합니다,0.14258877394278074
가을철은,0.14258877394278074
쟁여두고,0.14258877394278074
습한,0.14258877394278074
습한 날씨는,0.14258877394278074
가을철은 오리지널 쓰고있어요,0.14258877394278074
너무너무,0.14258877394278074
만족합니다 할인때마다,0.14258877394278074
쓰고있어요 너무너무 만족합니다,0.14258877394278074
라이트를,0.14258877394278074
출시가 된다고해서,0.1410126915958073
리얼베리어에서 클밀,0.1410126915958073
출시가 된다고해서 구매해보았는데,0.1410126915958073
출시가,0.1410126915958073
만족했어요,0.1410126915958073
만족했어요 세정력도,0.1410126915958073
만족했어요 세정력도 좋고,0.1410126915958073
나오면,0.1410126915958073
나오면 구매해봐야겠어요,0.1410126915958073
헹구고,0.1410126915958073
좋고 헹구고 후에도,0.1410126915958073
헹구고 후에도,0.1410126915958073
좋고 헹구고,0.1410126915958073
헹구고 후에도 촉촉해서,0.1410126915958073
세정력도 좋고 헹구고,0.1410126915958073
클밀 출시가 된다고해서,0.1410126915958073
리얼베리어에서 클밀 출시가,0.1410126915958073
클밀 출시가,0.1410126915958073
세정력도 좋고,0.1410126915958073
구매해봐야겠어요,0.1410126915958073
된다고해서 구매해보았는데,0.1410126915958073
들었습니다 본품,0.1410126915958073
된다고해서,0.1410126915958073
된다고해서 구매해보았는데 만족했어요,0.1410126915958073
구매해보았는데 만족했어요 세정력도,0.1410126915958073
마음에 들었습니다,0.1410126915958073
마음에 들었습니다 본품,0.1410126915958073
마침 리얼베리어에서,0.1410126915958073
마침 리얼베리어에서 클밀,0.1410126915958073
들었습니다 본품 나오면,0.1410126915958073
구매해보았는데,0.1410126915958073
구매해보았는데 만족했어요,0.1410126915958073
유목민이었는데 마침,0.1410126915958073
본품 나오면 구매해봐야겠어요,0.1410126915958073
본품 나오면,0.1410126915958073
촉촉해서 마음에,0.1410126915958073
촉촉해서 마음에 들었습니다,0.1410126915958073
유목민이었는데 마침 리얼베리어에서,0.1410126915958073
클렌징밀크 유목민이었는데 마침,0.1410126915958073
후에도 촉촉해서 마음에,0.1410126915958073
후에도 촉촉해서,0.1410126915958073
클렌징밀크는 여러종류써봤는데 정말다르거든요,0.13791137984418894
정말다르거든요,0.13791137984418894
여러종류써봤는데 정말다르거든요 써보고,0.13791137984418894
클렌징워터로닦고 피부는모공이넓어서,0.13791137984418894
여러종류써봤는데,0.13791137984418894
여러종류써봤는데 정말다르거든요,0.13791137984418894
클렌징워터로닦고,0.13791137984418894
너무좋아서 주문하러구요 자극은없고,0.13791137984418894
자극은없고 건조하지않고,0.13791137984418894
자극은없고 건조하지않고 일단,0.13791137984418894
자극은없고,0.13791137984418894
너무좋아서 주문하러구요,0.13791137984418894
너무좋아서,0.13791137984418894
써보고 너무좋아서,0.13791137984418894
기름기도는건,0.13791137984418894
주문하러구요 자극은없고 건조하지않고,0.13791137984418894
주문하러구요 자극은없고,0.13791137984418894
샘플한번써볼까했는데,0.13791137984418894
정말다르거든요 써보고 너무좋아서,0.13791137984418894
정말다르거든요 써보고,0.13791137984418894
사용후 기름기도는건 클렌징폼쓰거든요,0.13791137984418894
클렌징폼쓰거든요 이제품으로,0.13791137984418894
클렌징폼쓰거든요,0.13791137984418894
클렌징밀크는 여러종류써봤는데,0.13791137984418894
건조하지않고 일단,0.13791137984418894
건조하지않고 일단 눈화장은,0.13791137984418894
기름기도는건 클렌징폼쓰거든요,0.13791137984418894
일단 눈화장은 클렌징워터로닦고,0.13791137984418894
써보고 너무좋아서 주문하러구요,0.13791137984418894
밀크로 사용후,0.13791137984418894
이제품으로,0.13791137984418894
눈화장은,0.13791137984418894
이제품으로 주문갑니다,0.13791137984418894
눈화장은 클렌징워터로닦고,0.13791137984418894
밀크로 사용후 기름기도는건,0.13791137984418894
밀크로,0.13791137984418894
피부는모공이넓어서 밀크로 사용후,0.13791137984418894
샘플한번써볼까했는데 클렌징밀크는 여러종류써봤는데,0.13791137984418894
클렌징워터로닦고 피부는모공이넓어서 밀크로,0.13791137984418894
샘플한번써볼까했는데 클렌징밀크는,0.13791137984418894
눈화장은 클렌징워터로닦고 피부는모공이넓어서,0.13791137984418894
주문갑니다,0.13791137984418894
주문하러구요,0.13791137984418894
건조하지않고,0.13791137984418894
기름기도는건 클렌징폼쓰거든요 이제품으로,0.13791137984418894
일단 눈화장은,0.13791137984418894
피부는모공이넓어서 밀크로,0.13791137984418894
피부는모공이넓어서,0.13791137984418894
클렌징폼쓰거든요 이제품으로 주문갑니다,0.13791137984418894
사용후 기름기도는건,0.13791137984418894
메이크업이나,0.13760398523859674
좋았습니다,0.13760398523859674
부드럽고 가벼운 메이크업은,0.13660385404374478
돈이,0.13660385404374478
부드럽고 가벼운,0.13660385404374478
메이크업은 지워데,0.13660385404374478
메이크업은 지워데 용량을,0.13660385404374478
맞으면 돈이,0.13660385404374478
있어서 롤링도,0.13660385404374478
작은 용량을,0.13660385404374478
구매해서 맞으면,0.13660385404374478
구매해서 맞으면 돈이,0.13660385404374478
지워데,0.13660385404374478
작은 용량을 후에,0.13660385404374478
후에 여부를,0.13660385404374478
가벼운 메이크업은 지워데,0.13660385404374478
가벼운 메이크업은,0.13660385404374478
결정할 있어서 롤링도,0.13660385404374478
결정할 있어서,0.13660385404374478
용량을 후에,0.13660385404374478
맞으면 돈이 아까운데,0.13660385404374478
결정할,0.13660385404374478
있어서 롤링도 부드럽고,0.13660385404374478
용량을 구매해서 맞으면,0.13660385404374478
용량을 늘려야,0.13660385404374478
여부를 결정할 있어서,0.13660385404374478
여부를,0.13660385404374478
롤링도 부드럽고,0.13660385404374478
돈이 아까운데,0.13660385404374478
돈이 아까운데 작은,0.13660385404374478
늘려야,0.13660385404374478
아까운데 작은 용량을,0.13660385404374478
지워데 용량을,0.13660385404374478
용량을 구매해서,0.13660385404374478
용량을 후에 여부를,0.13660385404374478
여부를 결정할,0.13660385404374478
롤링도 부드럽고 가벼운,0.13660385404374478
롤링도,0.13660385404374478
아까운데 작은,0.13660385404374478
아까운데,0.13660385404374478
지워데 용량을 늘려야,0.13660385404374478
후에,0.13660385404374478
후에 여부를 결정할,0.13660385404374478
문지르면,0.13548035442258588
만한,0.13539138606767243
특히,0.13539138606767243
매일 쓰면 피부,0.13480616584266636
바꾼건데 피부가 좋아했으면,0.13480616584266636
뭐라 말은 없는데,0.13480616584266636
사용전이라 뭐라,0.13480616584266636
고민없이,0.13480616584266636
뭐라 말은,0.13480616584266636
쓰면 피부 장벽,0.13480616584266636
바꾼건데 피부가,0.13480616584266636
바꾼건데,0.13480616584266636
사용전이라 뭐라 말은,0.13480616584266636
고민없이 주문했어요 오일,0.13480616584266636
좋겠네요,0.13480616584266636
고민없이 주문했어요,0.13480616584266636
쓰고 있어서 고민없이,0.13480616584266636
클렌징밀크로 바꾼건데 피부가,0.13480616584266636
무너진다고,0.13480616584266636
좋아했으면 좋겠네요,0.13480616584266636
크림을 쓰고 있어서,0.13480616584266636
크림을,0.13480616584266636
주문했어요 오일,0.13480616584266636
피부 장벽,0.13480616584266636
피부 장벽 무너진다고,0.13480616584266636
없는데 크림을,0.13480616584266636
말은 없는데 크림을,0.13480616584266636
아직 사용전이라 뭐라,0.13480616584266636
무너진다고 클렌징밀크로,0.13480616584266636
무너진다고 클렌징밀크로 바꾼건데,0.13480616584266636
클렌징밀크로 바꾼건데,0.13480616584266636
크림을 쓰고,0.13480616584266636
주문했어요 오일 매일,0.13480616584266636
장벽 무너진다고,0.13480616584266636
장벽,0.13480616584266636
좋아했으면,0.13480616584266636
말은,0.13480616584266636
오일 매일,0.13480616584266636
오일 매일 쓰면,0.13480616584266636
장벽 무너진다고 클렌징밀크로,0.13480616584266636
말은 없는데,0.13480616584266636
없는데 크림을 쓰고,0.13480616584266636
있어서 고민없이,0.13480616584266636
피부가 좋아했으면,0.13480616584266636
있어서 고민없이 주문했어요,0.13480616584266636
피부가 좋아했으면 좋겠네요,0.13480616584266636
쓰면 피부,0.13480616584266636
매일 쓰면,0.13480616584266636
촉촉해요 장기적인,0.13399867980775382
느낌은,0.13399867980775382
촉촉해요 장기적인 효과는,0.13399867980775382
효과는 써봐야,0.13399867980775382
피부가 촉촉해요 장기적인,0.13399867980775382
씻기는 느낌은 아니지만,0.13399867980775382
씻기는 느낌은,0.13399867980775382
씻기는,0.13399867980775382
전에 팩을 썼던,0.13399867980775382
전에 팩을,0.13399867980775382
썼던 기억이,0.13399867980775382
썼던,0.13399867980775382
피부가 촉촉해요,0.13399867980775382
느낌은 아니지만,0.13399867980775382
아니지만,0.13399867980775382
팩을 썼던,0.13399867980775382
팩을 썼던 기억이,0.13399867980775382
팩을,0.13399867980775382
느낌은 아니지만 사용후에,0.13399867980775382
처음 써보는데 뽀득뽀득,0.13399867980775382
아니지만 사용후에,0.13399867980775382
기억이 나서 구매해봤어요,0.13399867980775382
장기적인,0.13399867980775382
장기적인 효과는 써봐야,0.13399867980775382
장기적인 효과는,0.13399867980775382
아니지만 사용후에 피부가,0.13399867980775382
나서 구매해봤어요,0.13399867980775382
뽀득뽀득 씻기는,0.13399867980775382
나서 구매해봤어요 클렌징밀크는,0.13399867980775382
뽀득뽀득,0.13399867980775382
썼던 기억이 나서,0.13399867980775382
써봐야 배송 빨라요,0.13399867980775382
사용후에 피부가 촉촉해요,0.13399867980775382
사용후에 피부가,0.13399867980775382
뽀득뽀득 씻기는 느낌은,0.13399867980775382
효과는 써봐야 배송,0.13399867980775382
나서,0.13399867980775382
써보는데 뽀득뽀득,0.13399867980775382
써봐야 배송,0.13399867980775382
구매해봤어요 클렌징밀크는 처음,0.13399867980775382
써보는데 뽀득뽀득 씻기는,0.13399867980775382
사용후에,0.13399867980775382
기억이,0.13399867980775382
구매해봤어요 클렌징밀크는,0.13399867980775382
기억이 나서,0.13399867980775382
마사지하듯,0.13367717814646035
메이크업이,0.13367717814646035
타입으로 클렌징제품을,0.1331976127421886
타입으로 클렌징제품을 바꿔볼까,0.1331976127421886
바꿔볼까,0.1331976127421886
바꿔볼까 생각중이었는데,0.1331976127421886
떠서 처음 접하는,0.1331976127421886
마스카라,0.1331976127421886
접하는,0.1331976127421886
순해서 그런지 자극,0.1331976127421886
접하는 브랜드지만,0.1331976127421886
순해서 그런지,0.1331976127421886
그런지 자극 없음,0.1331976127421886
촉촉합니다 마스카라 제외하고는,0.1331976127421886
접하는 브랜드지만 주문했습니다,0.1331976127421886
브랜드지만 주문했습니다 성분이,0.1331976127421886
브랜드지만 주문했습니다,0.1331976127421886
마스카라 제외하고는 깨끗이,0.1331976127421886
마스카라 제외하고는,0.1331976127421886
생각중이었는데,0.1331976127421886
타입으로,0.1331976127421886
생각중이었는데 끝딜에,0.1331976127421886
주문했습니다 성분이 순해서,0.1331976127421886
주문했습니다 성분이,0.1331976127421886
생각중이었는데 끝딜에 떠서,0.1331976127421886
촉촉합니다 마스카라,0.1331976127421886
끝딜에,0.1331976127421886
떠서 처음,0.1331976127421886
브랜드지만,0.1331976127421886
클렌징제품을 바꿔볼까 생각중이었는데,0.1331976127421886
처음 접하는 브랜드지만,0.1331976127421886
클렌징제품을 바꿔볼까,0.1331976127421886
클렌징제품을,0.1331976127421886
그런지 자극,0.1331976127421886
바꿔볼까 생각중이었는데 끝딜에,0.1331976127421886
자극 없음 매우,0.1331976127421886
없음 매우 촉촉합니다,0.1331976127421886
없음 매우,0.1331976127421886
제외하고는 깨끗이 닦입니다,0.1331976127421886
제외하고는 깨끗이,0.1331976127421886
끝딜에 떠서 처음,0.1331976127421886
성분이 순해서 그런지,0.1331976127421886
매우 촉촉합니다,0.1331976127421886
끝딜에 떠서,0.1331976127421886
성분이 순해서,0.1331976127421886
제외하고는,0.1331976127421886
매우 촉촉합니다 마스카라,0.1331976127421886
매우,0.1331976127421886
처음 접하는,0.1331976127421886
좋으면 본품도,0.13305368853976857
오일과 이중 세안하기는,0.13305368853976857
오일과 이중,0.13305368853976857
말끔히,0.13305368853976857
좋으면 본품도 들일게요,0.13305368853976857
여행 용겸 작은사이즈,0.13305368853976857
세안하기는 귀찮고,0.13305368853976857
본품도 들일게요,0.13305368853976857
지워준다는,0.13305368853976857
바르는데 오일과,0.13305368853976857
바르는데 오일과 이중,0.13305368853976857
여행 용겸,0.13305368853976857
귀찮고 안하자니,0.13305368853976857
귀찮고,0.13305368853976857
귀찮고 안하자니 찜찜했는데,0.13305368853976857
지워준다는 설명보고 여행,0.13305368853976857
바르는데,0.13305368853976857
말끔히 지워준다는 설명보고,0.13305368853976857
용겸,0.13305368853976857
용겸 작은사이즈,0.13305368853976857
용겸 작은사이즈 사용해보고,0.13305368853976857
오일과,0.13305368853976857
말끔히 지워준다는,0.13305368853976857
이중 세안하기는,0.13305368853976857
이중 세안하기는 귀찮고,0.13305368853976857
찜찜했는데 선크림 정도는,0.13305368853976857
찜찜했는데 선크림,0.13305368853976857
찜찜했는데,0.13305368853976857
설명보고,0.13305368853976857
안하자니 찜찜했는데,0.13305368853976857
안하자니 찜찜했는데 선크림,0.13305368853976857
선크림 정도는 말끔히,0.13305368853976857
안하자니,0.13305368853976857
작은사이즈 사용해보고 좋으면,0.13305368853976857
설명보고 여행 용겸,0.13305368853976857
선크림만 바르는데,0.13305368853976857
선크림만 바르는데 오일과,0.13305368853976857
설명보고 여행,0.13305368853976857
작은사이즈,0.13305368853976857
사용해보고 좋으면,0.13305368853976857
사용해보고 좋으면 본품도,0.13305368853976857
세안하기는,0.13305368853976857
정도는 말끔히,0.13305368853976857
정도는 말끔히 지워준다는,0.13305368853976857
평소 선크림만 바르는데,0.13305368853976857
지워준다는 설명보고,0.13305368853976857
세안하기는 귀찮고 안하자니,0.13305368853976857
평소 선크림만,0.13305368853976857
들일게요,0.13305368853976857
작은사이즈 사용해보고,0.13305368853976857
적은 용량을 저렴하게,0.13016517248305465
저렴하게 올라왔길래,0.13016517248305465
올라왔길래 사봤어요 여행,0.13016517248305465
적은 용량을,0.13016517248305465
좋아했는데 마침 저렴하게,0.13016517248305465
좋아했는데,0.13016517248305465
좋아했는데 마침,0.13016517248305465
다닐 소분하는,0.13016517248305465
저렴하게 올라왔길래 사봤어요,0.13016517248305465
소분하는 것도 좋지만,0.13016517248305465
소분하는 것도,0.13016517248305465
저렴하게 구매할,0.13016517248305465
다닐 소분하는 것도,0.13016517248305465
다닐,0.13016517248305465
사고,0.13016517248305465
마침 저렴하게,0.13016517248305465
옮겨담고,0.13016517248305465
옮겨담고 하는,0.13016517248305465
옮겨담고 하는 귀찮더라고요,0.13016517248305465
올라왔길래 사봤어요,0.13016517248305465
사고 옮겨담고,0.13016517248305465
하는 귀찮더라고요 적은,0.13016517248305465
하는 귀찮더라고요,0.13016517248305465
구매할 있어서 좋았어요,0.13016517248305465
구매할 있어서,0.13016517248305465
마침 저렴하게 올라왔길래,0.13016517248305465
사봤어요 여행,0.13016517248305465
귀찮더라고요 적은 용량을,0.13016517248305465
사봤어요 여행 다닐,0.13016517248305465
여행 다닐,0.13016517248305465
여행 다닐 소분하는,0.13016517248305465
귀찮더라고요,0.13016517248305465
용기 사고,0.13016517248305465
용기,0.13016517248305465
있어서 좋았어요,0.13016517248305465
용기 사고 옮겨담고,0.13016517248305465
용량을 저렴하게,0.13016517248305465
귀찮더라고요 적은,0.13016517248305465
사고 옮겨담고 하는,0.13016517248305465
평소에 좋아했는데 마침,0.13016517248305465
용량을 저렴하게 구매할,0.13016517248305465
좋지만 용기,0.13016517248305465
것도 좋지만,0.13016517248305465
것도 좋지만 용기,0.13016517248305465
좋지만 용기 사고,0.13016517248305465
좋지만,0.13016517248305465
평소에 좋아했는데,0.13016517248305465
소분하는,0.13016517248305465
저렴하게 구매할 있어서,0.13016517248305465
당기는 느낌 전혀없고,0.12890402044901864
이제품,0.12890402044901864
느낌 전혀없고,0.12890402044901864
전혀없고 눈에 살짝,0.12890402044901864
느낌 전혀없고 눈에,0.12890402044901864
당기는 느낌,0.12890402044901864
당기는,0.12890402044901864
촉촉 항상,0.12890402044901864
촉촉 항상 클렌징밀크,0.12890402044901864
세안후에 당기는 느낌,0.12890402044901864
이제품 구매할것같아요,0.12890402044901864
세안후에 당기는,0.12890402044901864
맵지않았어요 렌즈낀눈인데도,0.12890402044901864
눈에,0.12890402044901864
세안에,0.12890402044901864
세안에 사용해봤어요,0.12890402044901864
구매할것같아요 세안후에 당기는,0.12890402044901864
렌즈낀눈인데도,0.12890402044901864
구매할것같아요 세안후에,0.12890402044901864
이제품 구매할것같아요 세안후에,0.12890402044901864
구매할것같아요,0.12890402044901864
맵지않았어요,0.12890402044901864
사용하는데 앞으론,0.12890402044901864
눈이 시렵거나 맵지않았어요,0.12890402044901864
눈이,0.12890402044901864
눈이 시렵거나,0.12890402044901864
눈에 살짝 들어갔는데도,0.12890402044901864
눈에 살짝,0.12890402044901864
사용하는데 앞으론 이제품,0.12890402044901864
살짝,0.12890402044901864
앞으론,0.12890402044901864
앞으론 이제품,0.12890402044901864
들어갔는데도 눈이 시렵거나,0.12890402044901864
사용해봤어요 생각보다 촉촉,0.12890402044901864
항상 클렌징밀크,0.12890402044901864
시렵거나,0.12890402044901864
시렵거나 맵지않았어요,0.12890402044901864
시렵거나 맵지않았어요 렌즈낀눈인데도,0.12890402044901864
사용해봤어요 생각보다,0.12890402044901864
클렌징밀크 사용하는데 앞으론,0.12890402044901864
클렌징밀크 사용하는데,0.12890402044901864
세안에 사용해봤어요 생각보다,0.12890402044901864
앞으론 이제품 구매할것같아요,0.12890402044901864
들어갔는데도,0.12890402044901864
들어갔는데도 눈이,0.12890402044901864
항상 클렌징밀크 사용하는데,0.12890402044901864
저녁,0.12890402044901864
생각보다 촉촉 항상,0.12890402044901864
살짝 들어갔는데도,0.12890402044901864
살짝 들어갔는데도 눈이,0.12890402044901864
저녁 세안에 사용해봤어요,0.12890402044901864
저녁 세안에,0.12890402044901864
전혀없고,0.12890402044901864
전혀없고 눈에,0.12890402044901864
좋다고 한번,0.12303569289263852
좋다고 한번 써보고싶었는데,0.12303569289263852
본품을 사고싶은데 어디서,0.12303569289263852
본품을,0.12303569289263852
본품을 사고싶은데,0.12303569289263852
얻었어요 제품이,0.12303569289263852
좋은 기회를 얻었어요,0.12303569289263852
당기지않고 그래서,0.12303569289263852
당기지않고,0.12303569289263852
당기지않고 그래서 혹시나,0.12303569289263852
충분히 세정된거 같더라구요,0.12303569289263852
충분히 세정된거,0.12303569289263852
얻었어요,0.12303569289263852
좋은 기회를,0.12303569289263852
써보고싶었는데 좋은,0.12303569289263852
어디서 사나요,0.12303569289263852
어디서,0.12303569289263852
하고도 당기지않고 그래서,0.12303569289263852
하고도 당기지않고,0.12303569289263852
하고도,0.12303569289263852
다시 클렌징폼으로 씻었는데,0.12303569289263852
다시 클렌징폼으로,0.12303569289263852
써보고싶었는데 좋은 기회를,0.12303569289263852
세정된거 같더라구요,0.12303569289263852
세정된거 같더라구요 본품을,0.12303569289263852
같더라구요 본품을 사고싶은데,0.12303569289263852
클렌징밀크로도,0.12303569289263852
클렌징밀크로도 충분히,0.12303569289263852
같더라구요,0.12303569289263852
한번 써보고싶었는데 좋은,0.12303569289263852
좋은건지 하고도 당기지않고,0.12303569289263852
같더라구요 본품을,0.12303569289263852
클렌징밀크가 좋다고 한번,0.12303569289263852
좋은건지,0.12303569289263852
씻었는데 클렌징밀크로도 충분히,0.12303569289263852
좋은건지 하고도,0.12303569289263852
혹시나 다시 클렌징폼으로,0.12303569289263852
사고싶은데,0.12303569289263852
사나요,0.12303569289263852
클렌징밀크로도 충분히 세정된거,0.12303569289263852
기회를 얻었어요,0.12303569289263852
기회를,0.12303569289263852
한번 써보고싶었는데,0.12303569289263852
사고싶은데 어디서,0.12303569289263852
혹시나 다시,0.12303569289263852
혹시나,0.12303569289263852
사고싶은데 어디서 사나요,0.12303569289263852
기회를 얻었어요 제품이,0.12303569289263852
제품이 좋은건지,0.12303569289263852
클렌징폼으로 씻었는데,0.12303569289263852
클렌징폼으로 씻었는데 클렌징밀크로도,0.12303569289263852
제품이 좋은건지 하고도,0.12303569289263852
클렌징폼으로,0.12303569289263852
얻었어요 제품이 좋은건지,0.12303569289263852
세정된거,0.12303569289263852
그래서 혹시나 다시,0.12303569289263852
씻었는데 클렌징밀크로도,0.12303569289263852
씻었는데,0.12303569289263852
그래서 혹시나,0.12303569289263852
들어서 구매해볼까,0.11990730784613658
들어서 구매해볼까 고민하던차에,0.11990730784613658
밀크가 좋다고 들어서,0.11990730784613658
바로 사용해봤는데,0.11990730784613658
바로 구매해봤습니다,0.11990730784613658
바로 구매해봤습니다 수령하자마자,0.11990730784613658
구매해볼까 고민하던차에,0.11990730784613658
잘되고 부드럽게,0.11990730784613658
유화도 잘되고,0.11990730784613658
잘되고 부드럽게 씻겨서,0.11990730784613658
되는 유화도 잘되고,0.11990730784613658
사용해봤는데 미끈거리는 느낌도,0.11990730784613658
사용하면 본품도 구매할,0.11990730784613658
사용하면,0.11990730784613658
씻겨서,0.11990730784613658
느낌도 없고 세정도,0.11990730784613658
수령하자마자 바로 사용해봤는데,0.11990730784613658
씻겨서 만족스럽습니다 사용하면,0.11990730784613658
씻겨서 만족스럽습니다,0.11990730784613658
없고 세정도,0.11990730784613658
없고 세정도 되는,0.11990730784613658
사용해봤는데 미끈거리는,0.11990730784613658
사용해봤는데,0.11990730784613658
세정도 되는 유화도,0.11990730784613658
세정도 되는,0.11990730784613658
바로 사용해봤는데 미끈거리는,0.11990730784613658
사용하면 본품도,0.11990730784613658
구매해볼까 고민하던차에 체험분이,0.11990730784613658
체험분이 나와서,0.11990730784613658
체험분이 나와서 바로,0.11990730784613658
미끈거리는 느낌도,0.11990730784613658
유화도 잘되고 부드럽게,0.11990730784613658
부드럽게 씻겨서,0.11990730784613658
체험분이,0.11990730784613658
만족스럽습니다 사용하면 본품도,0.11990730784613658
구매해볼까,0.11990730784613658
되는 유화도,0.11990730784613658
되는,0.11990730784613658
구매해봤습니다 수령하자마자 바로,0.11990730784613658
미끈거리는 느낌도 없고,0.11990730784613658
구매해봤습니다 수령하자마자,0.11990730784613658
미끈거리는,0.11990730784613658
나와서 바로 구매해봤습니다,0.11990730784613658
고민하던차에 체험분이 나와서,0.11990730784613658
고민하던차에,0.11990730784613658
부드럽게 씻겨서 만족스럽습니다,0.11990730784613658
좋다고 들어서 구매해볼까,0.11990730784613658
고민하던차에 체험분이,0.11990730784613658
좋다고 들어서,0.11990730784613658
나와서,0.11990730784613658
나와서 바로,0.11990730784613658
만족스럽습니다 사용하면,0.11990730784613658
만족스럽습니다,0.11990730784613658
본품도 구매할,0.11990730784613658
수령하자마자 바로,0.11990730784613658
수령하자마자,0.11990730784613658
장벽이 무너져서,0.1139648109689108
피부가 엄청 예민한데,0.1139648109689108
장벽이 무너져서 피부가,0.1139648109689108
예민한데 이거는,0.1139648109689108
작은걸로,0.1139648109689108
예민한데,0.1139648109689108
무너져서,0.1139648109689108
클렌징밤이,0.1139648109689108
기대중이에요 다음주에,0.1139648109689108
사봤어요 피부 장벽이,0.1139648109689108
기대중이에요,0.1139648109689108
없다 그래서,0.1139648109689108
없다 그래서 기대중이에요,0.1139648109689108
하루 이상,0.1139648109689108
하루 이상 자고,0.1139648109689108
없다,0.1139648109689108
클렌징밤이 부피가,0.1139648109689108
클렌징밤이 부피가 커서,0.1139648109689108
사봤어요 피부,0.1139648109689108
무조건 하루 이상,0.1139648109689108
무조건 하루,0.1139648109689108
자극이 없다 그래서,0.1139648109689108
친정,0.1139648109689108
엄청 예민한데,0.1139648109689108
작은걸로 사봤어요 피부,0.1139648109689108
그래서 기대중이에요,0.1139648109689108
그래서 기대중이에요 다음주에,0.1139648109689108
친정이,0.1139648109689108
친정이 멀어서,0.1139648109689108
친정 가는데 써보고,0.1139648109689108
친정 가는데,0.1139648109689108
커서,0.1139648109689108
커서 작은걸로,0.1139648109689108
커서 작은걸로 사봤어요,0.1139648109689108
친정이 멀어서 무조건,0.1139648109689108
자고 오는데 클렌징밤이,0.1139648109689108
멀어서 무조건,0.1139648109689108
기대중이에요 다음주에 친정,0.1139648109689108
멀어서,0.1139648109689108
멀어서 무조건 하루,0.1139648109689108
부피가,0.1139648109689108
다음주에,0.1139648109689108
이거는 자극이,0.1139648109689108
무너져서 피부가 엄청,0.1139648109689108
무너져서 피부가,0.1139648109689108
다음주에 친정,0.1139648109689108
다음주에 친정 가는데,0.1139648109689108
부피가 커서 작은걸로,0.1139648109689108
이거는,0.1139648109689108
부피가 커서,0.1139648109689108
가는데 써보고 남길게요,0.1139648109689108
이상,0.1139648109689108
이상 자고 오는데,0.1139648109689108
이거는 자극이 없다,0.1139648109689108
피부 장벽이 무너져서,0.1139648109689108
피부가 엄청,0.1139648109689108
가는데 써보고,0.1139648109689108
이상 자고,0.1139648109689108
써보고 남길게요,0.1139648109689108
작은걸로 사봤어요,0.1139648109689108
오는데 클렌징밤이,0.1139648109689108
오는데,0.1139648109689108
오는데 클렌징밤이 부피가,0.1139648109689108
예민한데 이거는 자극이,0.1139648109689108
자고 오는데,0.1139648109689108
자고,0.1139648109689108
엄청 예민한데 이거는,0.1139648109689108
자극이 없다,0.1139648109689108
챙겨 다니기 편해,0.11292792685649393
쓰기 괜찮았어요,0.11292792685649393
순한 찾다가 구매했는데,0.11292792685649393
순한 찾다가,0.11292792685649393
쓰기 괜찮았어요 사이즈도,0.11292792685649393
촉촉한 느낌이,0.11292792685649393
외출할 챙겨 다니기,0.11292792685649393
피부가 예민한,0.11292792685649393
외출할 챙겨,0.11292792685649393
심하지 않고,0.11292792685649393
피부가 예민한 편이라,0.11292792685649393
남아서,0.11292792685649393
않고 촉촉한,0.11292792685649393
않고 촉촉한 느낌이,0.11292792685649393
아담해서 여행이나 외출할,0.11292792685649393
찾다가 구매했는데,0.11292792685649393
찾다가 구매했는데 자극,0.11292792685649393
외출할,0.11292792685649393
부드럽게 세안돼서,0.11292792685649393
데일리로 쓰기 괜찮았어요,0.11292792685649393
챙겨 다니기,0.11292792685649393
괜찮았어요 사이즈도 아담해서,0.11292792685649393
챙겨,0.11292792685649393
만족스러워요 세안 후에도,0.11292792685649393
만족스러워요 세안,0.11292792685649393
편해 만족합니다,0.11292792685649393
편해,0.11292792685649393
다니기 편해 만족합니다,0.11292792685649393
다니기 편해,0.11292792685649393
아담해서,0.11292792685649393
아담해서 여행이나,0.11292792685649393
괜찮았어요 사이즈도,0.11292792685649393
괜찮았어요,0.11292792685649393
부드럽게 세안돼서 만족스러워요,0.11292792685649393
데일리로 쓰기,0.11292792685649393
심하지 않고 촉촉한,0.11292792685649393
촉촉한 느낌이 남아서,0.11292792685649393
여행이나,0.11292792685649393
구매했는데 자극,0.11292792685649393
구매했는데 자극 없이,0.11292792685649393
여행이나 외출할 챙겨,0.11292792685649393
편이라 순한 찾다가,0.11292792685649393
편이라 순한,0.11292792685649393
여행이나 외출할,0.11292792685649393
사이즈도,0.11292792685649393
사이즈도 아담해서,0.11292792685649393
사이즈도 아담해서 여행이나,0.11292792685649393
예민한,0.11292792685649393
예민한 편이라,0.11292792685649393
세안돼서 만족스러워요,0.11292792685649393
당김이 심하지,0.11292792685649393
남아서 데일리로,0.11292792685649393
남아서 데일리로 쓰기,0.11292792685649393
예민한 편이라 순한,0.11292792685649393
세안돼서,0.11292792685649393
당김이 심하지 않고,0.11292792685649393
자극 없이 부드럽게,0.11292792685649393
없이 부드럽게 세안돼서,0.11292792685649393
없이 부드럽게,0.11292792685649393
세안돼서 만족스러워요 세안,0.11292792685649393
느낌이 남아서 데일리로,0.11292792685649393
느낌이 남아서,0.11292792685649393
후에도 당김이 심하지,0.11292792685649393
물로만 세안해도,0.10917038919327056
물로만 세안해도 미끄러운거,0.10917038919327056
클렌징밀크는 처음 사용법을,0.10917038919327056
물로만,0.10917038919327056
물기 없는,0.10917038919327056
물기 없는 손으로,0.10917038919327056
묻혀서 사용함 요샌,0.10917038919327056
물기,0.10917038919327056
사용법을 잘못봤나싶어서 보니까,0.10917038919327056
안남고 사라지는 많은데,0.10917038919327056
안남고,0.10917038919327056
안남고 사라지는,0.10917038919327056
사용함 요샌 물로만,0.10917038919327056
사용함 요샌,0.10917038919327056
쓰는데 얘는 최악,0.10917038919327056
쓰는데 얘는,0.10917038919327056
없는 손으로,0.10917038919327056
없는 손으로 하라는데,0.10917038919327056
엄청 미끄러움,0.10917038919327056
뻑뻑함,0.10917038919327056
뻑뻑함 묻혀서,0.10917038919327056
뻑뻑함 묻혀서 사용함,0.10917038919327056
사용함,0.10917038919327056
세안해도,0.10917038919327056
세안해도 미끄러운거,0.10917038919327056
세안해도 미끄러운거 안남고,0.10917038919327056
사용법을,0.10917038919327056
사용법을 잘못봤나싶어서,0.10917038919327056
없는,0.10917038919327056
사라지는 많은데 얘는,0.10917038919327056
엄청 미끄러움 쓰는데,0.10917038919327056
보니까 물기 없는,0.10917038919327056
미끄러운거 안남고 사라지는,0.10917038919327056
태어나서 뻑뻑한,0.10917038919327056
태어나서 뻑뻑한 클렌징밀크는,0.10917038919327056
요샌 물로만,0.10917038919327056
하라는데 얼굴 벗겨질것처럼,0.10917038919327056
벗겨질것처럼,0.10917038919327056
하라는데,0.10917038919327056
잘못봤나싶어서,0.10917038919327056
잘못봤나싶어서 보니까 물기,0.10917038919327056
잘못봤나싶어서 보니까,0.10917038919327056
하라는데 얼굴,0.10917038919327056
처음 사용법을 잘못봤나싶어서,0.10917038919327056
얘는 엄청 미끄러움,0.10917038919327056
얘는 엄청,0.10917038919327056
태어나서,0.10917038919327056
많은데,0.10917038919327056
많은데 얘는,0.10917038919327056
손으로 하라는데 얼굴,0.10917038919327056
묻혀서,0.10917038919327056
묻혀서 사용함,0.10917038919327056
미끄러운거 안남고,0.10917038919327056
요샌 물로만 세안해도,0.10917038919327056
요샌,0.10917038919327056
미끄러움,0.10917038919327056
보니까,0.10917038919327056
손으로 하라는데,0.10917038919327056
미끄러운거,0.10917038919327056
최악,0.10917038919327056
미끄러움 쓰는데 얘는,0.10917038919327056
미끄러움 쓰는데,0.10917038919327056
보니까 물기,0.10917038919327056
얼굴 벗겨질것처럼,0.10917038919327056
얼굴 벗겨질것처럼 뻑뻑함,0.10917038919327056
많은데 얘는 엄청,0.10917038919327056
처음 사용법을,0.10917038919327056
얘는 최악,0.10917038919327056
뻑뻑한 클렌징밀크는 처음,0.10917038919327056
뻑뻑한 클렌징밀크는,0.10917038919327056
벗겨질것처럼 뻑뻑함 묻혀서,0.10917038919327056
사라지는 많은데,0.10917038919327056
사라지는,0.10917038919327056
벗겨질것처럼 뻑뻑함,0.10917038919327056
기름지지않고 촉촉해서 신기했는데,0.10838107294313576
기술력이,0.10838107294313576
클렌징밀크로 갖고왔어요 잘만드시네요,0.10838107294313576
역시 촉촉해요 어떻게,0.10838107294313576
갖고왔어요,0.10838107294313576
기술력이 좋은거같아요,0.10838107294313576
그걸 클렌징밀크로,0.10838107294313576
중인데요 이번에 클렌징밀크,0.10838107294313576
중인데요 이번에,0.10838107294313576
나온 수분크림이랑 선크림,0.10838107294313576
적은 용량제품 샀어요,0.10838107294313576
적은 용량제품,0.10838107294313576
수분크림이랑 선크림,0.10838107294313576
수분크림이랑 선크림 되게,0.10838107294313576
수분크림이랑,0.10838107294313576
나온대서,0.10838107294313576
나온 수분크림이랑,0.10838107294313576
중인데요,0.10838107294313576
테스트로,0.10838107294313576
테스트로 적은,0.10838107294313576
되게,0.10838107294313576
테스트로 적은 용량제품,0.10838107294313576
나온대서 궁금해서,0.10838107294313576
나온대서 궁금해서 일단,0.10838107294313576
촉촉해서 신기했는데 그걸,0.10838107294313576
촉촉해요 어떻게,0.10838107294313576
선크림도 기름지지않고 촉촉해서,0.10838107294313576
용량제품 샀어요 역시,0.10838107294313576
선크림 되게,0.10838107294313576
촉촉해요 어떻게 이리,0.10838107294313576
촉촉해서 신기했는데,0.10838107294313576
이번에 클렌징밀크,0.10838107294313576
이리,0.10838107294313576
이번에 클렌징밀크 나온대서,0.10838107294313576
선크림 되게 쓰는,0.10838107294313576
선크림도 기름지지않고,0.10838107294313576
이리 촉촉죠 기술력이,0.10838107294313576
신기했는데 그걸 클렌징밀크로,0.10838107294313576
이리 촉촉죠,0.10838107294313576
되게 쓰는,0.10838107294313576
용량제품,0.10838107294313576
용량제품 샀어요,0.10838107294313576
어떻게 이리,0.10838107294313576
일단 테스트로 적은,0.10838107294313576
리얼베리어에서 나온 수분크림이랑,0.10838107294313576
일단 테스트로,0.10838107294313576
역시 촉촉해요,0.10838107294313576
신기했는데,0.10838107294313576
기름지지않고,0.10838107294313576
기름지지않고 촉촉해서,0.10838107294313576
되게 쓰는 중인데요,0.10838107294313576
쓰는 중인데요,0.10838107294313576
그걸 클렌징밀크로 갖고왔어요,0.10838107294313576
갖고왔어요 잘만드시네요,0.10838107294313576
그걸,0.10838107294313576
궁금해서 일단 테스트로,0.10838107294313576
쓰는 중인데요 이번에,0.10838107294313576
궁금해서 일단,0.10838107294313576
좋은거같아요 선크림도 기름지지않고,0.10838107294313576
좋은거같아요 선크림도,0.10838107294313576
기술력이 좋은거같아요 선크림도,0.10838107294313576
촉촉죠,0.10838107294313576
신기했는데 그걸,0.10838107294313576
어떻게 이리 촉촉죠,0.10838107294313576
어떻게,0.10838107294313576
클렌징밀크로 갖고왔어요,0.10838107294313576
촉촉죠 기술력이,0.10838107294313576
촉촉죠 기술력이 좋은거같아요,0.10838107294313576
클렌징밀크 나온대서 궁금해서,0.10838107294313576
잘만드시네요,0.10838107294313576
샀어요 역시 촉촉해요,0.10838107294313576
클렌징밀크 나온대서,0.10838107294313576
샀어요 역시,0.10838107294313576
손으로 롤링하다,0.10795553876309365
클렌징브러쉬로 살살 문지르니,0.10795553876309365
클렌징하는편이다보니 피부자극이,0.10795553876309365
클렌징하는편이다보니,0.10795553876309365
매일 메이크업을,0.10795553876309365
문지르니,0.10795553876309365
문지르니 베이스제품,0.10795553876309365
문지르니 베이스제품 블러셔가,0.10795553876309365
자극이 없다는게 느껴져,0.10795553876309365
있더라고요 그래서 클렌징밀크로,0.10795553876309365
세안후에 얼굴 붉어짐없는거보니,0.10795553876309365
세안후에 얼굴,0.10795553876309365
없다는게,0.10795553876309365
있을때도,0.10795553876309365
매일 메이크업을 하는편이라,0.10795553876309365
롤링하다,0.10795553876309365
없다는게 느껴져 좋더라고요,0.10795553876309365
없다는게 느껴져,0.10795553876309365
녹아 나오더라고요 클렌징이,0.10795553876309365
있을때도 있더라고요 그래서,0.10795553876309365
있을때도 있더라고요,0.10795553876309365
롤링하다 클렌징브러쉬로 살살,0.10795553876309365
클렌징브러쉬로 살살,0.10795553876309365
클렌징브러쉬로,0.10795553876309365
바꿔보려 처음엔 손으로,0.10795553876309365
메이크업을 하는편이라,0.10795553876309365
그래서 클렌징밀크로,0.10795553876309365
자극이 없다는게,0.10795553876309365
바꿔보려,0.10795553876309365
바꿔보려 처음엔,0.10795553876309365
그래서 클렌징밀크로 바꿔보려,0.10795553876309365
롤링하다 클렌징브러쉬로,0.10795553876309365
클렌징하는편이다보니 피부자극이 있을때도,0.10795553876309365
살살 문지르니 베이스제품,0.10795553876309365
녹아 나오더라고요,0.10795553876309365
살살 문지르니,0.10795553876309365
얼굴 붉어짐없는거보니,0.10795553876309365
처음엔 손으로 롤링하다,0.10795553876309365
클렌징오일로 클렌징하는편이다보니,0.10795553876309365
처음엔 손으로,0.10795553876309365
처음엔,0.10795553876309365
하는편이라 클렌징오일로 클렌징하는편이다보니,0.10795553876309365
하는편이라 클렌징오일로,0.10795553876309365
되었고 세안후에 얼굴,0.10795553876309365
얼굴 붉어짐없는거보니 자극이,0.10795553876309365
되었고,0.10795553876309365
되었고 세안후에,0.10795553876309365
베이스제품 블러셔가 녹아,0.10795553876309365
메이크업을 하는편이라 클렌징오일로,0.10795553876309365
클렌징오일로 클렌징하는편이다보니 피부자극이,0.10795553876309365
클렌징밀크로 바꿔보려 처음엔,0.10795553876309365
클렌징밀크로 바꿔보려,0.10795553876309365
블러셔가 녹아 나오더라고요,0.10795553876309365
생각보다 되었고 세안후에,0.10795553876309365
하는편이라,0.10795553876309365
블러셔가 녹아,0.10795553876309365
블러셔가,0.10795553876309365
느껴져,0.10795553876309365
느껴져 좋더라고요,0.10795553876309365
붉어짐없는거보니 자극이,0.10795553876309365
붉어짐없는거보니,0.10795553876309365
나오더라고요,0.10795553876309365
생각보다 되었고,0.10795553876309365
베이스제품,0.10795553876309365
베이스제품 블러셔가,0.10795553876309365
클렌징이 생각보다,0.10795553876309365
클렌징이 생각보다 되었고,0.10795553876309365
피부자극이 있을때도,0.10795553876309365
피부자극이 있을때도 있더라고요,0.10795553876309365
나오더라고요 클렌징이,0.10795553876309365
나오더라고요 클렌징이 생각보다,0.10795553876309365
손으로 롤링하다 클렌징브러쉬로,0.10795553876309365
붉어짐없는거보니 자극이 없다는게,0.10795553876309365
세안은,0.10640490914573195
세안은 필수 같아용,0.10640490914573195
세안은 필수,0.10640490914573195
같아용,0.10640490914573195
사봤는데 이게,0.10640490914573195
같아용 근데 아이라이너랑,0.10640490914573195
궁금해서 사봤는데,0.10640490914573195
사봤는데 이게 훨씬,0.10640490914573195
같아용 근데,0.10640490914573195
궁금해서 사봤는데 이게,0.10640490914573195
근데 아이라이너랑 마스카라도,0.10640490914573195
근데 물로,0.10640490914573195
이중 세안은 필수,0.10640490914573195
나면 클렌징밤처럼 얼굴에,0.10640490914573195
나면 클렌징밤처럼,0.10640490914573195
나면 본품,0.10640490914573195
필수 같아용 근데,0.10640490914573195
이게,0.10640490914573195
필수 같아용,0.10640490914573195
필수,0.10640490914573195
쓰다가 궁금해서,0.10640490914573195
근데 아이라이너랑,0.10640490914573195
근데 물로 유화하고,0.10640490914573195
그래서 이중,0.10640490914573195
그래서 이중 세안은,0.10640490914573195
이중 세안은,0.10640490914573195
쓰다가 궁금해서 사봤는데,0.10640490914573195
느낌 그래서,0.10640490914573195
아이라이너랑 마스카라도,0.10640490914573195
아이라이너랑,0.10640490914573195
원래 타사,0.10640490914573195
유화하고 나면 클렌징밤처럼,0.10640490914573195
아이라이너랑 마스카라도 지워서,0.10640490914573195
지워서 앞으로,0.10640490914573195
느낌 그래서 이중,0.10640490914573195
지워서 앞으로 트러블만,0.10640490914573195
유화하고 나면,0.10640490914573195
남는 느낌,0.10640490914573195
이게 훨씬,0.10640490914573195
남는 느낌 그래서,0.10640490914573195
유화하고,0.10640490914573195
이게 훨씬 지워지네요,0.10640490914573195
지워지네요 근데 물로,0.10640490914573195
지워지네요 근데,0.10640490914573195
클렌징밀크 쓰다가,0.10640490914573195
물로 유화하고 나면,0.10640490914573195
물로 유화하고,0.10640490914573195
클렌징밀크 쓰다가 궁금해서,0.10640490914573195
클렌징밤처럼,0.10640490914573195
막이 남는 느낌,0.10640490914573195
막이 남는,0.10640490914573195
막이,0.10640490914573195
트러블만,0.10640490914573195
트러블만 나면,0.10640490914573195
트러블만 나면 본품,0.10640490914573195
얼굴에 막이,0.10640490914573195
앞으로 트러블만 나면,0.10640490914573195
앞으로 트러블만,0.10640490914573195
원래 타사 클렌징밀크,0.10640490914573195
클렌징밤처럼 얼굴에,0.10640490914573195
얼굴에 막이 남는,0.10640490914573195
타사 클렌징밀크 쓰다가,0.10640490914573195
훨씬 지워지네요 근데,0.10640490914573195
훨씬 지워지네요,0.10640490914573195
훨씬,0.10640490914573195
마스카라도 지워서,0.10640490914573195
클렌징밤처럼 얼굴에 막이,0.10640490914573195
마스카라도 지워서 앞으로,0.10640490914573195
아주딱이였네요 재구매하러,0.100237297116172
아주딱이였네요 재구매하러 오겠습니다,0.100237297116172
않고 오일이 치덕치덕,0.100237297116172
폼클렌징 샘플인줄,0.100237297116172
오일처럼,0.100237297116172
오일처럼 흘러내리도,0.100237297116172
좋아서 좋았어요,0.100237297116172
오일이 치덕치덕 발랐다는,0.100237297116172
받고나서 보니 아니더라구요,0.100237297116172
받고나서,0.100237297116172
받고나서 보니,0.100237297116172
받아본 제품이 맘에,0.100237297116172
일단 민감한,0.100237297116172
받아본 제품이,0.100237297116172
발림성도,0.100237297116172
발랐다는 느낌도 없고,0.100237297116172
발림성도 좋아서,0.100237297116172
발림성도 좋아서 좋았어요,0.100237297116172
치덕치덕 발랐다는,0.100237297116172
치덕치덕 발랐다는 느낌도,0.100237297116172
유목민이어서 폼클렌징,0.100237297116172
유목민이어서,0.100237297116172
오일처럼 흘러내리도 않고,0.100237297116172
발랐다는,0.100237297116172
구매했는데 받고나서 보니,0.100237297116172
구매했는데 받고나서,0.100237297116172
부드럽고 발림성도,0.100237297116172
부드럽고 발림성도 좋아서,0.100237297116172
보니 아니더라구요,0.100237297116172
보니 아니더라구요 놀라운건,0.100237297116172
제품이 맘에 들어요,0.100237297116172
제품이 맘에,0.100237297116172
보니,0.100237297116172
발랐다는 느낌도,0.100237297116172
치덕치덕,0.100237297116172
일단 민감한 저에게,0.100237297116172
받아본,0.100237297116172
재구매하러,0.100237297116172
저에게 아주딱이였네요,0.100237297116172
샘플인줄 알고 구매했는데,0.100237297116172
흘러내리도 않고 오일이,0.100237297116172
흘러내리도 않고,0.100237297116172
샘플인줄 알고,0.100237297116172
맘에 들어요 오일처럼,0.100237297116172
좋았어요 일단 민감한,0.100237297116172
폼클렌징 유목민이어서 폼클렌징,0.100237297116172
들어요 오일처럼 흘러내리도,0.100237297116172
오겠습니다,0.100237297116172
샘플로 받아본,0.100237297116172
재구매하러 오겠습니다,0.100237297116172
저에게 아주딱이였네요 재구매하러,0.100237297116172
샘플인줄,0.100237297116172
샘플로 받아본 제품이,0.100237297116172
들어요 오일처럼,0.100237297116172
흘러내리도,0.100237297116172
않고 오일이,0.100237297116172
민감한,0.100237297116172
민감한 저에게,0.100237297116172
민감한 저에게 아주딱이였네요,0.100237297116172
클렌징되면서,0.100237297116172
클렌징되면서 부드럽고,0.100237297116172
클렌징되면서 부드럽고 발림성도,0.100237297116172
좋아서 좋았어요 일단,0.100237297116172
폼클렌징 유목민이어서,0.100237297116172
없고 크림처럼 클렌징되면서,0.100237297116172
없고 크림처럼,0.100237297116172
오일이 치덕치덕,0.100237297116172
폼클렌징 샘플인줄 알고,0.100237297116172
오일이,0.100237297116172
좋았어요 일단,0.100237297116172
알고 구매했는데 받고나서,0.100237297116172
알고 구매했는데,0.100237297116172
아주딱이였네요,0.100237297116172
놀라운건 샘플로 받아본,0.100237297116172
느낌도 없고 크림처럼,0.100237297116172
아니더라구요 놀라운건,0.100237297116172
유목민이어서 폼클렌징 샘플인줄,0.100237297116172
아니더라구요,0.100237297116172
놀라운건 샘플로,0.100237297116172
놀라운건,0.100237297116172
크림처럼 클렌징되면서 부드럽고,0.100237297116172
아니더라구요 놀라운건 샘플로,0.100237297116172
크림처럼 클렌징되면서,0.100237297116172
크림처럼,0.100237297116172
건조하지도 않고,0.09949924942916778
건조하지도 않고 자극도,0.09949924942916778
건조한느낌나는데 이건,0.09949924942916778
건조한느낌나는데 이건 건조하지도,0.09949924942916778
건조한느낌나는데,0.09949924942916778
사봤습니다,0.09949924942916778
사봤습니다 거품이 안나서,0.09949924942916778
사봤습니다 거품이,0.09949924942916778
세안하고 나니 뽀득한,0.09949924942916778
체험 기회가,0.09949924942916778
체험 기회가 있어,0.09949924942916778
세안하고,0.09949924942916778
같아서 클렌징밀크에,0.09949924942916778
거품이 안나서,0.09949924942916778
거품이 안나서 긴가민가했지만,0.09949924942916778
세안하고 나니,0.09949924942916778
자극이 가는것,0.09949924942916778
자극도 적네요,0.09949924942916778
자극이 가는것 같아서,0.09949924942916778
같아서 클렌징밀크에 관심이,0.09949924942916778
바르고나서 클렌징폼,0.09949924942916778
바르고나서 클렌징폼 쓰는게,0.09949924942916778
바르고나서,0.09949924942916778
쓰고 나면,0.09949924942916778
쓰고 나면 건조한느낌나는데,0.09949924942916778
나면 건조한느낌나는데 이건,0.09949924942916778
나니 뽀득한 느낌이,0.09949924942916778
나면 건조한느낌나는데,0.09949924942916778
나니 뽀득한,0.09949924942916778
나니,0.09949924942916778
보통 클렌징폼,0.09949924942916778
기회가 있어 사봤습니다,0.09949924942916778
신기했어요 보통 클렌징폼,0.09949924942916778
있어 사봤습니다,0.09949924942916778
있어 사봤습니다 거품이,0.09949924942916778
기회가,0.09949924942916778
보통,0.09949924942916778
보통 클렌징폼 쓰고,0.09949924942916778
긴가민가했지만,0.09949924942916778
긴가민가했지만 세안하고,0.09949924942916778
긴가민가했지만 세안하고 나니,0.09949924942916778
기회가 있어,0.09949924942916778
신기했어요,0.09949924942916778
신기했어요 보통,0.09949924942916778
있었어요 마침,0.09949924942916778
뽀득한 느낌이 들어서,0.09949924942916778
뽀득한 느낌이,0.09949924942916778
뽀득한,0.09949924942916778
있었어요 마침 체험,0.09949924942916778
관심이,0.09949924942916778
관심이 있었어요,0.09949924942916778
관심이 있었어요 마침,0.09949924942916778
않고 자극도 적네요,0.09949924942916778
않고 자극도,0.09949924942916778
안나서,0.09949924942916778
안나서 긴가민가했지만,0.09949924942916778
피부 예민한편인데 선크림만,0.09949924942916778
피부 예민한편인데,0.09949924942916778
느낌이 들어서,0.09949924942916778
느낌이 들어서 신기했어요,0.09949924942916778
안나서 긴가민가했지만 세안하고,0.09949924942916778
이건 건조하지도 않고,0.09949924942916778
쓰는게 자극이,0.09949924942916778
쓰는게 자극이 가는것,0.09949924942916778
쓰는게,0.09949924942916778
이건 건조하지도,0.09949924942916778
이건,0.09949924942916778
클렌징밀크에 관심이,0.09949924942916778
마침 체험 기회가,0.09949924942916778
클렌징밀크에 관심이 있었어요,0.09949924942916778
예민한편인데 선크림만,0.09949924942916778
클렌징폼 쓰고 나면,0.09949924942916778
클렌징폼 쓰는게,0.09949924942916778
클렌징폼 쓰는게 자극이,0.09949924942916778
들어서 신기했어요,0.09949924942916778
들어서 신기했어요 보통,0.09949924942916778
클렌징폼 쓰고,0.09949924942916778
예민한편인데,0.09949924942916778
예민한편인데 선크림만 바르고나서,0.09949924942916778
선크림만 바르고나서 클렌징폼,0.09949924942916778
선크림만 바르고나서,0.09949924942916778
가는것 같아서 클렌징밀크에,0.09949924942916778
가는것,0.09949924942916778
가는것 같아서,0.09949924942916778
세안 왁스를,0.09907873830876841
세안 왁스를 바른듯,0.09907873830876841
향이에요,0.09907873830876841
향이에요 세안,0.09907873830876841
건조한 피부에,0.09907873830876841
건조한 피부에 맞을것,0.09907873830876841
오일느낌과,0.09907873830876841
로션에서,0.09907873830876841
로션에서 맡았던,0.09907873830876841
로션에서 맡았던 향이에요,0.09907873830876841
붙어,0.09907873830876841
붙어 씌워진,0.09907873830876841
붙어 씌워진 느낌이에요,0.09907873830876841
자극도 없는편이고,0.09907873830876841
자극도 없는편이고 유화도,0.09907873830876841
그래서 닦인건지,0.09907873830876841
그래서 닦인건지 뭔지,0.09907873830876841
하는편입니다,0.09907873830876841
하는편입니다 건조한,0.09907873830876841
하는편입니다 건조한 피부에,0.09907873830876841
발려요,0.09907873830876841
발려요 자극도,0.09907873830876841
발려요 자극도 없는편이고,0.09907873830876841
하는게,0.09907873830876841
하는게 마음편해요,0.09907873830876841
하는게 마음편해요 평소,0.09907873830876841
없는편이고 유화도 나쁘지않아요,0.09907873830876841
마음편해요 평소 클렌징오일로,0.09907873830876841
바른듯,0.09907873830876841
바른듯 피부에,0.09907873830876841
바른듯 피부에 뭔가,0.09907873830876841
나쁘지않아요,0.09907873830876841
나쁘지않아요 향도,0.09907873830876841
나쁘지않아요 향도 크림이나,0.09907873830876841
크림이나,0.09907873830876841
크림이나 로션에서,0.09907873830876841
크림이나 로션에서 맡았던,0.09907873830876841
닦인건지 뭔지 모르겠어서,0.09907873830876841
달라요,0.09907873830876841
마음편해요,0.09907873830876841
마음편해요 평소,0.09907873830876841
없는편이고,0.09907873830876841
없는편이고 유화도,0.09907873830876841
씌워진,0.09907873830876841
씌워진 느낌이에요,0.09907873830876841
유화도 나쁘지않아요,0.09907873830876841
유화도 나쁘지않아요 향도,0.09907873830876841
피부에 맞을것,0.09907873830876841
피부에 뭔가,0.09907873830876841
피부에 뭔가 붙어,0.09907873830876841
씌워진 느낌이에요 개인적으로,0.09907873830876841
맞을것,0.09907873830876841
맡았던,0.09907873830876841
맡았던 향이에요,0.09907873830876841
맡았던 향이에요 세안,0.09907873830876841
클렌징오일로 1차만,0.09907873830876841
클렌징오일로 1차만 하는편입니다,0.09907873830876841
뭔가 붙어,0.09907873830876841
평소 클렌징오일로 1차만,0.09907873830876841
느낌이에요 개인적으로,0.09907873830876841
느낌이에요 개인적으로 오일느낌과,0.09907873830876841
뭔가 붙어 씌워진,0.09907873830876841
뭔지,0.09907873830876841
뭔지 모르겠어서,0.09907873830876841
뭔지 모르겠어서 2차세안까지,0.09907873830876841
모르겠어서 2차세안까지,0.09907873830876841
모르겠어서 2차세안까지 하는게,0.09907873830876841
오일느낌과 달라요,0.09907873830876841
오일느낌과 달라요 그래서,0.09907873830876841
달라요 그래서,0.09907873830876841
달라요 그래서 닦인건지,0.09907873830876841
닦인건지,0.09907873830876841
닦인건지 뭔지,0.09907873830876841
평소 클렌징오일로,0.09907873830876841
왁스를,0.09907873830876841
왁스를 바른듯,0.09907873830876841
왁스를 바른듯 피부에,0.09907873830876841
얼굴에 발려요,0.09907873830876841
얼굴에 발려요 자극도,0.09907873830876841
향이에요 세안 왁스를,0.09907873830876841
개인적으로,0.09907873830876841
개인적으로 오일느낌과,0.09907873830876841
개인적으로 오일느낌과 달라요,0.09907873830876841
향도 크림이나,0.09907873830876841
향도 크림이나 로션에서,0.09907873830876841
2차세안까지 하는게,0.09907873830876841
2차세안까지 하는게 마음편해요,0.09907873830876841
1차만 하는편입니다 건조한,0.09907873830876841
1차만 하는편입니다,0.09907873830876841
1차만,0.09907873830876841
가장 좋은것같더라고요 밀크제품으로1차세안후,0.09770972863844399
가장 좋은것같더라고요,0.09770972863844399
30ml제품 할인할때,0.09770972863844399
2차세안까지 하는편인데 오일류로,0.09770972863844399
2차세안까지 하는편인데,0.09770972863844399
30ml제품 할인할때 주문해,0.09770972863844399
30ml제품,0.09770972863844399
사용해봤지만 제품이,0.09770972863844399
건조함도없어,0.09770972863844399
건조함도없어 좋더라고요,0.09770972863844399
다른 브랜드의 밀크제품도,0.09770972863844399
메이크업을하다보니,0.09770972863844399
밀크제품도 사용해봤지만,0.09770972863844399
사용해봤지만,0.09770972863844399
매일 메이크업을하다보니 2차세안까지,0.09770972863844399
세안해주는데,0.09770972863844399
세안해주는데 피부자극,0.09770972863844399
세안해주는데 피부자극 없음,0.09770972863844399
매일 메이크업을하다보니,0.09770972863844399
메이크업 지우다보니 피부자극이,0.09770972863844399
메이크업 지우다보니,0.09770972863844399
주문했어요 매일 메이크업을하다보니,0.09770972863844399
오일류로,0.09770972863844399
메이크업을하다보니 2차세안까지 하는편인데,0.09770972863844399
메이크업을하다보니 2차세안까지,0.09770972863844399
주문했어요 매일,0.09770972863844399
밀크제품으로1차세안후,0.09770972863844399
밀크제품도 사용해봤지만 제품이,0.09770972863844399
클렌저로 한번,0.09770972863844399
밀크제품도,0.09770972863844399
주문해 사용해보고 마음에,0.09770972863844399
주문해 사용해보고,0.09770972863844399
주문해,0.09770972863844399
밀크제품 사용하는데 다른,0.09770972863844399
지우다보니,0.09770972863844399
피부당김이나,0.09770972863844399
피부당김이나 건조함도없어,0.09770972863844399
클렌저로 한번 세안해주는데,0.09770972863844399
피부당김이나 건조함도없어 좋더라고요,0.09770972863844399
그래서 밀크제품,0.09770972863844399
그래서 밀크제품 사용하는데,0.09770972863844399
하는편인데,0.09770972863844399
없음 피부당김이나 건조함도없어,0.09770972863844399
없음 피부당김이나,0.09770972863844399
마음에 들어,0.09770972863844399
하는편인데 오일류로,0.09770972863844399
제품이 세정력이 가장,0.09770972863844399
제품이 세정력이,0.09770972863844399
하는편인데 오일류로 메이크업,0.09770972863844399
있더라고요 그래서 밀크제품,0.09770972863844399
할인할때 주문해 사용해보고,0.09770972863844399
할인할때 주문해,0.09770972863844399
할인할때,0.09770972863844399
본품 주문했어요 매일,0.09770972863844399
본품 주문했어요,0.09770972863844399
타입 클렌저로,0.09770972863844399
좋은것같더라고요,0.09770972863844399
들어,0.09770972863844399
밀크제품으로1차세안후 타입,0.09770972863844399
밀크제품으로1차세안후 타입 클렌저로,0.09770972863844399
들어 본품,0.09770972863844399
들어 본품 주문했어요,0.09770972863844399
좋은것같더라고요 밀크제품으로1차세안후 타입,0.09770972863844399
좋은것같더라고요 밀크제품으로1차세안후,0.09770972863844399
마음에 들어 본품,0.09770972863844399
클렌저로,0.09770972863844399
피부자극 없음 피부당김이나,0.09770972863844399
피부자극 없음,0.09770972863844399
지우다보니 피부자극이 있더라고요,0.09770972863844399
밀크제품 사용하는데,0.09770972863844399
밀크제품,0.09770972863844399
피부자극이 있더라고요,0.09770972863844399
피부자극이 있더라고요 그래서,0.09770972863844399
지우다보니 피부자극이,0.09770972863844399
사용해보고 마음에,0.09770972863844399
사용해보고 마음에 들어,0.09770972863844399
사용해봤지만 제품이 세정력이,0.09770972863844399
오일류로 메이크업 지우다보니,0.09770972863844399
사용하는데 다른,0.09770972863844399
세정력이 가장 좋은것같더라고요,0.09770972863844399
타입 클렌저로 한번,0.09770972863844399
오일류로 메이크업,0.09770972863844399
한번 세안해주는데 피부자극,0.09770972863844399
브랜드의 밀크제품도 사용해봤지만,0.09770972863844399
한번 세안해주는데,0.09770972863844399
사용하는데 다른 브랜드의,0.09770972863844399
브랜드의 밀크제품도,0.09770972863844399
두번정도,0.08877969896980223
뒤에 다시,0.08877969896980223
뒤에 다시 남길게요,0.08877969896980223
중인데 아무래도,0.08877969896980223
아직은 두번정도 썼는데,0.08877969896980223
같은게,0.08877969896980223
같은게 없다보니,0.08877969896980223
같은게 없다보니 피지가,0.08877969896980223
에스네이처보다는,0.08877969896980223
않은,0.08877969896980223
않은 신입이에요,0.08877969896980223
오일을 오래 쓰고,0.08877969896980223
않은 신입이에요 에스네이처,0.08877969896980223
느낌입니다 에스네이처가,0.08877969896980223
묽어서,0.08877969896980223
느낌입니다,0.08877969896980223
다시 남길게요 질감은,0.08877969896980223
다시 남길게요,0.08877969896980223
중인데 아무래도 밀크는,0.08877969896980223
에스네이처보다는 꾸덕한 느낌입니다,0.08877969896980223
1달 뒤에 다시,0.08877969896980223
에스네이처보다는 꾸덕한,0.08877969896980223
없는데 쓰다보면,0.08877969896980223
밀크는 아직 익숙하지,0.08877969896980223
뒤에,0.08877969896980223
두번정도 썼는데 1달,0.08877969896980223
두번정도 썼는데,0.08877969896980223
느낌이 없는데,0.08877969896980223
느낌이 없는데 쓰다보면,0.08877969896980223
밀크는 아직,0.08877969896980223
느낌입니다 에스네이처가 묽어서,0.08877969896980223
아직은,0.08877969896980223
아직은 두번정도,0.08877969896980223
밀크는 오일에 비해,0.08877969896980223
밀크는 오일에,0.08877969896980223
오일에 비해,0.08877969896980223
오일에 비해 유화,0.08877969896980223
오일을,0.08877969896980223
원래는,0.08877969896980223
원래는 오일을,0.08877969896980223
원래는 오일을 오래,0.08877969896980223
아직 익숙하지 않은,0.08877969896980223
높지않아서 사용해보았는데요 원래는,0.08877969896980223
높지않아서 사용해보았는데요,0.08877969896980223
높지않아서,0.08877969896980223
아직 익숙하지,0.08877969896980223
아무래도 밀크는 오일에,0.08877969896980223
아직 만족도가 높지않아서,0.08877969896980223
아직 만족도가,0.08877969896980223
아무래도 밀크는,0.08877969896980223
아무래도,0.08877969896980223
없어지는,0.08877969896980223
쓰는 중인데,0.08877969896980223
질감은 에스네이처보다는 꾸덕한,0.08877969896980223
질감은 에스네이처보다는,0.08877969896980223
질감은,0.08877969896980223
썼는데 1달 뒤에,0.08877969896980223
꾸덕한 느낌입니다 에스네이처가,0.08877969896980223
꾸덕한 느낌입니다,0.08877969896980223
쓰고 밤도,0.08877969896980223
남길게요 질감은 에스네이처보다는,0.08877969896980223
남길게요 질감은,0.08877969896980223
유화 같은게 없다보니,0.08877969896980223
유화 같은게,0.08877969896980223
유화,0.08877969896980223
썼는데 1달,0.08877969896980223
쓰고 밤도 쓰는,0.08877969896980223
피지가 없어지는,0.08877969896980223
피지가 없어지는 느낌이,0.08877969896980223
쓰다보면 뽀득한거같아요,0.08877969896980223
쓰다보면,0.08877969896980223
쓰다보면 뽀득한거같아요 아직은,0.08877969896980223
오일에,0.08877969896980223
피지가,0.08877969896980223
쓰는 중인데 아무래도,0.08877969896980223
없는데 쓰다보면 뽀득한거같아요,0.08877969896980223
만족도가 높지않아서 사용해보았는데요,0.08877969896980223
만족도가 높지않아서,0.08877969896980223
만족도가,0.08877969896980223
오일을 오래,0.08877969896980223
밤도,0.08877969896980223
밤도 쓰는 중인데,0.08877969896980223
없다보니,0.08877969896980223
신입이에요,0.08877969896980223
신입이에요 에스네이처 사용중이다가,0.08877969896980223
신입이에요 에스네이처,0.08877969896980223
없다보니 피지가,0.08877969896980223
익숙하지,0.08877969896980223
익숙하지 않은,0.08877969896980223
익숙하지 않은 신입이에요,0.08877969896980223
없다보니 피지가 없어지는,0.08877969896980223
밤도 쓰는,0.08877969896980223
비해 유화 같은게,0.08877969896980223
비해,0.08877969896980223
비해 유화,0.08877969896980223
뽀득한거같아요 아직은,0.08877969896980223
뽀득한거같아요,0.08877969896980223
에스네이처가 묽어서,0.08877969896980223
뽀득한거같아요 아직은 두번정도,0.08877969896980223
오래 쓰고,0.08877969896980223
오래 쓰고 밤도,0.08877969896980223
없어지는 느낌이,0.08877969896980223
없어지는 느낌이 없는데,0.08877969896980223
에스네이처 사용중이다가,0.08877969896980223
에스네이처,0.08877969896980223
에스네이처 사용중이다가 아직,0.08877969896980223
에스네이처가,0.08877969896980223
사용중이다가 아직,0.08877969896980223
사용중이다가,0.08877969896980223
사용중이다가 아직 만족도가,0.08877969896980223
사용해보았는데요 원래는 오일을,0.08877969896980223
사용해보았는데요 원래는,0.08877969896980223
사용해보았는데요,0.08877969896980223
1달 뒤에,0.08877969896980223
1달,0.08877969896980223
점성도,0.08259760700047752
점성에 피부에 문지르면,0.08259760700047752
점성도 묽지,0.08259760700047752
점성도 묽지 않고,0.08259760700047752
점성에,0.08259760700047752
적당한,0.08259760700047752
클렌징밀크에 자극이,0.08259760700047752
사용느낌은 밀크의,0.08259760700047752
사용느낌은 밀크의 점성도,0.08259760700047752
호르몬변화를 겪어서인지,0.08259760700047752
호르몬변화를 겪어서인지 쓰던,0.08259760700047752
사서 트라이,0.08259760700047752
사서 트라이 중입니다,0.08259760700047752
체험분 사이즈의 밀크가,0.08259760700047752
체험분 사이즈의,0.08259760700047752
체험분,0.08259760700047752
사용해 보고 다른,0.08259760700047752
느낌이 나는데,0.08259760700047752
사이즈의 밀크가 올라왔길래,0.08259760700047752
느낌과 변화,0.08259760700047752
느낌과 변화 올려야,0.08259760700047752
느낌이 나는데 제품은,0.08259760700047752
사용느낌은,0.08259760700047752
호르몬변화를,0.08259760700047752
클렌징밀크에 자극이 생겨,0.08259760700047752
올라오지 않았는데,0.08259760700047752
자극이 생겨 다른,0.08259760700047752
자극이 생겨,0.08259760700047752
묽지,0.08259760700047752
겪어서인지 쓰던 클렌징밀크에,0.08259760700047752
네이버끝딜에,0.08259760700047752
브랜드의 클렌징밀크 사서,0.08259760700047752
브랜드의 클렌징밀크,0.08259760700047752
겉도는 느낌이 나는데,0.08259760700047752
겉도는 느낌이,0.08259760700047752
겉도는,0.08259760700047752
피부에 밀착되어 클렌징이,0.08259760700047752
겪어서인지,0.08259760700047752
네이버끝딜에 체험분,0.08259760700047752
겉돌지않고 피부에 밀착되어,0.08259760700047752
겉돌지않고,0.08259760700047752
트라이 중입니다 네이버끝딜에,0.08259760700047752
트라이 중입니다,0.08259760700047752
트라이,0.08259760700047752
겠습니다,0.08259760700047752
겉돌지않고 피부에,0.08259760700047752
되네요,0.08259760700047752
되네요 가렵거나,0.08259760700047752
되네요 가렵거나 벌겋게,0.08259760700047752
네이버끝딜에 체험분 사이즈의,0.08259760700047752
어떤,0.08259760700047752
어떤 제품은,0.08259760700047752
어떤 제품은 겉도는,0.08259760700047752
느낌과,0.08259760700047752
피부에 문지르면,0.08259760700047752
피부에 문지르면 어떤,0.08259760700047752
피부에 밀착되어,0.08259760700047752
나는데,0.08259760700047752
나는데 제품은,0.08259760700047752
밀크의 점성도 묽지,0.08259760700047752
밀착되어 클렌징이,0.08259760700047752
중입니다 네이버끝딜에,0.08259760700047752
중입니다,0.08259760700047752
가렵거나 벌겋게,0.08259760700047752
가렵거나,0.08259760700047752
사이즈의 밀크가,0.08259760700047752
사이즈의,0.08259760700047752
생겨,0.08259760700047752
생겨 다른 브랜드의,0.08259760700047752
생겨 다른,0.08259760700047752
점성에 피부에,0.08259760700047752
가렵거나 벌겋게 올라오지,0.08259760700047752
적당한 점성에 피부에,0.08259760700047752
클렌징밀크 사서,0.08259760700047752
밀착되어,0.08259760700047752
밀크가 올라왔길래 주문했습니다,0.08259760700047752
밀크가 올라왔길래,0.08259760700047752
지속적으로 사용해 보고,0.08259760700047752
올라오지,0.08259760700047752
다른 느낌과 변화,0.08259760700047752
다른 느낌과,0.08259760700047752
벌겋게 올라오지,0.08259760700047752
벌겋게,0.08259760700047752
올려야,0.08259760700047752
않고 적당한,0.08259760700047752
묽지 않고,0.08259760700047752
묽지 않고 적당한,0.08259760700047752
문지르면 어떤,0.08259760700047752
문지르면 어떤 제품은,0.08259760700047752
클렌징밀크 사서 트라이,0.08259760700047752
일주일,0.08259760700047752
보고 다른,0.08259760700047752
보고 다른 느낌과,0.08259760700047752
변화,0.08259760700047752
벌겋게 올라오지 않았는데,0.08259760700047752
일주일 지속적으로,0.08259760700047752
일주일 지속적으로 사용해,0.08259760700047752
제품은 겉도는,0.08259760700047752
변화 올려야 겠습니다,0.08259760700047752
변화 올려야,0.08259760700047752
제품은 겉돌지않고,0.08259760700047752
제품은 겉돌지않고 피부에,0.08259760700047752
클렌징이 되네요,0.08259760700047752
클렌징이 되네요 가렵거나,0.08259760700047752
제품은 겉도는 느낌이,0.08259760700047752
올려야 겠습니다,0.08259760700047752
않았는데 일주일,0.08259760700047752
않았는데 일주일 지속적으로,0.08259760700047752
주문했습니다 사용느낌은,0.08259760700047752
주문했습니다 사용느낌은 밀크의,0.08259760700047752
올라오지 않았는데 일주일,0.08259760700047752
올라왔길래 주문했습니다,0.08259760700047752
겪어서인지 쓰던,0.08259760700047752
올라왔길래 주문했습니다 사용느낌은,0.08259760700047752
다른 브랜드의 클렌징밀크,0.08259760700047752
적당한 점성에,0.08259760700047752
중입니다 네이버끝딜에 체험분,0.08259760700047752
밀착되어 클렌징이 되네요,0.08259760700047752
밀크의,0.08259760700047752
않고 적당한 점성에,0.08259760700047752
쓰던 클렌징밀크에,0.08259760700047752
지속적으로 사용해,0.08259760700047752
쓰던 클렌징밀크에 자극이,0.08259760700047752
지속적으로,0.08259760700047752
나는데 제품은 겉돌지않고,0.08259760700047752
밀크의 점성도,0.08259760700047752
들었어요 향도,0.08250170767647885
당김 없이,0.08250170767647885
유지되는,0.08250170767647885
데일리로 사용하기 좋았습니다,0.08250170767647885
건조한 피부라 순한,0.08250170767647885
덕분인지,0.08250170767647885
느낌이 들었어요 향도,0.08250170767647885
향도 강하지,0.08250170767647885
덕분인지 세안,0.08250170767647885
덕분인지 세안 피부,0.08250170767647885
만족할 만한,0.08250170767647885
메이크업이나 선크림도,0.08250170767647885
유지되는 느낌이,0.08250170767647885
유지되는 느낌이 들었어요,0.08250170767647885
메이크업이나 선크림도 자극,0.08250170767647885
자극 없이 지워서,0.08250170767647885
데일리로 사용하기,0.08250170767647885
부담 없고 건성,0.08250170767647885
부담 없고,0.08250170767647885
피부라면 만족할,0.08250170767647885
세안 피부 장벽이,0.08250170767647885
세안 피부,0.08250170767647885
세안 후에도 당김,0.08250170767647885
선크림도 자극,0.08250170767647885
선크림도 자극 없이,0.08250170767647885
사용하기 좋았습니다,0.08250170767647885
피부라면 만족할 만한,0.08250170767647885
후에도 당김 없이,0.08250170767647885
강하지 않아,0.08250170767647885
우유처럼,0.08250170767647885
우유처럼 부드러운,0.08250170767647885
우유처럼 부드러운 제형이라,0.08250170767647885
성분 덕분인지,0.08250170767647885
성분 덕분인지 세안,0.08250170767647885
장벽이 편안하게 유지되는,0.08250170767647885
피부라,0.08250170767647885
피부라 순한,0.08250170767647885
피부라 순한 클렌저,0.08250170767647885
없고 건성 민감성,0.08250170767647885
없고 건성,0.08250170767647885
없고 세안 후에도,0.08250170767647885
만한 밀크입니다,0.08250170767647885
사용하기 좋았습니다 특히,0.08250170767647885
건조한 피부라,0.08250170767647885
향도 강하지 않아,0.08250170767647885
건성,0.08250170767647885
건성 민감성,0.08250170767647885
건성 민감성 피부라면,0.08250170767647885
찾다가 써본 제품인데,0.08250170767647885
촉촉함이 남아요 메이크업이나,0.08250170767647885
만족할 만한 밀크입니다,0.08250170767647885
부드러운 제형이라,0.08250170767647885
부드러운 제형이라 피부,0.08250170767647885
없이 지워서,0.08250170767647885
들었어요,0.08250170767647885
당김,0.08250170767647885
아침저녁 데일리로 사용하기,0.08250170767647885
민감하고 건조한,0.08250170767647885
민감성 피부라면 만족할,0.08250170767647885
없이 촉촉함이,0.08250170767647885
없이 지워서 아침저녁,0.08250170767647885
제형이라 피부,0.08250170767647885
없이 촉촉함이 남아요,0.08250170767647885
제형이라 피부 마찰이,0.08250170767647885
들었어요 향도 강하지,0.08250170767647885
찾다가 써본,0.08250170767647885
기대,0.08250170767647885
만족할,0.08250170767647885
당김 없이 촉촉함이,0.08250170767647885
좋았습니다 특히 성분,0.08250170767647885
좋았습니다 특히,0.08250170767647885
기대 이상이었어요,0.08250170767647885
기대 이상이었어요 우유처럼,0.08250170767647885
느낌이 들었어요,0.08250170767647885
피부 장벽이 편안하게,0.08250170767647885
민감하고 건조한 피부라,0.08250170767647885
남아요 메이크업이나 선크림도,0.08250170767647885
아침저녁,0.08250170767647885
아침저녁 데일리로,0.08250170767647885
남아요 메이크업이나,0.08250170767647885
써본 제품인데 기대,0.08250170767647885
순한 클렌저 찾다가,0.08250170767647885
이상이었어요 우유처럼 부드러운,0.08250170767647885
마찰이 없고 세안,0.08250170767647885
밀크입니다,0.08250170767647885
지워서 아침저녁,0.08250170767647885
지워서 아침저녁 데일리로,0.08250170767647885
클렌저 찾다가,0.08250170767647885
제품인데 기대 이상이었어요,0.08250170767647885
제품인데 기대,0.08250170767647885
제품인데,0.08250170767647885
클렌저,0.08250170767647885
제형이라,0.08250170767647885
순한 클렌저,0.08250170767647885
이상이었어요 우유처럼,0.08250170767647885
않아 부담,0.08250170767647885
않아 부담 없고,0.08250170767647885
이상이었어요,0.08250170767647885
클렌저 찾다가 써본,0.08250170767647885
써본,0.08250170767647885
써본 제품인데,0.08250170767647885
피부 마찰이 없고,0.08250170767647885
장벽이 편안하게,0.08250170767647885
마찰이 없고,0.08250170767647885
없고 세안,0.08250170767647885
마찰이,0.08250170767647885
피부 마찰이,0.08250170767647885
강하지,0.08250170767647885
후에도 당김,0.08250170767647885
강하지 않아 부담,0.08250170767647885
편안하게 유지되는 느낌이,0.08250170767647885
편안하게 유지되는,0.08250170767647885
편안하게,0.08250170767647885
특히 성분 덕분인지,0.08250170767647885
특히 성분,0.08250170767647885
데일리,0.0806539565182455
데일리 메이크업,0.0806539565182455
데일리 메이크업 지우는,0.0806539565182455
편견을,0.0806539565182455
대만족이에요 데일리,0.0806539565182455
대만족이에요 데일리 메이크업,0.0806539565182455
편견을 깨준,0.0806539565182455
편견을 깨준 제품입니다,0.0806539565182455
살살 마사지하듯,0.0806539565182455
살살 마사지하듯 롤링한,0.0806539565182455
세안됩니다,0.0806539565182455
훌륭합니다,0.0806539565182455
마사지하듯 롤링한 미온수로,0.0806539565182455
마사지하듯 롤링한,0.0806539565182455
롤링한,0.0806539565182455
롤링한 미온수로,0.0806539565182455
롤링한 미온수로 헹구거나,0.0806539565182455
용도로 훌륭합니다,0.0806539565182455
조금씩 연해지는 보여서,0.0806539565182455
하는데,0.0806539565182455
하는데 부드럽게,0.0806539565182455
미온수로 헹구거나 해면으로,0.0806539565182455
써요,0.0806539565182455
써요 순한,0.0806539565182455
써요 순한 제품은,0.0806539565182455
제품입니다 평소에,0.0806539565182455
제품입니다 평소에 선크림이랑,0.0806539565182455
조금씩,0.0806539565182455
조금씩 연해지는,0.0806539565182455
지우는,0.0806539565182455
지우는 용도로,0.0806539565182455
지우는 용도로 훌륭합니다,0.0806539565182455
떨어질,0.0806539565182455
떨어질 거라는,0.0806539565182455
떨어질 거라는 편견을,0.0806539565182455
연한 화장,0.0806539565182455
연한 화장 주로,0.0806539565182455
연해지는,0.0806539565182455
평소에 선크림이랑,0.0806539565182455
평소에 선크림이랑 베이스,0.0806539565182455
하는데 부드럽게 문질러주면,0.0806539565182455
깨준,0.0806539565182455
깨준 제품입니다,0.0806539565182455
깨준 제품입니다 평소에,0.0806539565182455
깨끗하게 세안됩니다,0.0806539565182455
미온수로,0.0806539565182455
미온수로 헹구거나,0.0806539565182455
문질러주면,0.0806539565182455
문질러주면 모공,0.0806539565182455
문질러주면 모공 노폐물과,0.0806539565182455
순한데 세정력까지,0.0806539565182455
순한데 세정력까지 좋아서,0.0806539565182455
베이스 메이크업,0.0806539565182455
베이스 메이크업 연한,0.0806539565182455
깨끗하게 세안됩니다 블랙헤드나,0.0806539565182455
없이 깨끗하게 세안됩니다,0.0806539565182455
닦아내면,0.0806539565182455
닦아내면 자극,0.0806539565182455
닦아내면 자극 없이,0.0806539565182455
제품은 세정력이,0.0806539565182455
보여서 대만족이에요 데일리,0.0806539565182455
주로 하는데,0.0806539565182455
주로 하는데 부드럽게,0.0806539565182455
노폐물과,0.0806539565182455
노폐물과 메이크업이,0.0806539565182455
노폐물과 메이크업이 말끔하게,0.0806539565182455
녹아내려요,0.0806539565182455
연해지는 보여서,0.0806539565182455
연해지는 보여서 대만족이에요,0.0806539565182455
순한 제품은,0.0806539565182455
순한 제품은 세정력이,0.0806539565182455
제품은 세정력이 떨어질,0.0806539565182455
녹아내려요 손에,0.0806539565182455
녹아내려요 손에 힘을,0.0806539565182455
메이크업이 말끔하게,0.0806539565182455
메이크업이 말끔하게 녹아내려요,0.0806539565182455
메이크업 연한,0.0806539565182455
메이크업 연한 화장,0.0806539565182455
모공,0.0806539565182455
모공 노폐물과,0.0806539565182455
블랙헤드나,0.0806539565182455
블랙헤드나 화이트헤드도,0.0806539565182455
블랙헤드나 화이트헤드도 조금씩,0.0806539565182455
보여서,0.0806539565182455
보여서 대만족이에요,0.0806539565182455
데일리로 맨날,0.0806539565182455
데일리로 맨날 써요,0.0806539565182455
대만족이에요,0.0806539565182455
모공 노폐물과 메이크업이,0.0806539565182455
맨날,0.0806539565182455
맨날 써요,0.0806539565182455
맨날 써요 순한,0.0806539565182455
좋아서 데일리로,0.0806539565182455
좋아서 데일리로 맨날,0.0806539565182455
해면으로,0.0806539565182455
해면으로 닦아내면,0.0806539565182455
해면으로 닦아내면 자극,0.0806539565182455
손에,0.0806539565182455
손에 힘을,0.0806539565182455
부드럽게 문질러주면,0.0806539565182455
부드럽게 문질러주면 모공,0.0806539565182455
세정력까지 좋아서 데일리로,0.0806539565182455
빼고,0.0806539565182455
빼고 살살,0.0806539565182455
빼고 살살 마사지하듯,0.0806539565182455
헹구거나,0.0806539565182455
헹구거나 해면으로,0.0806539565182455
자극 없이 깨끗하게,0.0806539565182455
연한,0.0806539565182455
손에 힘을 빼고,0.0806539565182455
세정력이 떨어질,0.0806539565182455
세정력이 떨어질 거라는,0.0806539565182455
세정력까지,0.0806539565182455
세정력까지 좋아서,0.0806539565182455
말끔하게 녹아내려요,0.0806539565182455
말끔하게 녹아내려요 손에,0.0806539565182455
화이트헤드도 조금씩,0.0806539565182455
화이트헤드도 조금씩 연해지는,0.0806539565182455
화장,0.0806539565182455
화장 주로,0.0806539565182455
화장 주로 하는데,0.0806539565182455
헹구거나 해면으로 닦아내면,0.0806539565182455
세안됩니다 블랙헤드나,0.0806539565182455
세안됩니다 블랙헤드나 화이트헤드도,0.0806539565182455
거라는,0.0806539565182455
거라는 편견을,0.0806539565182455
거라는 편견을 깨준,0.0806539565182455
화이트헤드도,0.0806539565182455
말끔하게,0.0806539565182455
메이크업 지우는,0.0806539565182455
메이크업 지우는 용도로,0.0806539565182455
선크림이랑,0.0806539565182455
선크림이랑 베이스,0.0806539565182455
선크림이랑 베이스 메이크업,0.0806539565182455
힘을 빼고 살살,0.0806539565182455
힘을 빼고,0.0806539565182455
힘을,0.0806539565182455
쟁이세요,0.07397748398156499
저렴하게 나왔길래 여행,0.07397748398156499
저렴하게 나왔길래,0.07397748398156499
가벼운 베이스 메이크업은,0.07397748398156499
가벼운 베이스,0.07397748398156499
전혀 없습니다 이번에,0.07397748398156499
피부라면 무조건 정착해야,0.07397748398156499
피부라면 무조건,0.07397748398156499
많은지 바로 알겠네요,0.07397748398156499
많은지 바로,0.07397748398156499
많은지,0.07397748398156499
피부가 촉촉 편안합니다,0.07397748398156499
없고 로션을,0.07397748398156499
약산성인데도,0.07397748398156499
알겠네요 평소에,0.07397748398156499
알겠네요,0.07397748398156499
약산성인데도 선크림이나 가벼운,0.07397748398156499
약산성인데도 선크림이나,0.07397748398156499
메이크업은 잔여물 없이,0.07397748398156499
메이크업은 잔여물,0.07397748398156499
알겠네요 평소에 피부가,0.07397748398156499
피부가 촉촉,0.07397748398156499
피부가 쉽게 붉어지고,0.07397748398156499
피부가 쉽게,0.07397748398156499
없습니다 이번에 써보고,0.07397748398156499
없습니다 이번에,0.07397748398156499
만족스러워서 다음에는 본품,0.07397748398156499
만족스러워서 다음에는,0.07397748398156499
이번에 써보고,0.07397748398156499
무조건 정착해야 체험,0.07397748398156499
무조건 정착해야,0.07397748398156499
무조건 쟁이세요,0.07397748398156499
민감성 피부라면 무조건,0.07397748398156499
나왔길래 여행 테스트용으로,0.07397748398156499
나왔길래 여행,0.07397748398156499
나왔길래,0.07397748398156499
이번에 써보고 만족스러워서,0.07397748398156499
지워요 제형도 부드러워서,0.07397748398156499
지워요 제형도,0.07397748398156499
품절 풀리면 무조건,0.07397748398156499
품절 풀리면,0.07397748398156499
품절,0.07397748398156499
풀리면 무조건 쟁이세요,0.07397748398156499
풀리면 무조건,0.07397748398156499
풀리면,0.07397748398156499
인기가 많은지 바로,0.07397748398156499
인기가 많은지,0.07397748398156499
인기가,0.07397748398156499
지워요,0.07397748398156499
없고 로션을 바른,0.07397748398156499
없습니다,0.07397748398156499
로션을 바른 것처럼,0.07397748398156499
로션을 바른,0.07397748398156499
롤링할 자극이 전혀,0.07397748398156499
롤링할 자극이,0.07397748398156499
롤링할,0.07397748398156499
써보고 만족스러워서 다음에는,0.07397748398156499
써보고 만족스러워서,0.07397748398156499
바른 것처럼 피부가,0.07397748398156499
바른 것처럼,0.07397748398156499
바른,0.07397748398156499
바로 알겠네요 평소에,0.07397748398156499
바로 알겠네요,0.07397748398156499
쉽게 붉어지고 건조한,0.07397748398156499
쉽게 붉어지고,0.07397748398156499
까다로운데 제품은 세안,0.07397748398156499
까다로운데 제품은,0.07397748398156499
까다로운데,0.07397748398156499
제형도 부드러워서 롤링할,0.07397748398156499
제형도 부드러워서,0.07397748398156499
제형도,0.07397748398156499
평소에 피부가 쉽게,0.07397748398156499
평소에 피부가,0.07397748398156499
딜로 저렴하게 나왔길래,0.07397748398156499
로션을,0.07397748398156499
없이 깨끗하게 지워요,0.07397748398156499
깨끗하게 지워요 제형도,0.07397748398156499
깨끗하게 지워요,0.07397748398156499
베이스 메이크업은,0.07397748398156499
제품은 세안 후에도,0.07397748398156499
제품은 세안,0.07397748398156499
쉽게,0.07397748398156499
베이스 메이크업은 잔여물,0.07397748398156499
다음에는 본품 대용량으로,0.07397748398156499
다음에는 본품,0.07397748398156499
다음에는,0.07397748398156499
여행 테스트용으로 구매해,0.07397748398156499
여행 테스트용으로,0.07397748398156499
봤는데 인기가,0.07397748398156499
부드러워서 롤링할,0.07397748398156499
고를,0.07397748398156499
구매할 예정입니다 품절,0.07397748398156499
구매할 예정입니다,0.07397748398156499
구매해 봤는데 인기가,0.07397748398156499
구매해 봤는데,0.07397748398156499
순한 약산성인데도 선크림이나,0.07397748398156499
순한 약산성인데도,0.07397748398156499
편이라 세안제 고를,0.07397748398156499
편이라 세안제,0.07397748398156499
당김이 전혀 없고,0.07397748398156499
당김이 전혀,0.07397748398156499
테스트용으로 구매해 봤는데,0.07397748398156499
테스트용으로 구매해,0.07397748398156499
자극이 전혀 없습니다,0.07397748398156499
자극이 전혀,0.07397748398156499
것처럼 피부가,0.07397748398156499
것처럼,0.07397748398156499
고를 까다로운데 제품은,0.07397748398156499
고를 까다로운데,0.07397748398156499
본품 대용량으로 구매할,0.07397748398156499
본품 대용량으로,0.07397748398156499
봤는데 인기가 많은지,0.07397748398156499
붉어지고 건조한 편이라,0.07397748398156499
붉어지고 건조한,0.07397748398156499
붉어지고,0.07397748398156499
부드러워서 롤링할 자극이,0.07397748398156499
것처럼 피부가 촉촉,0.07397748398156499
건조한 편이라 세안제,0.07397748398156499
건조한 편이라,0.07397748398156499
예정입니다 품절 풀리면,0.07397748398156499
예정입니다 품절,0.07397748398156499
예정입니다,0.07397748398156499
편안합니다 순한 약산성인데도,0.07397748398156499
편안합니다 순한,0.07397748398156499
편안합니다,0.07397748398156499
정착해야,0.07397748398156499
잔여물 없이 깨끗하게,0.07397748398156499
잔여물 없이,0.07397748398156499
잔여물,0.07397748398156499
촉촉 편안합니다 순한,0.07397748398156499
촉촉 편안합니다,0.07397748398156499
세안제 고를 까다로운데,0.07397748398156499
세안제 고를,0.07397748398156499
정착해야 체험 딜로,0.07397748398156499
정착해야 체험,0.07397748398156499
선크림이나 가벼운 베이스,0.07397748398156499
선크림이나 가벼운,0.07397748398156499
선크림이나,0.07397748398156499
대용량으로 구매할 예정입니다,0.07397748398156499
대용량으로 구매할,0.07397748398156499
대용량으로,0.07397748398156499
후에도 당김이 전혀,0.07397748398156499
전혀 없습니다,0.07397748398156499
전혀 없고 로션을,0.07397748398156499
전혀 없고,0.07397748398156499
세안용으로 자주,0.06582214496466406
세안 당김도 덜한,0.06582214496466406
선크림을,0.06582214496466406
선크림을 자주,0.06582214496466406
선크림을 자주 사용하는,0.06582214496466406
갔습니다,0.06582214496466406
갔습니다 작은,0.06582214496466406
갔습니다 작은 용량으로,0.06582214496466406
저는,0.06582214496466406
저는 가벼운,0.06582214496466406
저는 가벼운 메이크업,0.06582214496466406
편이라 건조한,0.06582214496466406
편이라 건조한 날씨에,0.06582214496466406
당김도 덜한,0.06582214496466406
당김도 덜한 느낌이었습니다,0.06582214496466406
테스트하기,0.06582214496466406
테스트하기 좋았던,0.06582214496466406
테스트하기 좋았던 제품이에요,0.06582214496466406
덜한,0.06582214496466406
편이라 그런지,0.06582214496466406
편이라 그런지 세정력은,0.06582214496466406
오일보다는,0.06582214496466406
오일보다는 부드럽고,0.06582214496466406
오일보다는 부드럽고 순한,0.06582214496466406
사용감은 확실히 오일보다는,0.06582214496466406
작지만,0.06582214496466406
작지만 처음,0.06582214496466406
작지만 처음 써보기에는,0.06582214496466406
작은 용량으로,0.06582214496466406
작은 용량으로 먼저,0.06582214496466406
자주 사용하는 편이라,0.06582214496466406
자주 손이,0.06582214496466406
자주 손이 갔습니다,0.06582214496466406
세정력은,0.06582214496466406
세정력은 클렌징오일보다는,0.06582214496466406
세정력은 클렌징오일보다는 약하게,0.06582214496466406
세안용으로 자주 손이,0.06582214496466406
처음 써보기에는 부담,0.06582214496466406
체험용으로 구매해봤어요 30ml라,0.06582214496466406
평소 진한,0.06582214496466406
평소 진한 메이크업이나,0.06582214496466406
좋았습니다 사용감은 확실히,0.06582214496466406
뽀득거리기보다는,0.06582214496466406
뽀득거리기보다는 촉촉함이,0.06582214496466406
뽀득거리기보다는 촉촉함이 남는,0.06582214496466406
손이 갔습니다 작은,0.06582214496466406
손이,0.06582214496466406
손이 갔습니다,0.06582214496466406
처음 써보기에는,0.06582214496466406
건조한 날씨에,0.06582214496466406
건조한 날씨에 괜찮더라고요,0.06582214496466406
사용하는,0.06582214496466406
사용하는 편이라,0.06582214496466406
사용하는 편이라 그런지,0.06582214496466406
사용감은 확실히,0.06582214496466406
다만,0.06582214496466406
다만 평소,0.06582214496466406
다만 평소 진한,0.06582214496466406
평소에는,0.06582214496466406
평소에는 클렌징오일,0.06582214496466406
평소에는 클렌징오일 위주로,0.06582214496466406
롤링되고,0.06582214496466406
롤링되고 세안,0.06582214496466406
롤링되고 세안 후에도,0.06582214496466406
라인이라,0.06582214496466406
라인이라 그런지,0.06582214496466406
라인이라 그런지 세안,0.06582214496466406
느낌이에요 피부,0.06582214496466406
느낌이에요 피부 위에서,0.06582214496466406
피부 위에서,0.06582214496466406
피부 위에서 미끄럽게,0.06582214496466406
피부 자극이,0.06582214496466406
피부 자극이 신경,0.06582214496466406
부드럽고 순한 느낌이에요,0.06582214496466406
부담 없어서 좋았습니다,0.06582214496466406
자주 사용하는,0.06582214496466406
자극이 신경,0.06582214496466406
자극이 신경 쓰여서,0.06582214496466406
촉촉함이 남는,0.06582214496466406
촉촉함이 남는 편이라,0.06582214496466406
부드럽고 순한,0.06582214496466406
용량은 작지만,0.06582214496466406
용량은 작지만 처음,0.06582214496466406
좋았던,0.06582214496466406
좋았던 제품이에요,0.06582214496466406
좋았습니다 사용감은,0.06582214496466406
순한 느낌이에요,0.06582214496466406
순한 느낌이에요 피부,0.06582214496466406
순하다는,0.06582214496466406
순하다는 보고,0.06582214496466406
순하다는 보고 밀크를,0.06582214496466406
구매해봤어요 30ml라,0.06582214496466406
구매해봤어요 30ml라 용량은,0.06582214496466406
괜찮더라고요,0.06582214496466406
괜찮더라고요 라인이라,0.06582214496466406
괜찮더라고요 라인이라 그런지,0.06582214496466406
신경,0.06582214496466406
신경 쓰여서,0.06582214496466406
신경 쓰여서 순하다는,0.06582214496466406
그런지 세정력은,0.06582214496466406
그런지 세정력은 클렌징오일보다는,0.06582214496466406
그래서 저는,0.06582214496466406
그래서 저는 가벼운,0.06582214496466406
있어서 피부에,0.06582214496466406
있어서 피부에 맞는지,0.06582214496466406
없어서 좋았습니다,0.06582214496466406
없어서 좋았습니다 사용감은,0.06582214496466406
느낌이었습니다,0.06582214496466406
클렌징오일보다는 약하게 느껴졌어요,0.06582214496466406
있는데 피부,0.06582214496466406
있는데 피부 자극이,0.06582214496466406
그런지 세안,0.06582214496466406
그런지 세안 당김도,0.06582214496466406
보고 밀크를,0.06582214496466406
보고 밀크를 체험용으로,0.06582214496466406
느낌이었습니다 다만,0.06582214496466406
느낌이었습니다 다만 평소,0.06582214496466406
먼저 사용해볼,0.06582214496466406
먼저 사용해볼 있어서,0.06582214496466406
클렌징오일 위주로,0.06582214496466406
클렌징오일 위주로 사용하고,0.06582214496466406
클렌징오일보다는,0.06582214496466406
클렌징오일보다는 약하게,0.06582214496466406
맞는지,0.06582214496466406
쓰여서,0.06582214496466406
써보기에는,0.06582214496466406
써보기에는 부담,0.06582214496466406
써보기에는 부담 없어서,0.06582214496466406
진한 메이크업이나,0.06582214496466406
진한 메이크업이나 선크림을,0.06582214496466406
맞는지 테스트하기,0.06582214496466406
맞는지 테스트하기 좋았던,0.06582214496466406
느껴졌어요,0.06582214496466406
느껴졌어요 그래서,0.06582214496466406
느껴졌어요 그래서 저는,0.06582214496466406
위주로,0.06582214496466406
위주로 사용하고,0.06582214496466406
위주로 사용하고 있는데,0.06582214496466406
밀크를 체험용으로 구매해봤어요,0.06582214496466406
쓰여서 순하다는,0.06582214496466406
쓰여서 순하다는 보고,0.06582214496466406
제품이에요,0.06582214496466406
미끄럽게,0.06582214496466406
미끄럽게 롤링되고,0.06582214496466406
미끄럽게 롤링되고 세안,0.06582214496466406
날이나 아침,0.06582214496466406
날이나 아침 세안용으로,0.06582214496466406
아침 세안용으로,0.06582214496466406
아침 세안용으로 자주,0.06582214496466406
밀크를 체험용으로,0.06582214496466406
약하게,0.06582214496466406
약하게 느껴졌어요,0.06582214496466406
약하게 느껴졌어요 그래서,0.06582214496466406
용량으로,0.06582214496466406
용량으로 먼저,0.06582214496466406
용량으로 먼저 사용해볼,0.06582214496466406
피부에 맞는지,0.06582214496466406
피부에 맞는지 테스트하기,0.06582214496466406
메이크업이나 선크림을,0.06582214496466406
메이크업이나 선크림을 자주,0.06582214496466406
위에서,0.06582214496466406
위에서 미끄럽게,0.06582214496466406
위에서 미끄럽게 롤링되고,0.06582214496466406
남는 편이라,0.06582214496466406
남는 편이라 건조한,0.06582214496466406
날씨에,0.06582214496466406
날씨에 괜찮더라고요,0.06582214496466406
날씨에 괜찮더라고요 라인이라,0.06582214496466406
날이나,0.06582214496466406
메이크업 날이나,0.06582214496466406
메이크업 날이나 아침,0.06582214496466406
30ml라 용량은,0.06582214496466406
후에도 뽀득거리기보다는,0.06582214496466406
후에도 뽀득거리기보다는 촉촉함이,0.06582214496466406
가벼운 메이크업,0.06582214496466406
가벼운 메이크업 날이나,0.06582214496466406
30ml라 용량은 작지만,0.06582214496466406
덜한 느낌이었습니다,0.06582214496466406
덜한 느낌이었습니다 다만,0.06582214496466406
사용해볼 있어서 피부에,0.06582214496466406
사용하고,0.06582214496466406
사용하고 있는데,0.06582214496466406
사용하고 있는데 피부,0.06582214496466406
확실히 오일보다는,0.06582214496466406
확실히 오일보다는 부드럽고,0.06582214496466406
체험용으로 구매해봤어요,0.06582214496466406
세안 후에도 뽀득거리기보다는,0.06582214496466406
세안용으로,0.06582214496466406
환경에 노출되어 예민해진,0.06343717600600314
환경에 노출되어,0.06343717600600314
환경에,0.06343717600600314
자연스럽게 녹아,0.06343717600600314
자연스럽게,0.06343717600600314
사용해보니 민감성,0.06343717600600314
사용해보니 민감성 피부도,0.06343717600600314
특히 맞았어요 무엇보다,0.06343717600600314
특히 맞았어요,0.06343717600600314
정돈된 느낌이어서 제품을,0.06343717600600314
정돈된 느낌이어서,0.06343717600600314
정돈된,0.06343717600600314
후에도 당김이 없고,0.06343717600600314
저에게 특히 맞았어요,0.06343717600600314
저에게 특히,0.06343717600600314
문지르면 메이크업이 자연스럽게,0.06343717600600314
문지르면 메이크업이,0.06343717600600314
묽은 타입이라 얼굴에,0.06343717600600314
위생적으로,0.06343717600600314
좋고 여행 용으로,0.06343717600600314
내려서,0.06343717600600314
녹아 내려서 사용감이,0.06343717600600314
녹아 내려서,0.06343717600600314
노출되어 예민해진 피부를,0.06343717600600314
모이스처 밀크를 사용해보니,0.06343717600600314
모이스처 밀크를,0.06343717600600314
모이스처,0.06343717600600314
무엇보다 성분이 함유되어,0.06343717600600314
먼저 제형이 부드럽고,0.06343717600600314
안심하고 순한,0.06343717600600314
내려서 사용감이 편안했습니다,0.06343717600600314
내려서 사용감이,0.06343717600600314
위생적으로 쓰기에도 좋고,0.06343717600600314
위생적으로 쓰기에도,0.06343717600600314
무엇보다 성분이,0.06343717600600314
무엇보다,0.06343717600600314
먼저 제형이,0.06343717600600314
메이크업이 자연스럽게 녹아,0.06343717600600314
메이크업이 자연스럽게,0.06343717600600314
노출되어 예민해진,0.06343717600600314
노출되어,0.06343717600600314
얼굴에 올렸을 자극,0.06343717600600314
밀크를 사용해보니 민감성,0.06343717600600314
밀크를 사용해보니,0.06343717600600314
제형이 부드럽고 묽은,0.06343717600600314
묽은 타입이라,0.06343717600600314
묽은,0.06343717600600314
민감성 피부도 안심하고,0.06343717600600314
민감성 피부도,0.06343717600600314
안심하고 순한 클렌저라는,0.06343717600600314
쓰거나 외부 환경에,0.06343717600600314
쓰기에도 좋고 여행,0.06343717600600314
쓰기에도 좋고,0.06343717600600314
쓰기에도,0.06343717600600314
좋고 여행,0.06343717600600314
종일 마스크를 쓰거나,0.06343717600600314
종일 마스크를,0.06343717600600314
종일,0.06343717600600314
클렌저라는 느낌이 강하게,0.06343717600600314
클렌저라는 느낌이,0.06343717600600314
클렌저라는,0.06343717600600314
안심하고,0.06343717600600314
얼굴에 올렸을,0.06343717600600314
용으로 들고 다니기에도,0.06343717600600314
피부를 진정시키는 도움을,0.06343717600600314
피부를 진정시키는,0.06343717600600314
피부를,0.06343717600600314
맞았어요 무엇보다 성분이,0.06343717600600314
맞았어요 무엇보다,0.06343717600600314
맞았어요,0.06343717600600314
제형이 부드럽고,0.06343717600600314
제형이,0.06343717600600314
쓰거나 외부,0.06343717600600314
쓰거나,0.06343717600600314
발리고 마사지하듯 문지르면,0.06343717600600314
쓰면 건조해지는 타입인,0.06343717600600314
쓰면 건조해지는,0.06343717600600314
진정시키는 도움을 주는,0.06343717600600314
진정시키는 도움을,0.06343717600600314
진정시키는,0.06343717600600314
피부도 안심하고 순한,0.06343717600600314
피부도 안심하고,0.06343717600600314
피부도,0.06343717600600314
느낌이 강하게 들었습니다,0.06343717600600314
느낌이 강하게,0.06343717600600314
주는,0.06343717600600314
없고 피부 표면이,0.06343717600600314
하루 종일 마스크를,0.06343717600600314
하루 종일,0.06343717600600314
제품을 쓰면 건조해지는,0.06343717600600314
제품을 쓰면,0.06343717600600314
발리고 마사지하듯,0.06343717600600314
발리고,0.06343717600600314
치고는 괜찮은 편이었습니다,0.06343717600600314
치고는 괜찮은,0.06343717600600314
순한 치고는 괜찮은,0.06343717600600314
순한 치고는,0.06343717600600314
없고 피부,0.06343717600600314
클렌징을 찾는,0.06343717600600314
클렌징을,0.06343717600600314
만한 제품입니다,0.06343717600600314
느낌이어서 제품을 쓰면,0.06343717600600314
느낌이어서 제품을,0.06343717600600314
느낌이어서,0.06343717600600314
느낌이 들었고 세정력도,0.06343717600600314
느낌이 들었고,0.06343717600600314
피부 표면이 부드럽게,0.06343717600600314
피부 표면이,0.06343717600600314
올렸을,0.06343717600600314
순한 클렌저라는,0.06343717600600314
있어서인지,0.06343717600600314
있어서인지 하루 종일,0.06343717600600314
있어서인지 하루,0.06343717600600314
치고는,0.06343717600600314
충분히 추천할 만한,0.06343717600600314
충분히 추천할,0.06343717600600314
괜찮은 편이었습니다 튜브형,0.06343717600600314
괜찮은 편이었습니다,0.06343717600600314
괜찮은,0.06343717600600314
찾는 분들에게 충분히,0.06343717600600314
찾는 분들에게,0.06343717600600314
순한 클렌저라는 느낌이,0.06343717600600314
없었습니다 촉촉한 클렌징을,0.06343717600600314
없었습니다 촉촉한,0.06343717600600314
클렌징을 찾는 분들에게,0.06343717600600314
주는 느낌이 들었고,0.06343717600600314
주는 느낌이,0.06343717600600314
외부 환경에 노출되어,0.06343717600600314
외부 환경에,0.06343717600600314
외부,0.06343717600600314
용기라 위생적으로 쓰기에도,0.06343717600600314
용기라 위생적으로,0.06343717600600314
용기라,0.06343717600600314
촉촉한 클렌징을 찾는,0.06343717600600314
자연스럽게 녹아 내려서,0.06343717600600314
함유되어 있어서인지 하루,0.06343717600600314
함유되어 있어서인지,0.06343717600600314
함유되어,0.06343717600600314
추천할 만한 제품입니다,0.06343717600600314
추천할 만한,0.06343717600600314
추천할,0.06343717600600314
부담이 없었습니다 촉촉한,0.06343717600600314
촉촉게 발리고 마사지하듯,0.06343717600600314
건조해지는 타입인,0.06343717600600314
건조해지는,0.06343717600600314
자극 없이 촉촉게,0.06343717600600314
촉촉한 클렌징을,0.06343717600600314
분들에게 충분히 추천할,0.06343717600600314
세정력도 순한 치고는,0.06343717600600314
세정력도 순한,0.06343717600600314
부담이 없었습니다,0.06343717600600314
부드럽게 정돈된,0.06343717600600314
부드럽고 묽은 타입이라,0.06343717600600314
부드럽고 묽은,0.06343717600600314
부드럽게 정돈된 느낌이어서,0.06343717600600314
분들에게 충분히,0.06343717600600314
분들에게,0.06343717600600314
표면이 부드럽게 정돈된,0.06343717600600314
표면이 부드럽게,0.06343717600600314
표면이,0.06343717600600314
마스크를 쓰거나 외부,0.06343717600600314
마스크를 쓰거나,0.06343717600600314
마스크를,0.06343717600600314
마사지하듯 문지르면 메이크업이,0.06343717600600314
마사지하듯 문지르면,0.06343717600600314
없이 촉촉게 발리고,0.06343717600600314
없이 촉촉게,0.06343717600600314
다니기에도 부담이 없었습니다,0.06343717600600314
다니기에도 부담이,0.06343717600600314
다니기에도,0.06343717600600314
들었습니다 먼저,0.06343717600600314
사용감이 편안했습니다 세안,0.06343717600600314
사용감이 편안했습니다,0.06343717600600314
건조해지는 타입인 저에게,0.06343717600600314
들었고 세정력도 순한,0.06343717600600314
들었고 세정력도,0.06343717600600314
들었고,0.06343717600600314
없었습니다,0.06343717600600314
올렸을 자극 없이,0.06343717600600314
올렸을 자극,0.06343717600600314
예민해진 피부를,0.06343717600600314
예민해진,0.06343717600600314
타입인 저에게 특히,0.06343717600600314
타입인 저에게,0.06343717600600314
타입인,0.06343717600600314
타입이라 얼굴에 올렸을,0.06343717600600314
타입이라 얼굴에,0.06343717600600314
촉촉게 발리고,0.06343717600600314
타입이라,0.06343717600600314
들었습니다 먼저 제형이,0.06343717600600314
편이었습니다 튜브형 용기라,0.06343717600600314
편이었습니다 튜브형,0.06343717600600314
편이었습니다,0.06343717600600314
들고 다니기에도 부담이,0.06343717600600314
들고 다니기에도,0.06343717600600314
예민해진 피부를 진정시키는,0.06343717600600314
튜브형 용기라 위생적으로,0.06343717600600314
튜브형 용기라,0.06343717600600314
튜브형,0.06343717600600314
도움을 주는 느낌이,0.06343717600600314
도움을 주는,0.06343717600600314
도움을,0.06343717600600314
당김이 없고 피부,0.06343717600600314
당김이 없고,0.06343717600600314
편안했습니다 세안 후에도,0.06343717600600314
편안했습니다 세안,0.06343717600600314
편안했습니다,0.06343717600600314
강하게 들었습니다 먼저,0.06343717600600314
강하게 들었습니다,0.06343717600600314
강하게,0.06343717600600314
성분이 함유되어 있어서인지,0.06343717600600314
성분이 함유되어,0.06343717600600314
